time,open,high,low,close
2026-02-23T11:06:00.000000000Z,154.774,154.796,154.774,154.793
2026-02-23T11:07:00.000000000Z,154.794,154.804,154.771,154.782
2026-02-23T11:08:00.000000000Z,154.782,154.804,154.780,154.803
2026-02-23T11:09:00.000000000Z,154.802,154.808,154.790,154.792
2026-02-23T11:10:00.000000000Z,154.794,154.804,154.788,154.804
2026-02-23T11:11:00.000000000Z,154.804,154.815,154.796,154.808
2026-02-23T11:12:00.000000000Z,154.810,154.827,154.808,154.826
2026-02-23T11:13:00.000000000Z,154.824,154.842,154.824,154.840
2026-02-23T11:14:00.000000000Z,154.842,154.850,154.842,154.844
2026-02-23T11:15:00.000000000Z,154.845,154.845,154.820,154.821
2026-02-23T11:16:00.000000000Z,154.821,154.822,154.802,154.814
2026-02-23T11:17:00.000000000Z,154.814,154.827,154.814,154.822
2026-02-23T11:18:00.000000000Z,154.822,154.826,154.820,154.822
2026-02-23T11:19:00.000000000Z,154.822,154.830,154.817,154.818
2026-02-23T11:20:00.000000000Z,154.818,154.822,154.808,154.817
2026-02-23T11:21:00.000000000Z,154.814,154.828,154.811,154.817
2026-02-23T11:22:00.000000000Z,154.818,154.837,154.815,154.832
2026-02-23T11:23:00.000000000Z,154.832,154.832,154.815,154.816
2026-02-23T11:24:00.000000000Z,154.816,154.818,154.797,154.798
2026-02-23T11:25:00.000000000Z,154.798,154.808,154.798,154.800
2026-02-23T11:26:00.000000000Z,154.802,154.824,154.802,154.824
2026-02-23T11:27:00.000000000Z,154.823,154.830,154.815,154.824
2026-02-23T11:28:00.000000000Z,154.824,154.854,154.824,154.852
2026-02-23T11:29:00.000000000Z,154.853,154.894,154.852,154.891
2026-02-23T11:30:00.000000000Z,154.890,154.895,154.876,154.884
2026-02-23T11:31:00.000000000Z,154.884,154.893,154.874,154.888
2026-02-23T11:32:00.000000000Z,154.887,154.930,154.886,154.916
2026-02-23T11:33:00.000000000Z,154.914,154.940,154.908,154.932
2026-02-23T11:34:00.000000000Z,154.933,154.946,154.930,154.940
2026-02-23T11:35:00.000000000Z,154.940,154.946,154.918,154.922
2026-02-23T11:36:00.000000000Z,154.923,154.933,154.916,154.920
2026-02-23T11:37:00.000000000Z,154.918,154.928,154.913,154.920
2026-02-23T11:38:00.000000000Z,154.921,154.928,154.912,154.916
2026-02-23T11:39:00.000000000Z,154.915,154.926,154.910,154.926
2026-02-23T11:40:00.000000000Z,154.924,154.938,154.920,154.925
2026-02-23T11:41:00.000000000Z,154.924,154.930,154.915,154.928
2026-02-23T11:42:00.000000000Z,154.928,154.942,154.926,154.926
2026-02-23T11:43:00.000000000Z,154.925,154.938,154.914,154.920
2026-02-23T11:44:00.000000000Z,154.921,154.930,154.918,154.925
2026-02-23T11:45:00.000000000Z,154.924,154.934,154.924,154.926
2026-02-23T11:46:00.000000000Z,154.926,154.939,154.924,154.937
2026-02-23T11:47:00.000000000Z,154.936,154.936,154.920,154.930
2026-02-23T11:48:00.000000000Z,154.932,154.937,154.902,154.904
2026-02-23T11:49:00.000000000Z,154.904,154.918,154.902,154.910
2026-02-23T11:50:00.000000000Z,154.911,154.926,154.910,154.912
2026-02-23T11:51:00.000000000Z,154.912,154.924,154.901,154.920
2026-02-23T11:52:00.000000000Z,154.920,154.927,154.892,154.898
2026-02-23T11:53:00.000000000Z,154.899,154.906,154.890,154.905
2026-02-23T11:54:00.000000000Z,154.904,154.925,154.903,154.918
2026-02-23T11:55:00.000000000Z,154.919,154.924,154.908,154.913
2026-02-23T11:56:00.000000000Z,154.912,154.921,154.911,154.915
2026-02-23T11:57:00.000000000Z,154.916,154.930,154.916,154.916
2026-02-23T11:58:00.000000000Z,154.918,154.924,154.916,154.918
2026-02-23T11:59:00.000000000Z,154.919,154.925,154.911,154.925
2026-02-23T12:00:00.000000000Z,154.928,154.986,154.928,154.966
2026-02-23T12:01:00.000000000Z,154.967,154.976,154.947,154.962
2026-02-23T12:02:00.000000000Z,154.962,154.972,154.958,154.960
2026-02-23T12:03:00.000000000Z,154.960,154.968,154.936,154.944
2026-02-23T12:04:00.000000000Z,154.944,154.974,154.943,154.973
2026-02-23T12:05:00.000000000Z,154.974,154.983,154.959,154.982
2026-02-23T12:06:00.000000000Z,154.983,154.989,154.974,154.982
2026-02-23T12:07:00.000000000Z,154.982,154.983,154.971,154.971
2026-02-23T12:08:00.000000000Z,154.970,154.986,154.968,154.972
2026-02-23T12:09:00.000000000Z,154.972,154.976,154.967,154.974
2026-02-23T12:10:00.000000000Z,154.974,154.979,154.960,154.966
2026-02-23T12:11:00.000000000Z,154.966,154.980,154.952,154.960
2026-02-23T12:12:00.000000000Z,154.961,154.962,154.942,154.954
2026-02-23T12:13:00.000000000Z,154.954,154.958,154.932,154.938
2026-02-23T12:14:00.000000000Z,154.939,154.940,154.902,154.902
2026-02-23T12:15:00.000000000Z,154.902,154.924,154.898,154.917
2026-02-23T12:16:00.000000000Z,154.916,154.930,154.914,154.914
2026-02-23T12:17:00.000000000Z,154.915,154.916,154.886,154.890
2026-02-23T12:18:00.000000000Z,154.888,154.888,154.853,154.868
2026-02-23T12:19:00.000000000Z,154.868,154.882,154.866,154.880
2026-02-23T12:20:00.000000000Z,154.880,154.901,154.878,154.900
2026-02-23T12:21:00.000000000Z,154.902,154.924,154.900,154.924
2026-02-23T12:22:00.000000000Z,154.924,154.936,154.918,154.931
2026-02-23T12:23:00.000000000Z,154.932,154.932,154.912,154.922
2026-02-23T12:24:00.000000000Z,154.921,154.950,154.920,154.948
2026-02-23T12:25:00.000000000Z,154.948,154.957,154.940,154.950
2026-02-23T12:26:00.000000000Z,154.952,155.028,154.952,155.024
2026-02-23T12:27:00.000000000Z,155.024,155.046,154.993,155.006
2026-02-23T12:28:00.000000000Z,155.006,155.032,155.004,155.014
2026-02-23T12:29:00.000000000Z,155.014,155.030,155.001,155.024
2026-02-23T12:30:00.000000000Z,155.024,155.046,155.006,155.020
2026-02-23T12:31:00.000000000Z,155.020,155.036,154.975,154.988
2026-02-23T12:32:00.000000000Z,154.988,154.996,154.968,154.978
2026-02-23T12:33:00.000000000Z,154.978,154.992,154.959,154.964
2026-02-23T12:34:00.000000000Z,154.964,154.966,154.938,154.939
2026-02-23T12:35:00.000000000Z,154.941,154.955,154.924,154.954
2026-02-23T12:36:00.000000000Z,154.953,154.995,154.953,154.991
2026-02-23T12:37:00.000000000Z,154.990,154.992,154.954,154.969
2026-02-23T12:38:00.000000000Z,154.968,154.983,154.965,154.968
2026-02-23T12:39:00.000000000Z,154.967,154.980,154.961,154.962
2026-02-23T12:40:00.000000000Z,154.960,154.982,154.958,154.980
2026-02-23T12:41:00.000000000Z,154.982,154.982,154.964,154.971
2026-02-23T12:42:00.000000000Z,154.970,154.972,154.945,154.947
2026-02-23T12:43:00.000000000Z,154.946,154.954,154.946,154.950
2026-02-23T12:44:00.000000000Z,154.951,154.958,154.940,154.940
2026-02-23T12:45:00.000000000Z,154.940,154.943,154.930,154.939
2026-02-23T12:46:00.000000000Z,154.938,154.938,154.914,154.916
2026-02-23T12:47:00.000000000Z,154.916,154.936,154.914,154.929
2026-02-23T12:48:00.000000000Z,154.930,154.930,154.902,154.902
2026-02-23T12:49:00.000000000Z,154.903,154.918,154.902,154.908
2026-02-23T12:50:00.000000000Z,154.908,154.913,154.903,154.903
2026-02-23T12:51:00.000000000Z,154.902,154.906,154.884,154.889
2026-02-23T12:52:00.000000000Z,154.888,154.888,154.868,154.888
2026-02-23T12:53:00.000000000Z,154.887,154.890,154.879,154.883
2026-02-23T12:54:00.000000000Z,154.882,154.902,154.880,154.898
2026-02-23T12:55:00.000000000Z,154.898,154.941,154.898,154.940
2026-02-23T12:56:00.000000000Z,154.939,154.962,154.936,154.962
2026-02-23T12:57:00.000000000Z,154.962,154.962,154.910,154.910
2026-02-23T12:58:00.000000000Z,154.909,154.918,154.902,154.902
2026-02-23T12:59:00.000000000Z,154.902,154.904,154.892,154.900
2026-02-23T13:00:00.000000000Z,154.902,154.955,154.890,154.892
2026-02-23T13:01:00.000000000Z,154.892,154.933,154.888,154.908
2026-02-23T13:02:00.000000000Z,154.909,154.910,154.868,154.880
2026-02-23T13:03:00.000000000Z,154.880,154.900,154.857,154.865
2026-02-23T13:04:00.000000000Z,154.865,154.903,154.862,154.896
2026-02-23T13:05:00.000000000Z,154.895,154.896,154.853,154.854
2026-02-23T13:06:00.000000000Z,154.852,154.860,154.821,154.836
2026-02-23T13:07:00.000000000Z,154.836,154.848,154.834,154.835
2026-02-23T13:08:00.000000000Z,154.834,154.838,154.818,154.825
2026-02-23T13:09:00.000000000Z,154.826,154.828,154.814,154.818
2026-02-23T13:10:00.000000000Z,154.819,154.832,154.805,154.808
2026-02-23T13:11:00.000000000Z,154.809,154.812,154.796,154.802
2026-02-23T13:12:00.000000000Z,154.802,154.820,154.796,154.806
2026-02-23T13:13:00.000000000Z,154.804,154.811,154.792,154.801
2026-02-23T13:14:00.000000000Z,154.800,154.812,154.800,154.810
2026-02-23T13:15:00.000000000Z,154.812,154.832,154.812,154.821
2026-02-23T13:16:00.000000000Z,154.822,154.823,154.788,154.788
2026-02-23T13:17:00.000000000Z,154.787,154.790,154.738,154.740
2026-02-23T13:18:00.000000000Z,154.734,154.734,154.701,154.728
2026-02-23T13:19:00.000000000Z,154.728,154.732,154.700,154.718
2026-02-23T13:20:00.000000000Z,154.718,154.722,154.698,154.714
2026-02-23T13:21:00.000000000Z,154.711,154.714,154.700,154.704
2026-02-23T13:22:00.000000000Z,154.704,154.733,154.702,154.726
2026-02-23T13:23:00.000000000Z,154.726,154.740,154.725,154.733
2026-02-23T13:24:00.000000000Z,154.731,154.732,154.712,154.729
2026-02-23T13:25:00.000000000Z,154.728,154.763,154.718,154.761
2026-02-23T13:26:00.000000000Z,154.760,154.772,154.748,154.768
2026-02-23T13:27:00.000000000Z,154.765,154.765,154.745,154.745
2026-02-23T13:28:00.000000000Z,154.746,154.746,154.703,154.706
2026-02-23T13:29:00.000000000Z,154.708,154.713,154.700,154.704
2026-02-23T13:30:00.000000000Z,154.704,154.704,154.639,154.652
2026-02-23T13:31:00.000000000Z,154.652,154.676,154.648,154.663
2026-02-23T13:32:00.000000000Z,154.662,154.665,154.624,154.624
2026-02-23T13:33:00.000000000Z,154.624,154.648,154.624,154.626
2026-02-23T13:34:00.000000000Z,154.626,154.628,154.599,154.608
2026-02-23T13:35:00.000000000Z,154.608,154.617,154.576,154.578
2026-02-23T13:36:00.000000000Z,154.578,154.606,154.566,154.600
2026-02-23T13:37:00.000000000Z,154.599,154.606,154.582,154.604
2026-02-23T13:38:00.000000000Z,154.606,154.608,154.570,154.583
2026-02-23T13:39:00.000000000Z,154.586,154.628,154.586,154.606
2026-02-23T13:40:00.000000000Z,154.606,154.631,154.600,154.612
2026-02-23T13:41:00.000000000Z,154.612,154.618,154.593,154.616
2026-02-23T13:42:00.000000000Z,154.615,154.626,154.598,154.602
2026-02-23T13:43:00.000000000Z,154.601,154.606,154.592,154.593
2026-02-23T13:44:00.000000000Z,154.592,154.600,154.582,154.596
2026-02-23T13:45:00.000000000Z,154.596,154.636,154.594,154.635
2026-02-23T13:46:00.000000000Z,154.636,154.637,154.610,154.624
2026-02-23T13:47:00.000000000Z,154.624,154.640,154.608,154.608
2026-02-23T13:48:00.000000000Z,154.610,154.634,154.610,154.629
2026-02-23T13:49:00.000000000Z,154.630,154.637,154.619,154.632
2026-02-23T13:50:00.000000000Z,154.634,154.682,154.634,154.670
2026-02-23T13:51:00.000000000Z,154.672,154.686,154.660,154.677
2026-02-23T13:52:00.000000000Z,154.678,154.687,154.652,154.662
2026-02-23T13:53:00.000000000Z,154.664,154.673,154.652,154.668
2026-02-23T13:54:00.000000000Z,154.667,154.688,154.666,154.674
2026-02-23T13:55:00.000000000Z,154.673,154.676,154.656,154.668
2026-02-23T13:56:00.000000000Z,154.668,154.670,154.638,154.655
2026-02-23T13:57:00.000000000Z,154.654,154.658,154.607,154.608
2026-02-23T13:58:00.000000000Z,154.607,154.628,154.603,154.626
2026-02-23T13:59:00.000000000Z,154.624,154.653,154.614,154.622
2026-02-23T14:00:00.000000000Z,154.622,154.626,154.580,154.590
2026-02-23T14:01:00.000000000Z,154.591,154.612,154.586,154.607
2026-02-23T14:02:00.000000000Z,154.608,154.644,154.593,154.619
2026-02-23T14:03:00.000000000Z,154.619,154.640,154.616,154.640
2026-02-23T14:04:00.000000000Z,154.641,154.677,154.635,154.652
2026-02-23T14:05:00.000000000Z,154.648,154.657,154.638,154.651
2026-02-23T14:06:00.000000000Z,154.652,154.658,154.632,154.642
2026-02-23T14:07:00.000000000Z,154.642,154.642,154.610,154.616
2026-02-23T14:08:00.000000000Z,154.616,154.628,154.604,154.626
2026-02-23T14:09:00.000000000Z,154.626,154.627,154.606,154.615
2026-02-23T14:10:00.000000000Z,154.614,154.632,154.602,154.629
2026-02-23T14:11:00.000000000Z,154.628,154.677,154.628,154.674
2026-02-23T14:12:00.000000000Z,154.673,154.674,154.658,154.658
2026-02-23T14:13:00.000000000Z,154.660,154.666,154.654,154.654
2026-02-23T14:14:00.000000000Z,154.653,154.664,154.636,154.639
2026-02-23T14:15:00.000000000Z,154.640,154.641,154.615,154.616
2026-02-23T14:16:00.000000000Z,154.616,154.616,154.597,154.607
2026-02-23T14:17:00.000000000Z,154.606,154.634,154.604,154.630
2026-02-23T14:18:00.000000000Z,154.629,154.632,154.626,154.628
2026-02-23T14:19:00.000000000Z,154.628,154.658,154.628,154.657
2026-02-23T14:20:00.000000000Z,154.658,154.680,154.655,154.680
2026-02-23T14:21:00.000000000Z,154.680,154.690,154.665,154.678
2026-02-23T14:22:00.000000000Z,154.678,154.698,154.678,154.690
2026-02-23T14:23:00.000000000Z,154.690,154.712,154.690,154.712
2026-02-23T14:24:00.000000000Z,154.712,154.744,154.712,154.744
2026-02-23T14:25:00.000000000Z,154.744,154.756,154.734,154.752
2026-02-23T14:26:00.000000000Z,154.752,154.772,154.746,154.772
2026-02-23T14:27:00.000000000Z,154.773,154.779,154.770,154.776
2026-02-23T14:28:00.000000000Z,154.777,154.777,154.759,154.769
2026-02-23T14:29:00.000000000Z,154.770,154.771,154.758,154.759
2026-02-23T14:30:00.000000000Z,154.760,154.818,154.759,154.816
2026-02-23T14:31:00.000000000Z,154.816,154.826,154.736,154.739
2026-02-23T14:32:00.000000000Z,154.740,154.748,154.704,154.724
2026-02-23T14:33:00.000000000Z,154.725,154.765,154.724,154.732
2026-02-23T14:34:00.000000000Z,154.734,154.772,154.728,154.751
2026-02-23T14:35:00.000000000Z,154.750,154.761,154.703,154.704
2026-02-23T14:36:00.000000000Z,154.704,154.712,154.671,154.672
2026-02-23T14:37:00.000000000Z,154.674,154.691,154.670,154.688
2026-02-23T14:38:00.000000000Z,154.687,154.692,154.662,154.677
2026-02-23T14:39:00.000000000Z,154.678,154.688,154.661,154.665
2026-02-23T14:40:00.000000000Z,154.666,154.672,154.624,154.625
2026-02-23T14:41:00.000000000Z,154.624,154.666,154.624,154.640
2026-02-23T14:42:00.000000000Z,154.640,154.662,154.626,154.630
2026-02-23T14:43:00.000000000Z,154.630,154.658,154.625,154.652
2026-02-23T14:44:00.000000000Z,154.653,154.670,154.641,154.666
2026-02-23T14:45:00.000000000Z,154.667,154.678,154.648,154.672
2026-02-23T14:46:00.000000000Z,154.672,154.687,154.646,154.676
2026-02-23T14:47:00.000000000Z,154.674,154.676,154.637,154.652
2026-02-23T14:48:00.000000000Z,154.653,154.666,154.627,154.642
2026-02-23T14:49:00.000000000Z,154.643,154.644,154.618,154.628
2026-02-23T14:50:00.000000000Z,154.628,154.630,154.592,154.612
2026-02-23T14:51:00.000000000Z,154.612,154.614,154.568,154.581
2026-02-23T14:52:00.000000000Z,154.583,154.630,154.567,154.629
2026-02-23T14:53:00.000000000Z,154.628,154.642,154.618,154.624
2026-02-23T14:54:00.000000000Z,154.622,154.644,154.615,154.630
2026-02-23T14:55:00.000000000Z,154.630,154.641,154.619,154.620
2026-02-23T14:56:00.000000000Z,154.620,154.621,154.582,154.588
2026-02-23T14:57:00.000000000Z,154.588,154.592,154.570,154.570
2026-02-23T14:58:00.000000000Z,154.571,154.602,154.571,154.584
2026-02-23T14:59:00.000000000Z,154.583,154.586,154.546,154.551
2026-02-23T15:00:00.000000000Z,154.549,154.555,154.517,154.517
2026-02-23T15:01:00.000000000Z,154.518,154.521,154.484,154.497
2026-02-23T15:02:00.000000000Z,154.496,154.517,154.483,154.512
2026-02-23T15:03:00.000000000Z,154.510,154.546,154.502,154.534
2026-02-23T15:04:00.000000000Z,154.536,154.554,154.496,154.497
2026-02-23T15:05:00.000000000Z,154.496,154.510,154.472,154.472
2026-02-23T15:06:00.000000000Z,154.468,154.473,154.446,154.457
2026-02-23T15:07:00.000000000Z,154.456,154.474,154.450,154.462
2026-02-23T15:08:00.000000000Z,154.461,154.462,154.418,154.420
2026-02-23T15:09:00.000000000Z,154.420,154.426,154.400,154.401
2026-02-23T15:10:00.000000000Z,154.402,154.402,154.363,154.363
2026-02-23T15:11:00.000000000Z,154.364,154.391,154.363,154.368
2026-02-23T15:12:00.000000000Z,154.367,154.396,154.367,154.387
2026-02-23T15:13:00.000000000Z,154.386,154.404,154.356,154.395
2026-02-23T15:14:00.000000000Z,154.394,154.402,154.380,154.392
2026-02-23T15:15:00.000000000Z,154.394,154.409,154.388,154.406
2026-02-23T15:16:00.000000000Z,154.406,154.406,154.382,154.390
2026-02-23T15:17:00.000000000Z,154.390,154.404,154.383,154.401
2026-02-23T15:18:00.000000000Z,154.402,154.431,154.400,154.408
2026-02-23T15:19:00.000000000Z,154.409,154.430,154.398,154.429
2026-02-23T15:20:00.000000000Z,154.424,154.424,154.396,154.418
2026-02-23T15:21:00.000000000Z,154.418,154.430,154.418,154.430
2026-02-23T15:22:00.000000000Z,154.430,154.440,154.416,154.417
2026-02-23T15:23:00.000000000Z,154.416,154.421,154.404,154.420
2026-02-23T15:24:00.000000000Z,154.419,154.455,154.419,154.452
2026-02-23T15:25:00.000000000Z,154.453,154.480,154.446,154.478
2026-02-23T15:26:00.000000000Z,154.478,154.478,154.452,154.467
2026-02-23T15:27:00.000000000Z,154.466,154.468,154.452,154.454
2026-02-23T15:28:00.000000000Z,154.453,154.454,154.399,154.436
2026-02-23T15:29:00.000000000Z,154.432,154.432,154.414,154.426
2026-02-23T15:30:00.000000000Z,154.426,154.437,154.402,154.424
2026-02-23T15:31:00.000000000Z,154.424,154.486,154.410,154.476
2026-02-23T15:32:00.000000000Z,154.475,154.478,154.430,154.450
2026-02-23T15:33:00.000000000Z,154.450,154.462,154.439,154.442
2026-02-23T15:34:00.000000000Z,154.442,154.512,154.435,154.511
2026-02-23T15:35:00.000000000Z,154.512,154.522,154.498,154.504
2026-02-23T15:36:00.000000000Z,154.503,154.522,154.496,154.508
2026-02-23T15:37:00.000000000Z,154.508,154.528,154.499,154.502
2026-02-23T15:38:00.000000000Z,154.501,154.502,154.482,154.493
2026-02-23T15:39:00.000000000Z,154.494,154.504,154.485,154.498
2026-02-23T15:40:00.000000000Z,154.498,154.500,154.461,154.462
2026-02-23T15:41:00.000000000Z,154.461,154.466,154.448,154.462
2026-02-23T15:42:00.000000000Z,154.462,154.530,154.462,154.508
2026-02-23T15:43:00.000000000Z,154.508,154.513,154.480,154.488
2026-02-23T15:44:00.000000000Z,154.488,154.492,154.451,154.492
2026-02-23T15:45:00.000000000Z,154.492,154.504,154.472,154.472
2026-02-23T15:46:00.000000000Z,154.472,154.486,154.460,154.461
2026-02-23T15:47:00.000000000Z,154.462,154.468,154.399,154.408
2026-02-23T15:48:00.000000000Z,154.411,154.424,154.400,154.409
2026-02-23T15:49:00.000000000Z,154.411,154.468,154.411,154.468
2026-02-23T15:50:00.000000000Z,154.466,154.503,154.444,154.476
2026-02-23T15:51:00.000000000Z,154.475,154.486,154.426,154.426
2026-02-23T15:52:00.000000000Z,154.425,154.428,154.382,154.390
2026-02-23T15:53:00.000000000Z,154.390,154.416,154.376,154.388
2026-02-23T15:54:00.000000000Z,154.388,154.422,154.384,154.400
2026-02-23T15:55:00.000000000Z,154.400,154.432,154.380,154.415
2026-02-23T15:56:00.000000000Z,154.417,154.424,154.382,154.383
2026-02-23T15:57:00.000000000Z,154.384,154.422,154.380,154.412
2026-02-23T15:58:00.000000000Z,154.412,154.425,154.408,154.417
2026-02-23T15:59:00.000000000Z,154.417,154.430,154.410,154.428
2026-02-23T16:00:00.000000000Z,154.429,154.447,154.424,154.441
2026-02-23T16:01:00.000000000Z,154.443,154.448,154.420,154.430
2026-02-23T16:02:00.000000000Z,154.430,154.435,154.384,154.392
2026-02-23T16:03:00.000000000Z,154.392,154.430,154.384,154.414
2026-02-23T16:04:00.000000000Z,154.414,154.430,154.383,154.408
2026-02-23T16:05:00.000000000Z,154.407,154.440,154.389,154.430
2026-02-23T16:06:00.000000000Z,154.430,154.466,154.423,154.456
2026-02-23T16:07:00.000000000Z,154.454,154.467,154.450,154.453
2026-02-23T16:08:00.000000000Z,154.452,154.475,154.439,154.463
2026-02-23T16:09:00.000000000Z,154.464,154.466,154.437,154.437
2026-02-23T16:10:00.000000000Z,154.438,154.456,154.420,154.451
2026-02-23T16:11:00.000000000Z,154.448,154.476,154.442,154.474
2026-02-23T16:12:00.000000000Z,154.472,154.472,154.444,154.453
2026-02-23T16:13:00.000000000Z,154.452,154.462,154.424,154.426
2026-02-23T16:14:00.000000000Z,154.426,154.426,154.389,154.418
2026-02-23T16:15:00.000000000Z,154.419,154.448,154.416,154.440
2026-02-23T16:16:00.000000000Z,154.440,154.441,154.410,154.412
2026-02-23T16:17:00.000000000Z,154.413,154.423,154.390,154.403
2026-02-23T16:18:00.000000000Z,154.402,154.415,154.378,154.396
2026-02-23T16:19:00.000000000Z,154.394,154.396,154.372,154.380
2026-02-23T16:20:00.000000000Z,154.380,154.388,154.377,154.388
2026-02-23T16:21:00.000000000Z,154.386,154.390,154.379,154.384
2026-02-23T16:22:00.000000000Z,154.384,154.413,154.381,154.404
2026-02-23T16:23:00.000000000Z,154.404,154.404,154.373,154.392
2026-02-23T16:24:00.000000000Z,154.391,154.395,154.358,154.369
2026-02-23T16:25:00.000000000Z,154.368,154.368,154.324,154.334
2026-02-23T16:26:00.000000000Z,154.334,154.354,154.332,154.348
2026-02-23T16:27:00.000000000Z,154.349,154.352,154.332,154.334
2026-02-23T16:28:00.000000000Z,154.333,154.343,154.320,154.340
2026-02-23T16:29:00.000000000Z,154.341,154.366,154.336,154.364
2026-02-23T16:30:00.000000000Z,154.363,154.377,154.343,154.370
2026-02-23T16:31:00.000000000Z,154.369,154.394,154.364,154.378
2026-02-23T16:32:00.000000000Z,154.378,154.416,154.378,154.398
2026-02-23T16:33:00.000000000Z,154.396,154.397,154.366,154.368
2026-02-23T16:34:00.000000000Z,154.368,154.368,154.353,154.366
2026-02-23T16:35:00.000000000Z,154.367,154.378,154.344,154.354
2026-02-23T16:36:00.000000000Z,154.354,154.354,154.328,154.332
2026-02-23T16:37:00.000000000Z,154.332,154.360,154.332,154.351
2026-02-23T16:38:00.000000000Z,154.352,154.355,154.342,154.346
2026-02-23T16:39:00.000000000Z,154.346,154.346,154.322,154.322
2026-02-23T16:40:00.000000000Z,154.323,154.323,154.280,154.282
2026-02-23T16:41:00.000000000Z,154.283,154.299,154.274,154.298
2026-02-23T16:42:00.000000000Z,154.298,154.306,154.289,154.292
2026-02-23T16:43:00.000000000Z,154.293,154.324,154.288,154.288
2026-02-23T16:44:00.000000000Z,154.288,154.324,154.287,154.315
2026-02-23T16:45:00.000000000Z,154.312,154.332,154.308,154.318
2026-02-23T16:46:00.000000000Z,154.318,154.325,154.318,154.321
2026-02-23T16:47:00.000000000Z,154.320,154.324,154.311,154.319
2026-02-23T16:48:00.000000000Z,154.318,154.334,154.311,154.327
2026-02-23T16:49:00.000000000Z,154.326,154.332,154.318,154.330
2026-02-23T16:50:00.000000000Z,154.328,154.332,154.318,154.324
2026-02-23T16:51:00.000000000Z,154.322,154.324,154.310,154.318
2026-02-23T16:52:00.000000000Z,154.318,154.336,154.310,154.334
2026-02-23T16:53:00.000000000Z,154.334,154.346,154.332,154.346
2026-02-23T16:54:00.000000000Z,154.346,154.351,154.338,154.346
2026-02-23T16:55:00.000000000Z,154.346,154.346,154.332,154.340
2026-02-23T16:56:00.000000000Z,154.340,154.340,154.299,154.300
2026-02-23T16:57:00.000000000Z,154.300,154.331,154.298,154.329
2026-02-23T16:58:00.000000000Z,154.330,154.336,154.320,154.332
2026-02-23T16:59:00.000000000Z,154.332,154.332,154.300,154.303
2026-02-23T17:00:00.000000000Z,154.302,154.303,154.282,154.284
2026-02-23T17:01:00.000000000Z,154.284,154.294,154.274,154.278
2026-02-23T17:02:00.000000000Z,154.279,154.298,154.278,154.298
2026-02-23T17:03:00.000000000Z,154.297,154.297,154.283,154.296
2026-02-23T17:04:00.000000000Z,154.298,154.304,154.255,154.258
2026-02-23T17:05:00.000000000Z,154.256,154.262,154.251,154.257
2026-02-23T17:06:00.000000000Z,154.256,154.258,154.225,154.232
2026-02-23T17:07:00.000000000Z,154.232,154.273,154.230,154.251
2026-02-23T17:08:00.000000000Z,154.251,154.252,154.222,154.244
2026-02-23T17:09:00.000000000Z,154.244,154.271,154.238,154.271
2026-02-23T17:10:00.000000000Z,154.272,154.278,154.256,154.261
2026-02-23T17:11:00.000000000Z,154.262,154.278,154.254,154.266
2026-02-23T17:12:00.000000000Z,154.265,154.284,154.258,154.281
2026-02-23T17:13:00.000000000Z,154.282,154.291,154.280,154.284
2026-02-23T17:14:00.000000000Z,154.284,154.284,154.268,154.282
2026-02-23T17:15:00.000000000Z,154.283,154.294,154.280,154.294
2026-02-23T17:16:00.000000000Z,154.294,154.298,154.292,154.296
2026-02-23T17:17:00.000000000Z,154.298,154.302,154.286,154.293
2026-02-23T17:18:00.000000000Z,154.292,154.297,154.278,154.280
2026-02-23T17:19:00.000000000Z,154.280,154.280,154.274,154.274
2026-02-23T17:20:00.000000000Z,154.274,154.288,154.270,154.282
2026-02-23T17:21:00.000000000Z,154.282,154.295,154.276,154.280
2026-02-23T17:22:00.000000000Z,154.280,154.320,154.280,154.320
2026-02-23T17:23:00.000000000Z,154.320,154.339,154.318,154.319
2026-02-23T17:24:00.000000000Z,154.318,154.318,154.300,154.302
2026-02-23T17:25:00.000000000Z,154.304,154.322,154.298,154.320
2026-02-23T17:26:00.000000000Z,154.320,154.336,154.319,154.326
2026-02-23T17:27:00.000000000Z,154.326,154.334,154.317,154.330
2026-02-23T17:28:00.000000000Z,154.332,154.339,154.320,154.320
2026-02-23T17:29:00.000000000Z,154.321,154.324,154.309,154.310
2026-02-23T17:30:00.000000000Z,154.309,154.330,154.306,154.330
2026-02-23T17:31:00.000000000Z,154.328,154.358,154.328,154.338
2026-02-23T17:32:00.000000000Z,154.336,154.358,154.336,154.358
2026-02-23T17:33:00.000000000Z,154.359,154.372,154.358,154.371
2026-02-23T17:34:00.000000000Z,154.372,154.381,154.368,154.368
2026-02-23T17:35:00.000000000Z,154.368,154.394,154.368,154.384
2026-02-23T17:36:00.000000000Z,154.386,154.392,154.382,154.384
2026-02-23T17:37:00.000000000Z,154.384,154.384,154.358,154.359
2026-02-23T17:38:00.000000000Z,154.360,154.380,154.360,154.368
2026-02-23T17:39:00.000000000Z,154.370,154.372,154.369,154.371
2026-02-23T17:40:00.000000000Z,154.370,154.372,154.362,154.369
2026-02-23T17:41:00.000000000Z,154.368,154.380,154.358,154.370
2026-02-23T17:42:00.000000000Z,154.372,154.382,154.370,154.380
2026-02-23T17:43:00.000000000Z,154.380,154.403,154.378,154.397
2026-02-23T17:44:00.000000000Z,154.396,154.419,154.386,154.393
2026-02-23T17:45:00.000000000Z,154.394,154.396,154.381,154.396
2026-02-23T17:46:00.000000000Z,154.394,154.406,154.394,154.398
2026-02-23T17:47:00.000000000Z,154.398,154.410,154.398,154.406
2026-02-23T17:48:00.000000000Z,154.405,154.408,154.380,154.384
2026-02-23T17:49:00.000000000Z,154.383,154.396,154.380,154.390
2026-02-23T17:50:00.000000000Z,154.388,154.394,154.368,154.381
2026-02-23T17:51:00.000000000Z,154.380,154.404,154.379,154.394
2026-02-23T17:52:00.000000000Z,154.394,154.395,154.377,154.379
2026-02-23T17:53:00.000000000Z,154.381,154.381,154.368,154.368
2026-02-23T17:54:00.000000000Z,154.369,154.374,154.368,154.370
2026-02-23T17:55:00.000000000Z,154.371,154.380,154.358,154.378
2026-02-23T17:56:00.000000000Z,154.378,154.390,154.370,154.384
2026-02-23T17:57:00.000000000Z,154.384,154.396,154.374,154.378
2026-02-23T17:58:00.000000000Z,154.377,154.399,154.377,154.398
2026-02-23T17:59:00.000000000Z,154.398,154.402,154.391,154.392
2026-02-23T18:00:00.000000000Z,154.392,154.407,154.391,154.399
2026-02-23T18:01:00.000000000Z,154.400,154.417,154.392,154.408
2026-02-23T18:02:00.000000000Z,154.408,154.431,154.407,154.428
2026-02-23T18:03:00.000000000Z,154.429,154.429,154.406,154.414
2026-02-23T18:04:00.000000000Z,154.414,154.430,154.410,154.426
2026-02-23T18:05:00.000000000Z,154.426,154.440,154.421,154.437
2026-02-23T18:06:00.000000000Z,154.438,154.440,154.437,154.438
2026-02-23T18:07:00.000000000Z,154.438,154.438,154.404,154.412
2026-02-23T18:08:00.000000000Z,154.411,154.426,154.411,154.424
2026-02-23T18:09:00.000000000Z,154.425,154.426,154.411,154.412
2026-02-23T18:10:00.000000000Z,154.412,154.418,154.410,154.414
2026-02-23T18:11:00.000000000Z,154.417,154.422,154.412,154.414
2026-02-23T18:12:00.000000000Z,154.414,154.475,154.412,154.474
2026-02-23T18:13:00.000000000Z,154.474,154.488,154.472,154.485
2026-02-23T18:14:00.000000000Z,154.486,154.512,154.484,154.511
2026-02-23T18:15:00.000000000Z,154.510,154.510,154.476,154.492
2026-02-23T18:16:00.000000000Z,154.489,154.524,154.489,154.522
2026-02-23T18:17:00.000000000Z,154.522,154.534,154.510,154.524
2026-02-23T18:18:00.000000000Z,154.524,154.530,154.522,154.526
2026-02-23T18:19:00.000000000Z,154.526,154.528,154.526,154.528
2026-02-23T18:20:00.000000000Z,154.530,154.546,154.526,154.546
2026-02-23T18:21:00.000000000Z,154.548,154.558,154.544,154.550
2026-02-23T18:22:00.000000000Z,154.550,154.588,154.536,154.587
2026-02-23T18:23:00.000000000Z,154.586,154.589,154.568,154.572
2026-02-23T18:24:00.000000000Z,154.571,154.580,154.568,154.578
2026-02-23T18:25:00.000000000Z,154.579,154.585,154.571,154.585
2026-02-23T18:26:00.000000000Z,154.586,154.622,154.579,154.610
2026-02-23T18:27:00.000000000Z,154.610,154.624,154.601,154.620
2026-02-23T18:28:00.000000000Z,154.620,154.639,154.614,154.638
2026-02-23T18:29:00.000000000Z,154.638,154.644,154.632,154.642
2026-02-23T18:30:00.000000000Z,154.642,154.642,154.622,154.632
2026-02-23T18:31:00.000000000Z,154.634,154.635,154.616,154.618
2026-02-23T18:32:00.000000000Z,154.618,154.644,154.618,154.636
2026-02-23T18:33:00.000000000Z,154.636,154.636,154.609,154.609
2026-02-23T18:34:00.000000000Z,154.608,154.608,154.592,154.592
2026-02-23T18:35:00.000000000Z,154.593,154.596,154.575,154.578
2026-02-23T18:36:00.000000000Z,154.580,154.580,154.540,154.542
2026-02-23T18:37:00.000000000Z,154.542,154.546,154.528,154.532
2026-02-23T18:38:00.000000000Z,154.532,154.556,154.531,154.554
2026-02-23T18:39:00.000000000Z,154.555,154.556,154.535,154.538
2026-02-23T18:40:00.000000000Z,154.536,154.552,154.527,154.550
2026-02-23T18:41:00.000000000Z,154.548,154.550,154.521,154.537
2026-02-23T18:42:00.000000000Z,154.538,154.556,154.532,154.548
2026-02-23T18:43:00.000000000Z,154.547,154.548,154.534,154.544
2026-02-23T18:44:00.000000000Z,154.544,154.552,154.542,154.545
2026-02-23T18:45:00.000000000Z,154.544,154.556,154.542,154.542
2026-02-23T18:46:00.000000000Z,154.541,154.542,154.524,154.525
2026-02-23T18:47:00.000000000Z,154.528,154.534,154.522,154.530
2026-02-23T18:48:00.000000000Z,154.531,154.544,154.530,154.537
2026-02-23T18:49:00.000000000Z,154.536,154.556,154.536,154.542
2026-02-23T18:50:00.000000000Z,154.541,154.541,154.522,154.524
2026-02-23T18:51:00.000000000Z,154.523,154.530,154.513,154.516
2026-02-23T18:52:00.000000000Z,154.518,154.520,154.506,154.514
2026-02-23T18:53:00.000000000Z,154.514,154.517,154.492,154.493
2026-02-23T18:54:00.000000000Z,154.494,154.508,154.490,154.506
2026-02-23T18:55:00.000000000Z,154.507,154.507,154.494,154.500
2026-02-23T18:56:00.000000000Z,154.504,154.505,154.470,154.478
2026-02-23T18:57:00.000000000Z,154.478,154.501,154.475,154.486
2026-02-23T18:58:00.000000000Z,154.484,154.496,154.484,154.495
2026-02-23T18:59:00.000000000Z,154.496,154.498,154.485,154.497
2026-02-23T19:00:00.000000000Z,154.499,154.540,154.499,154.536
2026-02-23T19:01:00.000000000Z,154.534,154.548,154.534,154.545
2026-02-23T19:02:00.000000000Z,154.546,154.548,154.536,154.536
2026-02-23T19:03:00.000000000Z,154.534,154.543,154.527,154.535
2026-02-23T19:04:00.000000000Z,154.534,154.550,154.534,154.540
2026-02-23T19:05:00.000000000Z,154.539,154.540,154.527,154.527
2026-02-23T19:06:00.000000000Z,154.526,154.534,154.520,154.530
2026-02-23T19:07:00.000000000Z,154.530,154.532,154.523,154.524
2026-02-23T19:08:00.000000000Z,154.524,154.532,154.522,154.522
2026-02-23T19:09:00.000000000Z,154.522,154.524,154.506,154.506
2026-02-23T19:10:00.000000000Z,154.507,154.513,154.498,154.502
2026-02-23T19:11:00.000000000Z,154.502,154.504,154.492,154.494
2026-02-23T19:12:00.000000000Z,154.494,154.496,154.486,154.489
2026-02-23T19:13:00.000000000Z,154.489,154.498,154.487,154.494
2026-02-23T19:14:00.000000000Z,154.496,154.496,154.483,154.486
2026-02-23T19:15:00.000000000Z,154.485,154.486,154.484,154.486
2026-02-23T19:16:00.000000000Z,154.486,154.500,154.486,154.498
2026-02-23T19:17:00.000000000Z,154.499,154.522,154.498,154.522
2026-02-23T19:18:00.000000000Z,154.522,154.522,154.517,154.521
2026-02-23T19:19:00.000000000Z,154.522,154.522,154.509,154.518
2026-02-23T19:20:00.000000000Z,154.516,154.522,154.510,154.512
2026-02-23T19:21:00.000000000Z,154.512,154.525,154.512,154.524
2026-02-23T19:22:00.000000000Z,154.524,154.556,154.524,154.548
2026-02-23T19:23:00.000000000Z,154.548,154.554,154.534,154.538
2026-02-23T19:24:00.000000000Z,154.538,154.547,154.538,154.546
2026-02-23T19:25:00.000000000Z,154.545,154.545,154.534,154.540
