ema5,ema9,ema21,signal_rate,signals,precision,capture,quality,horizon_bars,target_pips
0.55,0.28,0.18,0.3006461421512733,15029,0.41007385720939515,0.15662803700315137,0.4099963201512424,8,1.2
0.55,0.22,0.18,0.30078617295805077,15036,0.41008246874168663,0.15670427976008947,0.4099881279867205,8,1.2
0.55,0.18,0.18,0.3008261817599872,15038,0.41002792924591036,0.15670427976008947,0.4099287874347119,8,1.2
0.55,0.45,0.12,0.29814559203024665,14904,0.4098899624261943,0.15525566737826574,0.40966743346982387,8,1.2
0.55,0.35,0.18,0.2996259177018944,14978,0.40966751235144877,0.15594185219070855,0.4096226224756761,8,1.2
0.55,0.45,0.15,0.29332453139690734,14663,0.41042078701493556,0.1529429704178103,0.4096197307825644,8,1.2
0.45,0.45,0.22,0.29918582088059376,14956,0.40966836052420436,0.15571312391989428,0.4095706590298756,8,1.2
0.55,0.45,0.1,0.3004460981415911,15019,0.40961448831480124,0.1563484802277117,0.40956095653781033,8,1.2
0.55,0.55,0.05,0.2628178199203825,13138,0.4139138377226366,0.13820270407644608,0.40945197611308254,8,1.2
0.55,0.55,0.1,0.2602572565964512,13010,0.41414296694850117,0.13693199146081123,0.4093738377400753,8,1.2
0.55,0.55,0.08,0.26137750305067114,13066,0.4139752028164702,0.13746569075937787,0.4093405031825508,8,1.2
0.55,0.55,0.12,0.25895697053351735,12945,0.41405948242564694,0.1362203923960557,0.409134318889669,8,1.2
0.35,0.35,0.35,0.26225769669327254,13110,0.41365369946605646,0.1378214902917556,0.4091246230692492,8,1.2
0.55,0.45,0.08,0.3026665866490628,15130,0.40931923331130204,0.15739046457253228,0.4089992429134145,8,1.2
0.45,0.35,0.28,0.287003140690952,14347,0.4105387885969192,0.1496899461217851,0.4089791654798335,8,1.2
0.55,0.55,0.15,0.25657644681830005,12826,0.4141587400592546,0.13500050828504626,0.40894791367745065,8,1.2
0.45,0.28,0.28,0.28770329472483946,14382,0.410374078709498,0.14999491714953747,0.4088984740764787,8,1.2
0.55,0.22,0.22,0.28504270939606713,14249,0.41055512667555616,0.14867337602927722,0.40876025180308423,8,1.2
0.55,0.28,0.22,0.2849626917921943,14245,0.41053001053001054,0.14862254752465182,0.40872553354507385,8,1.2
0.45,0.45,0.18,0.310108223809238,15502,0.4098825957940911,0.1614821591948765,0.4086696089369825,8,1.2
0.55,0.45,0.05,0.3052871631758987,15261,0.4092785531747592,0.1587374199451052,0.40864409359365134,8,1.2
0.55,0.22,0.15,0.311328492268299,15563,0.40988241341643644,0.1621175155026939,0.40852299434424055,8,1.2
0.45,0.45,0.15,0.31678969373262117,15836,0.4105203334175297,0.16521805428484293,0.40850557016961514,8,1.2
0.55,0.28,0.15,0.3111284482586169,15553,0.40982447116311965,0.16199044424113043,0.40848905737208563,8,1.2
0.55,0.15,0.15,0.31136850107023545,15565,0.40982974622550594,0.1621175155026939,0.4084655260970777,8,1.2
0.55,0.18,0.15,0.31136850107023545,15565,0.40982974622550594,0.1621175155026939,0.4084655260970777,8,1.2
0.55,0.55,0.18,0.2533157294604813,12663,0.41396193634999606,0.13322151062315746,0.4083598238852538,8,1.2
0.55,0.45,0.18,0.28676308787933347,14335,0.4099058249040809,0.14933414658940733,0.40831739544960094,8,1.2
0.55,0.35,0.22,0.2844425773670207,14219,0.4101554258386666,0.14821591948764867,0.4082885351227091,8,1.2
0.55,0.35,0.15,0.30938806537438235,15466,0.4092202250096987,0.16084680288705908,0.4080936571647728,8,1.2
0.35,0.35,0.28,0.3109684130508712,15545,0.40939208748793826,0.16173630171800346,0.4080758779218337,8,1.2
0.45,0.45,0.28,0.2766208565884495,13828,0.41083309227654036,0.14437836738843143,0.4080275950671543,8,1.2
0.7,0.28,0.05,0.2597571465722459,12985,0.41278398151713513,0.1362203923960557,0.40795483910580466,8,1.2
0.7,0.12,0.05,0.25997719498289623,12996,0.4126654355186211,0.1362966351529938,0.4078626989165687,8,1.2
0.7,0.05,0.05,0.25999719938386445,12997,0.41263368469646844,0.1362966351529938,0.4078333486225322,8,1.2
0.7,0.08,0.05,0.25999719938386445,12997,0.41263368469646844,0.1362966351529938,0.4078333486225322,8,1.2
0.7,0.1,0.05,0.25999719938386445,12997,0.41263368469646844,0.1362966351529938,0.4078333486225322,8,1.2
0.7,0.22,0.05,0.2598971773790234,12992,0.4126385467980296,0.1362458066483684,0.4078262080835124,8,1.2
0.7,0.15,0.05,0.259957190581928,12995,0.4126202385532897,0.1362712209006811,0.4078151014231211,8,1.2
0.7,0.18,0.05,0.259957190581928,12995,0.4126202385532897,0.1362712209006811,0.4078151014231211,8,1.2
0.35,0.28,0.28,0.3141091040028806,15702,0.4093109158069036,0.16333739961370336,0.40761782332655794,8,1.2
0.7,0.28,0.08,0.25581627958150793,12788,0.4128088833281201,0.13416183795872724,0.40750683687790107,8,1.2
0.7,0.28,0.1,0.2530156634459581,12648,0.4131087919038583,0.13278946833384161,0.40747067151737326,8,1.2
0.45,0.45,0.12,0.32169077196983337,16081,0.4100491262981158,0.16758157974992377,0.40744623366173577,8,1.2
0.7,0.22,0.08,0.2558762927844126,12791,0.412712063169416,0.13416183795872724,0.4074172183035455,8,1.2
0.7,0.22,0.1,0.25305567224789455,12650,0.41304347826086957,0.13278946833384161,0.40741015893061694,8,1.2
0.7,0.12,0.08,0.2559363059873172,12794,0.41269345005471314,0.13418725221103994,0.4074058067731912,8,1.2
0.7,0.15,0.08,0.2559363059873172,12794,0.41269345005471314,0.13418725221103994,0.4074058067731912,8,1.2
0.7,0.18,0.08,0.2559363059873172,12794,0.41269345005471314,0.13418725221103994,0.4074058067731912,8,1.2
0.7,0.35,0.05,0.2588369441277081,12939,0.4123193446170492,0.1355850360882383,0.4073797779123742,8,1.2
0.7,0.08,0.08,0.2559563103882854,12795,0.4126611957796014,0.13418725221103994,0.40737595302619567,8,1.2
0.7,0.1,0.08,0.2559563103882854,12795,0.4126611957796014,0.13418725221103994,0.40737595302619567,8,1.2
0.7,0.35,0.08,0.25523615195342975,12759,0.4127282702406145,0.1338314526786622,0.407356608475026,8,1.2
0.7,0.12,0.1,0.253095681049831,12652,0.41297818526715147,0.13278946833384161,0.4073496669931312,8,1.2
0.7,0.15,0.1,0.253095681049831,12652,0.41297818526715147,0.13278946833384161,0.4073496669931312,8,1.2
0.7,0.18,0.1,0.253095681049831,12652,0.41297818526715147,0.13278946833384161,0.4073496669931312,8,1.2
0.55,0.55,0.22,0.24783452359519095,12389,0.41359270320445557,0.13022262885025923,0.4073328460358785,8,1.2
0.7,0.1,0.1,0.25311568545079915,12653,0.4129455465107089,0.13278946833384161,0.4073194287648048,8,1.2
0.45,0.35,0.35,0.24451379303446757,12223,0.41397365622187676,0.12859611670224663,0.40731531138601285,8,1.2
0.55,0.45,0.22,0.2764008081777991,13817,0.41014692046030254,0.14402256785605366,0.40731501744163845,8,1.2
0.7,0.28,0.12,0.2502150473104083,12508,0.41325551646945957,0.1313662702043306,0.4072813221467086,8,1.2
0.7,0.35,0.1,0.2525155534217528,12623,0.4129763130792997,0.13248449730608924,0.4072781794899101,8,1.2
0.55,0.55,0.28,0.235631839004581,11779,0.41497580439765686,0.12422486530446274,0.40725162507820656,8,1.2
0.7,0.22,0.12,0.2502350517113765,12509,0.4132224798145335,0.1313662702043306,0.4072506860198987,8,1.2
0.7,0.22,0.15,0.24535397787513252,12265,0.4137790460660416,0.12897733048693708,0.4072215234110575,8,1.2
0.7,0.28,0.15,0.24535397787513252,12265,0.4137790460660416,0.12897733048693708,0.4072215234110575,8,1.2
0.7,0.15,0.15,0.24537398227610074,12266,0.4137453122452307,0.12897733048693708,0.40719019011836277,8,1.2
0.7,0.18,0.15,0.24537398227610074,12266,0.4137453122452307,0.12897733048693708,0.40719019011836277,8,1.2
0.7,0.12,0.12,0.25027506051331294,12511,0.41315642234833344,0.1313662702043306,0.407189429609931,8,1.2
0.7,0.15,0.12,0.25027506051331294,12511,0.41315642234833344,0.1313662702043306,0.407189429609931,8,1.2
0.7,0.18,0.12,0.25027506051331294,12511,0.41315642234833344,0.1313662702043306,0.407189429609931,8,1.2
0.7,0.35,0.12,0.24981495929104403,12488,0.41319666880204997,0.13113754193351632,0.40717446391697526,8,1.2
0.7,0.45,0.05,0.2527956150353078,12637,0.41275619213420905,0.13256074006302734,0.407091665938446,8,1.2
0.7,0.35,0.15,0.24507391626157754,12251,0.413680515876255,0.1287994307207482,0.4070893858276443,8,1.2
0.7,0.45,0.1,0.2483746424213327,12416,0.413257087628866,0.1304005286164481,0.4070620447194259,8,1.2
0.45,0.45,0.1,0.32409130008601894,16201,0.40991296833528795,0.16877604960862053,0.40702201232496565,8,1.2
0.45,0.28,0.22,0.3219108203804837,16092,0.4096445438727318,0.16753075124529837,0.40701524542707374,8,1.2
0.45,0.45,0.45,0.1859209025985717,9294,0.42070152786744136,0.09936972654264511,0.40701203617926995,8,1.2
0.7,0.45,0.12,0.2462341715177339,12309,0.41343732228450725,0.12933313001931482,0.4069854228666353,8,1.2
0.45,0.35,0.22,0.3192302306507432,15958,0.40926181225717506,0.16598048185422384,0.4069541845790859,8,1.2
0.7,0.45,0.08,0.25035507811718577,12515,0.41286456252497006,0.1313154416997052,0.40690717189903236,8,1.2
0.45,0.45,0.35,0.2409930184640621,12047,0.41396198223624137,0.12674087628341973,0.4068811444519288,8,1.2
0.7,0.55,0.05,0.2342315309368061,11709,0.41472371679904346,0.12341160923045644,0.4068315005114602,8,1.2
0.7,0.45,0.15,0.2422332913240913,12109,0.41374184490874555,0.12732540408661178,0.4068098398676365,8,1.2
0.55,0.28,0.28,0.2588769529296445,12941,0.41171470520052544,0.1354071363220494,0.4067799395520828,8,1.2
0.45,0.22,0.22,0.32231090839984794,16112,0.40944637537239326,0.16765782250686184,0.4067690663644115,8,1.2
0.7,0.55,0.1,0.23171097641481125,11583,0.4149184149184149,0.1221408966148216,0.4067237320881923,8,1.2
0.7,0.55,0.08,0.23281121846806296,11638,0.414761986595635,0.12267459591338822,0.4066993328118026,8,1.2
0.55,0.35,0.28,0.2587969353257717,12937,0.41161011053567287,0.13533089356511133,0.40666574277476547,8,1.2
0.55,0.28,0.12,0.31979035387785315,15986,0.40898286000250217,0.16615838162041272,0.4066080175371598,8,1.2
0.55,0.22,0.12,0.3200904198923763,16001,0.40897443909755643,0.16631086713428891,0.40656358871047127,8,1.2
0.45,0.45,0.08,0.3263317929944588,16313,0.40967326671979404,0.16984344820575378,0.406513451560459,8,1.2
0.55,0.18,0.12,0.32015043309528096,16004,0.40889777555611095,0.16631086713428891,0.4064797235846772,8,1.2
0.7,0.55,0.12,0.23041069035187742,11518,0.4148289633616947,0.12142929755006608,0.40647824620392004,8,1.2
0.55,0.12,0.12,0.3201704374962492,16005,0.4088722274289285,0.16631086713428891,0.40645177492937856,8,1.2
0.55,0.15,0.12,0.3201704374962492,16005,0.4088722274289285,0.16631086713428891,0.40645177492937856,8,1.2
0.7,0.7,0.1,0.18390045810078218,9193,0.4203198085499837,0.09820067093626106,0.40638786352207756,8,1.2
0.7,0.55,0.15,0.22807017543859648,11401,0.41496359968423824,0.12023482769136933,0.4063320207368698,8,1.2
0.7,0.7,0.15,0.1827001940426894,9133,0.42034380816818134,0.09756531462844363,0.4062678314533041,8,1.2
0.28,0.28,0.28,0.33023265118326034,16508,0.4098618851465956,0.17195283114770762,0.40623396700460435,8,1.2
0.7,0.22,0.18,0.23891256076336795,11943,0.4135476848363058,0.12552099217241028,0.4062171921279099,8,1.2
0.7,0.28,0.18,0.23891256076336795,11943,0.4135476848363058,0.12552099217241028,0.4062171921279099,8,1.2
0.7,0.35,0.18,0.23881253875852687,11938,0.41355335902161167,0.1254701636677849,0.40621086367263487,8,1.2
0.45,0.45,0.05,0.3289723739222629,16445,0.4096685922772879,0.1712158178306394,0.40619190740661637,8,1.2
0.7,0.7,0.12,0.18344035687851326,9170,0.42017448200654306,0.09792111416082139,0.4061873248319646,8,1.2
0.7,0.18,0.18,0.23893256516433614,11944,0.4135130609511052,0.12552099217241028,0.4061849687708255,8,1.2
0.55,0.35,0.12,0.3172497949548901,15859,0.40822246043256194,0.16453186947240012,0.40615248503797513,8,1.2
0.55,0.45,0.28,0.25517613875052514,12756,0.4114926309187833,0.13339941038934636,0.4061137675688463,8,1.2
0.7,0.7,0.08,0.1842405329172418,9210,0.41997828447339847,0.09830232794551184,0.4060871484234675,8,1.2
0.7,0.7,0.05,0.18488067374822462,9242,0.4197143475438217,0.09858188472095152,0.40590002839360867,8,1.2
0.55,0.35,0.35,0.2242293304526996,11209,0.4149344276920332,0.11820168750635357,0.40584194734635715,8,1.2
0.55,0.55,0.35,0.2139270639540699,10694,0.41602767907237703,0.11306800853918877,0.4056989267468654,8,1.2
0.55,0.28,0.1,0.3247114365160335,16232,0.40863725973385906,0.16857273559011893,0.40567188735193505,8,1.2
0.7,0.55,0.18,0.22494948888755525,11245,0.4146731880835927,0.11850665853410593,0.40566712675009936,8,1.2
0.55,0.22,0.1,0.3252315509412071,16258,0.40853733546561694,0.1688014638609332,0.4055095493526721,8,1.2
0.7,0.22,0.22,0.2299305847286403,11494,0.4138681050983122,0.12089559825149944,0.405459775265749,8,1.2
0.7,0.28,0.22,0.2299305847286403,11494,0.4138681050983122,0.12089559825149944,0.405459775265749,8,1.2
0.7,0.35,0.22,0.22989057592670387,11492,0.41385311521058127,0.12087018399918674,0.40543998432178574,8,1.2
0.55,0.45,0.45,0.17519854367960952,8758,0.4204156200045672,0.0935752770153502,0.40543944524612036,8,1.2
0.7,0.45,0.18,0.23695212946848307,11845,0.4130012663571127,0.12432652231371354,0.40543552189333065,8,1.2
0.55,0.18,0.1,0.3252915641441117,16261,0.40846196420884323,0.1688014638609332,0.40542697651154985,8,1.2
0.55,0.12,0.1,0.3253115685450799,16262,0.4084368466363301,0.1688014638609332,0.4053994584109205,8,1.2
0.55,0.15,0.1,0.3253115685450799,16262,0.4084368466363301,0.1688014638609332,0.4053994584109205,8,1.2
0.7,0.7,0.18,0.18169997399427873,9083,0.4195750302763404,0.09685371556368812,0.4053790271556539,8,1.2
0.55,0.1,0.1,0.32533157294604814,16263,0.40841173215273935,0.1688014638609332,0.40537194339921356,8,1.2
0.55,0.45,0.35,0.2231490928004161,11155,0.41452263558942176,0.11751550269391074,0.4053005267254717,8,1.2
0.55,0.35,0.1,0.3214907279601512,16071,0.40787754340115734,0.16659042390972859,0.4052986560459392,8,1.2
0.55,0.55,0.45,0.17313809037988356,8655,0.4204506065857886,0.09248246416590424,0.4052271774313746,8,1.2
0.7,0.45,0.22,0.22891036027926143,11443,0.41352792099973784,0.12026024194368201,0.4049971642332492,8,1.2
0.7,0.7,0.22,0.17971953829842566,8984,0.41930097951914513,0.09573548846192945,0.40486732411495624,8,1.2
0.55,0.28,0.08,0.3293124487387225,16462,0.4083343457660066,0.17083460404594897,0.4048168519173599,8,1.2
0.55,0.22,0.08,0.3300526115745464,16499,0.408327777441057,0.1712158178306394,0.40472146405211146,8,1.2
0.7,0.55,0.22,0.2197683490367881,10986,0.4143455306754051,0.11568567652739656,0.40471773255981963,8,1.2
0.45,0.35,0.18,0.33863449958990977,16928,0.4093218336483932,0.17609535427467723,0.40468569369760404,8,1.2
0.7,0.55,0.28,0.20830582728200203,10413,0.4156343032747527,0.10999288400935245,0.40463100254859297,8,1.2
0.55,0.18,0.08,0.3301926423813239,16506,0.4082151944747365,0.1712412320829521,0.4045920773889776,8,1.2
0.55,0.12,0.08,0.3302126467822921,16507,0.40819046465136005,0.1712412320829521,0.404564947037485,8,1.2
0.55,0.15,0.08,0.3302126467822921,16507,0.40819046465136005,0.1712412320829521,0.404564947037485,8,1.2
0.7,0.28,0.28,0.21378703314729242,10687,0.41489660334986433,0.11268679475449832,0.40455104732753944,8,1.2
0.7,0.35,0.28,0.21378703314729242,10687,0.41489660334986433,0.11268679475449832,0.40455104732753944,8,1.2
0.55,0.08,0.08,0.33023265118326034,16508,0.4081657378240853,0.1712412320829521,0.404537819682094,8,1.2
0.55,0.1,0.08,0.33023265118326034,16508,0.4081657378240853,0.1712412320829521,0.404537819682094,8,1.2
0.45,0.28,0.18,0.343635599831963,17178,0.4097683083013156,0.17889092202907392,0.40453203632148005,8,1.2
0.55,0.35,0.08,0.3253715817479846,16265,0.4075622502305564,0.16847107858086816,0.4045176604207983,8,1.2
0.7,0.7,0.45,0.14669227229990597,7333,0.42274648847674895,0.07878418216936058,0.4043495611527377,8,1.2
0.45,0.22,0.18,0.3443757626677869,17215,0.40952657566076095,0.17917047880451356,0.4042014841406265,8,1.2
0.7,0.45,0.28,0.21328692312308709,10662,0.4145563684111799,0.11233099522212056,0.4041507991859503,8,1.2
0.45,0.18,0.18,0.3445157934745644,17222,0.4094181860411102,0.17919589305682626,0.40407629082416247,8,1.2
0.7,0.7,0.28,0.17529856568445057,8763,0.41880634485906654,0.09327030598759785,0.4038421727412006,8,1.2
0.7,0.7,0.35,0.1670367480845786,8350,0.41964071856287427,0.08905154010369015,0.4036851283330237,8,1.2
0.55,0.28,0.05,0.3360339274640421,16798,0.4076675794737469,0.1740367998373488,0.4033435081780618,8,1.2
0.7,0.35,0.35,0.19106203364740243,9551,0.4163961888807455,0.10107248144759581,0.40332363291843376,8,1.2
0.55,0.35,0.05,0.3305527215987517,16524,0.40692326313241345,0.17088543255057437,0.4032569365405632,8,1.2
0.45,0.35,0.15,0.35041709176018726,17517,0.40925957641148597,0.18219477482972452,0.4032095254002635,8,1.2
0.7,0.45,0.35,0.19090199843965672,9543,0.4162213140521848,0.10094541018603233,0.40312955386494365,8,1.2
0.55,0.22,0.05,0.3372742003240713,16860,0.4075326215895611,0.1746213276405408,0.40305971755067255,8,1.2
0.7,0.45,0.45,0.15557422632979256,7777,0.42034203420342037,0.08307919081020636,0.4030109413629955,8,1.2
0.7,0.55,0.45,0.15513412950849187,7755,0.4203739522888459,0.08285046253939209,0.4029900478298649,8,1.2
0.55,0.12,0.05,0.33747424433375345,16870,0.4074688796680498,0.1746975703974789,0.40297197034799936,8,1.2
0.55,0.18,0.05,0.337434235531817,16868,0.40745790846573393,0.1746721561451662,0.4029658002019159,8,1.2
0.55,0.05,0.05,0.3374942487347216,16871,0.4074447276391441,0.1746975703974789,0.4029454177909775,8,1.2
0.55,0.08,0.05,0.3374942487347216,16871,0.4074447276391441,0.1746975703974789,0.4029454177909775,8,1.2
0.55,0.1,0.05,0.3374942487347216,16871,0.4074447276391441,0.1746975703974789,0.4029454177909775,8,1.2
0.7,0.55,0.35,0.18916161555542219,9456,0.41624365482233505,0.10003049710277524,0.4029430486889857,8,1.2
0.55,0.15,0.05,0.3374542399327852,16869,0.40743375422372397,0.1746721561451662,0.4029392454317897,8,1.2
0.45,0.28,0.15,0.35813879053391745,17903,0.4092610177065296,0.18621022669513063,0.4022843628424595,8,1.2
0.45,0.22,0.15,0.3592990457900738,17961,0.40916430042870666,0.18676934024600997,0.4020484149338978,8,1.2
0.45,0.18,0.15,0.3594990897997559,17971,0.4090479105225085,0.18682016875063537,0.4019080197465378,8,1.2
0.45,0.15,0.15,0.35951909420072414,17972,0.40902515023369684,0.18682016875063537,0.40188285892960995,8,1.2
0.35,0.35,0.22,0.3476564844265738,17379,0.4075608493008804,0.18000914913083257,0.4018420711696915,8,1.2
0.55,0.55,0.55,0.132889235631839,6643,0.42164684630438054,0.07118532072786418,0.40159355458020124,8,1.2
0.45,0.35,0.12,0.35947908539878776,17970,0.40829159710628826,0.1864643692182576,0.4011541068584337,8,1.2
0.35,0.28,0.22,0.35675848686711076,17834,0.4074800942020859,0.1846853715563688,0.4006690757780326,8,1.2
0.45,0.35,0.1,0.3643401548340635,18213,0.40789545928732224,0.1888024804310257,0.40017464070723463,8,1.2
0.35,0.22,0.22,0.35841885214747243,17917,0.4070435898866998,0.18534614211649894,0.4000333276290031,8,1.2
0.35,0.35,0.18,0.3695613034867671,18474,0.4082494316336473,0.19167429094236046,0.39990207521523524,8,1.2
0.45,0.28,0.12,0.370301466322591,18511,0.40818972502836154,0.19203009047473824,0.3997535490696506,8,1.2
0.45,0.22,0.12,0.3720618536077937,18599,0.4081939889241357,0.19294500355799532,0.39954656649120046,8,1.2
0.45,0.18,0.12,0.37244193722618973,18618,0.40804597701149425,0.19307207481955882,0.3993529445443515,8,1.2
0.45,0.35,0.08,0.36872111864610213,18432,0.4075520833333333,0.19091186337297958,0.39930554909580107,8,1.2
0.45,0.12,0.12,0.3725819680329672,18625,0.408,0.1931229033241842,0.39929016383604393,8,1.2
0.45,0.15,0.12,0.3725019504290944,18621,0.40798023736641426,0.19307207481955882,0.3992800033149229,8,1.2
0.7,0.7,0.55,0.1198063573986277,5989,0.4204374686926031,0.06399308732337095,0.39881423158043844,8,1.2
0.7,0.55,0.55,0.12202684590609934,6100,0.42,0.06511131442512962,0.3986432215087319,8,1.2
0.45,0.28,0.1,0.3771029626517834,18851,0.4076176330168161,0.19528311477076343,0.39836527749860207,8,1.2
0.35,0.35,0.15,0.38228410250255057,19110,0.40805860805860805,0.1981803395344109,0.398184515758302,8,1.2
0.45,0.22,0.1,0.3795635039708736,18974,0.40745230315168124,0.1964775846294602,0.3979046826751764,8,1.2
0.45,0.35,0.05,0.3745423993278521,18723,0.4067724189499546,0.19355494561350006,0.39782733103061235,8,1.2
0.28,0.28,0.22,0.3777431034827662,18883,0.4071386961817508,0.19538477178001423,0.39780952376381884,8,1.2
0.45,0.18,0.1,0.37998359639120605,18995,0.4073703606212161,0.1966554843956491,0.3977723290542714,8,1.2
0.45,0.12,0.1,0.3802036448018564,19006,0.40734504893191625,0.19675714140489986,0.3977206115556935,8,1.2
0.45,0.15,0.1,0.38012362719798354,19002,0.40732554467950743,0.19670631290027446,0.39771070941574943,8,1.2
0.45,0.1,0.1,0.38022364920282464,19007,0.40732361761456304,0.19675714140489986,0.3976967797102241,8,1.2
0.35,0.28,0.18,0.38474464382164075,19233,0.40773670254250505,0.19929856663616957,0.39756734528390814,8,1.2
0.45,0.28,0.08,0.38322430934805657,19157,0.40705747246437335,0.1981803395344109,0.39707055534260655,8,1.2
0.28,0.22,0.22,0.3813438956570446,19063,0.4065991711692808,0.19698586967571413,0.3968379036904354,8,1.2
0.45,0.22,0.08,0.3864650223049071,19319,0.40685335679900614,0.19975602317779811,0.3964775541224173,8,1.2
0.35,0.22,0.18,0.3881854007881734,19405,0.4069569698531306,0.2006963505133679,0.3963747217585498,8,1.2
0.45,0.18,0.08,0.3871251675368581,19352,0.4067796610169492,0.20006099420555049,0.3963246409125262,8,1.2
0.45,0.12,0.08,0.38736522034847665,19364,0.4067857880603181,0.20018806546711396,0.3963019616185009,8,1.2
0.45,0.1,0.08,0.38738522474944487,19365,0.40676478182287634,0.20018806546711396,0.39627855485294294,8,1.2
0.45,0.15,0.08,0.3872651983436356,19359,0.40673588511803294,0.20011182271017586,0.39626406131679665,8,1.2
0.45,0.08,0.08,0.3874052291504131,19366,0.40674377775482806,0.20018806546711396,0.3962551502567785,8,1.2
0.35,0.18,0.18,0.3886455020104423,19428,0.40678402305950173,0.20084883602724407,0.39614656281824867,8,1.2
0.35,0.35,0.12,0.39206625457600675,19599,0.4070615847747334,0.20275490495069634,0.3960136342256126,8,1.2
0.35,0.35,0.1,0.3972874032287103,19860,0.4067472306143001,0.20529633018196605,0.3950727422268549,8,1.2
0.45,0.28,0.05,0.39176618856148354,19584,0.40599468954248363,0.20206872013825353,0.3949827469151056,8,1.2
0.35,0.28,0.15,0.40288863549980997,20140,0.40724925521350547,0.20844769746874048,0.3949026189535283,8,1.2
0.35,0.35,0.08,0.40184840664946286,20088,0.4064615690959777,0.2075073701331707,0.39423976029804214,8,1.2
0.22,0.22,0.22,0.39934785652843624,19963,0.4060011020387717,0.20598251499440887,0.39407935925535936,8,1.2
0.35,0.22,0.15,0.4086699073796235,20429,0.40701943315874495,0.21131950798007523,0.39397904427319014,8,1.2
0.45,0.22,0.05,0.3961671567744904,19804,0.40547364168854777,0.2040764460709566,0.3939335828756089,8,1.2
0.28,0.28,0.18,0.4084898677709096,20420,0.40690499510284034,0.21116702246619903,0.39388621097033116,8,1.2
0.35,0.15,0.15,0.4094900878193202,20470,0.4069858329262335,0.21172613601707838,0.3938470223879151,8,1.2
0.45,0.18,0.05,0.39706735481806,19849,0.40541085193208726,0.20450848836027244,0.3937627693539201,8,1.2
0.45,0.12,0.05,0.39746744283742425,19869,0.40545573506467364,0.2047372166310867,0.3937596419241827,8,1.2
0.35,0.18,0.15,0.40935005701254273,20463,0.40688071152812394,0.2115990647555149,0.39375870468661883,8,1.2
0.45,0.15,0.05,0.39730740762967853,19861,0.40541765268616886,0.20463555962183594,0.39374076377060746,8,1.2
0.45,0.1,0.05,0.39748744723839247,19870,0.4054353296426774,0.2047372166310867,0.39373683597407033,8,1.2
0.45,0.05,0.05,0.39750745163936063,19871,0.40541492627447034,0.2047372166310867,0.3937140320777471,8,1.2
0.45,0.08,0.05,0.39750745163936063,19871,0.40541492627447034,0.2047372166310867,0.3937140320777471,8,1.2
0.35,0.35,0.05,0.407869731340895,20389,0.4056108686056207,0.21017586662600388,0.3926665008447133,8,1.2
0.35,0.28,0.12,0.41795194942887437,20893,0.40616474417268944,0.21566534512554641,0.3920105102412245,8,1.2
0.28,0.22,0.18,0.41609154013883054,20800,0.40533653846153844,0.2142675612483481,0.3914055536448788,8,1.2
0.28,0.28,0.15,0.42777411030426693,21384,0.4063786008230453,0.22084985259733658,0.39104570758653323,8,1.2
0.28,0.18,0.18,0.41735181739982796,20863,0.40507117864161435,0.214775846294602,0.39098896055363497,8,1.2
0.35,0.22,0.12,0.4268138990577927,21336,0.4060273715785527,0.22016366778489377,0.39080970369161755,8,1.2
0.35,0.12,0.12,0.42867430834783654,21429,0.40594521442904474,0.22107858086815085,0.39050429742730436,8,1.2
0.35,0.18,0.12,0.4281741983236312,21404,0.40585871799663614,0.22077360984039848,0.3904778141978004,8,1.2
0.35,0.15,0.12,0.42853427754105905,21422,0.40589113994958453,0.22097692385890008,0.39046702664465743,8,1.2
0.35,0.28,0.1,0.4264538198403649,21318,0.4053851205553992,0.21962996848632713,0.3902106621745554,8,1.2
0.35,0.28,0.08,0.43363539978795335,21677,0.40489920191908474,0.22306089254854122,0.38886295394453035,8,1.2
0.35,0.22,0.1,0.43749624917481844,21870,0.40480109739368997,0.2249923757243062,0.38830154749271173,8,1.2
0.28,0.28,0.12,0.4437176178759327,22181,0.40548216942428206,0.22857578530039646,0.38823605527917016,8,1.2
0.28,0.22,0.15,0.44059693132489147,22025,0.40508513053348466,0.2267459591338823,0.3882134987744977,8,1.2
0.35,0.12,0.1,0.44027686090940005,22009,0.40474351401699304,0.22639015960150452,0.38791029070786504,8,1.2
0.35,0.1,0.1,0.44037688291424115,22014,0.4046970109930044,0.22641557385381722,0.3878517850432955,8,1.2
0.28,0.15,0.15,0.443177499049791,22154,0.40502843730251875,0.22804208600182982,0.3878471374165438,8,1.2
0.35,0.18,0.1,0.43947668487067154,21969,0.40457007601620465,0.22588187455525058,0.38783287383172405,8,1.2
0.35,0.15,0.1,0.44007681689971795,21999,0.4046093004227465,0.22621225983531565,0.38780008239478037,8,1.2
0.22,0.22,0.18,0.4379763547980556,21894,0.40426600895222436,0.2249415472196808,0.3877088463764577,8,1.2
0.28,0.18,0.15,0.4425973714217128,22125,0.4047457627118644,0.22758462946020128,0.3876340781412589,8,1.2
0.35,0.28,0.05,0.44357758706915523,22174,0.4039415531703797,0.22763545796482668,0.3867122427220811,8,1.2
0.22,0.18,0.18,0.44087699293844645,22039,0.4036027042969282,0.22605977432143945,0.38669746514431463,8,1.2
0.28,0.28,0.1,0.45255956310388284,22623,0.4048092649073951,0.23274372267967877,0.3865021173349292,8,1.2
0.35,0.22,0.08,0.446938326431815,22342,0.40412675678095067,0.22946528413134085,0.38649415760913286,8,1.2
0.35,0.12,0.08,0.45087919342255295,22539,0.40405519322063976,0.23144759581173122,0.3859496900099334,8,1.2
0.35,0.15,0.08,0.45057912740802974,22524,0.40396909962706445,0.23124428179322964,0.3858996043381009,8,1.2
0.35,0.18,0.08,0.449758946968333,22483,0.4038606947471423,0.2307614109992884,0.3858896211109423,8,1.2
0.35,0.1,0.08,0.45103922863029866,22547,0.4040005322215816,0.23149842431635662,0.3858758247859458,8,1.2
0.35,0.08,0.08,0.4510992418332033,22550,0.4039911308203991,0.23152383856866932,0.3858592218004147,8,1.2
0.28,0.28,0.08,0.4599211826601852,22991,0.4043321299638989,0.23625088949883094,0.3851415880446767,8,1.2
0.28,0.22,0.12,0.4623217107763708,23111,0.40405001947124747,0.23731828809596422,0.384571414178083,8,1.2
0.22,0.22,0.15,0.46500230050611135,23245,0.40404388040438804,0.23869065772084985,0.3842436043436547,8,1.2
0.7,0.7,0.7,0.08097781511932625,4048,0.41032608695652173,0.04221307309138965,0.38404342477084086,8,1.2
0.28,0.15,0.12,0.4675628638300426,23373,0.403970393188722,0.2399613703364847,0.3838628495291169,8,1.2
0.28,0.18,0.12,0.4665026305787273,23320,0.4038164665523156,0.23932601402866727,0.3838361508828683,8,1.2
0.28,0.12,0.12,0.4681029826561844,23400,0.40397435897435896,0.24024092711192438,0.38380200105561685,8,1.2
0.18,0.18,0.18,0.45534017483846445,22762,0.40238116158509796,0.23276913693199147,0.3837403406044822,8,1.2
0.35,0.22,0.05,0.46008121786793094,22999,0.40280012174442364,0.23543763342482465,0.3835903756002719,8,1.2
0.28,0.28,0.05,0.4702834623617196,23509,0.4035475775235016,0.24110501169055606,0.3831135620400953,8,1.2
0.22,0.15,0.15,0.4714637220188441,23568,0.4036405295315682,0.24176578225068618,0.3830648828893069,8,1.2
0.35,0.12,0.05,0.46610254255936306,23300,0.40266094420600856,0.23843651519772288,0.382728639098885,8,1.2
0.22,0.18,0.15,0.46990337874332355,23490,0.403107705406556,0.24064755514892752,0.38271929995735715,8,1.2
0.35,0.15,0.05,0.46560243253515776,23275,0.402577873254565,0.2381315441699705,0.3827055813503461,8,1.2
0.35,0.18,0.05,0.4643821640760967,23214,0.4024295683639183,0.237419945105215,0.3827037086747867,8,1.2
0.35,0.1,0.05,0.46630258656904516,23310,0.40261690261690264,0.23851275795466098,0.3826605922286172,8,1.2
0.35,0.08,0.05,0.46640260857388627,23315,0.40261634141110875,0.23856358645928638,0.3826480283822424,8,1.2
0.35,0.05,0.05,0.46652263497969554,23321,0.4025556365507483,0.23858900071159905,0.3825729203531848,8,1.2
0.28,0.22,0.1,0.47454439976794893,23722,0.40312789815361266,0.24303649486632103,0.3821825701814588,8,1.2
0.28,0.18,0.1,0.48040568925163535,24015,0.4029148448886113,0.2459083053776558,0.381266162178415,8,1.2
0.28,0.15,0.1,0.4820060413290924,24095,0.40302967420626684,0.24679780420860017,0.38118894924677577,8,1.2
0.28,0.1,0.1,0.4830062613775031,24145,0.4031476496168979,0.24738233201179222,0.3811868982515976,8,1.2
0.28,0.12,0.1,0.4827862129668527,24134,0.4030827877682937,0.24722984649791604,0.3811484422122714,8,1.2
0.22,0.22,0.12,0.48844745844085696,24417,0.40303886636359915,0.2501016570092508,0.3804251713506963,8,1.2
0.28,0.22,0.08,0.4855068114985297,24270,0.40234857849196537,0.24817017383348583,0.3800877611121418,8,1.2
0.18,0.18,0.15,0.48654704034887675,24322,0.40198174492229255,0.24847514486123817,0.3795961000804273,8,1.2
0.18,0.15,0.15,0.48918762127668086,24454,0.40222458493498,0.2499745857476873,0.37952207038177826,8,1.2
0.28,0.18,0.08,0.49314849266838706,24652,0.4020769105954892,0.2519060689234523,0.3788990914752828,8,1.2
0.28,0.15,0.08,0.49560903398747724,24775,0.40230070635721493,0.2533038528006506,0.3788276222787177,8,1.2
0.28,0.1,0.08,0.4970693552581568,24848,0.40240663232453316,0.2541171088746569,0.37875830969355434,8,1.2
0.28,0.08,0.08,0.49730940806977536,24860,0.402413515687852,0.2542441801362204,0.37873638671947896,8,1.2
0.28,0.12,0.08,0.49670927604072895,24830,0.4023358840112767,0.2538883806038426,0.3787307708863892,8,1.2
0.22,0.18,0.12,0.4974094300746164,24865,0.4018902071184396,0.25396462336078074,0.3782010755094856,8,1.2
0.22,0.15,0.12,0.5000700154033887,24998,0.4021521721737739,0.25548947849954257,0.3781437703253673,8,1.2
0.22,0.12,0.12,0.5011702574566405,25053,0.40222727817027903,0.25609942055504725,0.3780868472754822,8,1.2
0.22,0.22,0.1,0.5014703234711636,25068,0.4021461624381682,0.25620107756429805,0.37796972362162856,8,1.2
0.15,0.15,0.15,0.5004300946208166,25016,0.40178285897025906,0.25543864999491717,0.37773124761576105,8,1.2
0.28,0.22,0.05,0.5002300506111345,25006,0.4013436775173958,0.2550574362102267,0.37731607144405965,8,1.2
0.22,0.22,0.08,0.5130928804336954,25649,0.4014581465164334,0.2616905560638406,0.37588700086439,8,1.2
0.28,0.18,0.05,0.5111524535397788,25552,0.4009079524107702,0.26034360069126766,0.37556965798599673,8,1.2
0.28,0.15,0.05,0.5148732721198663,25738,0.40104126194731526,0.26232591237165803,0.3752564692929313,8,1.2
0.22,0.18,0.1,0.5132729200424093,25658,0.4007327149427079,0.26130934227915015,0.3751399645376188,8,1.2
0.18,0.18,0.12,0.5159335053711817,25791,0.40095382110038386,0.26280878316559925,0.37504180045584207,8,1.2
0.28,0.12,0.05,0.5166536638060373,25827,0.40101444225035815,0.26321541120260245,0.37501600259363366,8,1.2
0.28,0.1,0.05,0.5172337914341155,25856,0.4010674504950495,0.26354579648266746,0.37499939552295564,8,1.2
0.28,0.08,0.05,0.5176338794534797,25876,0.40110527129386303,0.26377452475348173,0.37498920575944544,8,1.2
0.22,0.15,0.1,0.5172337914341155,25856,0.4010287747524752,0.2635203822303548,0.37496071978038137,8,1.2
0.22,0.1,0.1,0.5194142711396508,25965,0.40127094165222416,0.2647910948459896,0.37494122911546607,8,1.2
0.28,0.05,0.05,0.5178539278641301,25887,0.4010507204388303,0.26385076751041986,0.37490824909513465,8,1.2
0.22,0.12,0.1,0.5188541479125408,25937,0.401125804834792,0.2644098810612992,0.3748633070852871,8,1.2
0.18,0.15,0.12,0.5206345395987118,26026,0.4007530930607854,0.2650706516214293,0.37427694830894,8,1.2
0.18,0.12,0.12,0.5227950149032787,26134,0.4008571209918114,0.26623970722781337,0.37412171920341797,8,1.2
0.22,0.22,0.05,0.5283362339714738,26411,0.40043921093483775,0.268781132459083,0.3730388628582609,8,1.2
0.22,0.18,0.08,0.5275960711356499,26374,0.3999014180632441,0.26804411914201487,0.3725898895269661,8,1.2
0.22,0.15,0.08,0.5334173518173998,26665,0.40022501406337896,0.27122090068110194,0.372214931845291,8,1.2
0.15,0.15,0.12,0.5334373562183681,26666,0.4000600015000375,0.2711192436718512,0.37204751875383335,8,1.2
0.22,0.1,0.08,0.5365980515713457,26824,0.4003131524008351,0.27289824133373997,0.3719213862122736,8,1.2
0.18,0.18,0.1,0.5326371801796396,26626,0.3998347479906858,0.27056013012097185,0.37191828636912905,8,1.2
0.22,0.08,0.08,0.5370781571945829,26848,0.40032777115613827,0.2731523838568669,0.37187839229278835,8,1.2
0.22,0.12,0.08,0.535777871131649,26783,0.40014188104394577,0.27236454203517335,0.37184853650814786,8,1.2
0.15,0.12,0.12,0.5367380823781231,26831,0.40017144347955724,0.27287282708142724,0.3717628735941825,8,1.2
0.18,0.15,0.1,0.5391386104943088,26951,0.39961411450410006,0.27371149740774625,0.370917481244783,8,1.2
0.12,0.12,0.12,0.5498809738142392,27488,0.40072031431897553,0.27993798922435703,0.37073459746126686,8,1.2
0.18,0.1,0.1,0.5431794994898878,27153,0.3998084926159172,0.2758971231066382,0.3706269526771307,8,1.2
0.18,0.12,0.1,0.54225929704535,27107,0.39967536060796105,0.2753380095557589,0.37060424496251904,8,1.2
0.18,0.18,0.08,0.5477204985096721,27380,0.3991964937910884,0.2777777777777778,0.3694700339699277,8,1.2
0.22,0.18,0.05,0.5471603752825621,27352,0.39854489616847033,0.2770407644607096,0.3688856511345629,8,1.2
0.15,0.15,0.1,0.5530016603652803,27644,0.3988930690204023,0.2802429602521094,0.36853286977656863,8,1.2
0.15,0.12,0.1,0.5577827121966833,27883,0.3989169027722985,0.2826827284741283,0.3679829773086965,8,1.2
0.18,0.15,0.08,0.5570825581627958,27848,0.3988078138465958,0.2822506861848124,0.3679579068670603,8,1.2
0.22,0.15,0.05,0.5559623117085759,27792,0.3984959700633276,0.28146284436311886,0.3677804926582985,8,1.2
0.15,0.1,0.1,0.5594230730760767,27965,0.3988557124977651,0.2834705702958219,0.36772494372863584,8,1.2
0.18,0.12,0.08,0.5615035307767708,28069,0.3985891909223699,0.2843346548744536,0.3672087672291574,8,1.2
0.18,0.1,0.08,0.5629638520474505,28142,0.3987278800369554,0.2851733252007726,0.36717221779126136,8,1.2
0.22,0.12,0.05,0.5600832183080278,27998,0.3983141652975212,0.2834197417911965,0.36710417910055787,8,1.2
0.18,0.08,0.08,0.5638240412890836,28185,0.39875820471882206,0.28563078174240114,0.367099319764132,8,1.2
0.22,0.1,0.05,0.5614235131728981,28065,0.39843221093889186,0.2841821693605774,0.3670613893581441,8,1.2
0.22,0.08,0.05,0.562263698013563,28107,0.39847724766072506,0.284639625902206,0.36700560389909753,8,1.2
0.22,0.05,0.05,0.5626637860329272,28127,0.39844277740249584,0.28481752566839486,0.3669231230785446,8,1.2
0.12,0.12,0.1,0.5723459161015423,28611,0.39935689070637165,0.2903832469248755,0.3666753807741866,8,1.2
0.12,0.1,0.1,0.5747864530196644,28733,0.39929697560296523,0.29157771678357225,0.3663226012406055,8,1.2
0.18,0.18,0.05,0.5678449258836944,28386,0.3980131050517861,0.28713022262885024,0.3658717139457428,8,1.2
0.15,0.15,0.08,0.5716657664686231,28577,0.3980823739370823,0.2891125343092406,0.36548248196084754,8,1.2
0.1,0.1,0.1,0.5847686491028026,29232,0.3993226600985222,0.2966605672461116,0.3651504222061859,8,1.2
0.15,0.12,0.08,0.5784072495949109,28914,0.39776578819948816,0.29228931584832774,0.36435691824809885,8,1.2
0.15,0.1,0.08,0.5807277601072236,29030,0.3977264898380985,0.2934329572023991,0.3640391586252317,8,1.2
0.15,0.08,0.08,0.5820280461701575,29095,0.39773156899810963,0.29409372776252923,0.36388820345769074,8,1.2
0.18,0.15,0.05,0.5811278481265878,29050,0.39710843373493976,0.29317881467927215,0.3633730919597492,8,1.2
0.12,0.12,0.08,0.5940506911520534,29696,0.3982354525862069,0.30054894784995423,0.3629493696479605,8,1.2
0.12,0.1,0.08,0.5977515053311728,29881,0.3981459790502326,0.3023533597641557,0.3624157984104918,8,1.2
0.12,0.08,0.08,0.5999519894376762,29991,0.3981194358307492,0.3034461726136017,0.36212519709822805,8,1.2
0.18,0.12,0.05,0.5882294104703034,29405,0.3965312021765006,0.29633018196604655,0.3619436729200642,8,1.2
0.18,0.1,0.05,0.5906499429874572,29526,0.3964641333062386,0.29749923757243063,0.3615861401477437,8,1.2
0.18,0.08,0.05,0.5921502730600732,29601,0.39647309212526605,0.2982616651418115,0.3614150593580573,8,1.2
0.18,0.05,0.05,0.5928504270939606,29636,0.39637602915373193,0.2985412219172512,0.36123397790245665,8,1.2
0.1,0.1,0.08,0.6087739302646582,30432,0.39816640378548895,0.3079444952729491,0.36111353215373,8,1.2
0.15,0.15,0.05,0.5965112324711437,29819,0.39639156242664075,0.3003964623360781,0.36081021453010353,8,1.2
0.1,0.08,0.08,0.611754586008922,30581,0.3981557176024329,0.3094439361593982,0.36074516728136224,8,1.2
0.08,0.08,0.08,0.6221368701114245,31100,0.3977813504823151,0.3143997153603741,0.3591249260689442,8,1.2
0.15,0.12,0.05,0.6069735341775191,30342,0.39549139806209216,0.3049710277523635,0.35865457396078987,8,1.2
0.15,0.1,0.05,0.6111544539798756,30551,0.3952080128310039,0.3068516824235031,0.3578694783534188,8,1.2
0.15,0.08,0.05,0.6133749424873473,30662,0.395147087600287,0.30791908102063636,0.3575420945018053,8,1.2
0.15,0.05,0.05,0.6146752285502811,30727,0.3950922641325219,0.3085290230761411,0.3573312367064882,8,1.2
0.12,0.12,0.05,0.6238972573966273,31188,0.39582531742978067,0.313738944800244,0.35695764654218537,8,1.2
0.12,0.1,0.05,0.630258656904519,31506,0.39528978607249415,0.31650909830232793,0.35565874724395186,8,1.2
0.12,0.08,0.05,0.6341395106923523,31700,0.3950788643533123,0.31828809596421676,0.35498212307023,8,1.2
0.12,0.05,0.05,0.6362199683930465,31804,0.394887435542699,0.3191775947951611,0.35454103933553344,8,1.2
0.1,0.1,0.05,0.6423413150893197,32110,0.3953597010277172,0.3226339331096879,0.35427874321699887,8,1.2
0.1,0.08,0.05,0.6475624637420232,32371,0.3951685150288839,0.3250991155840195,0.3534610193798411,8,1.2
0.1,0.05,0.05,0.6507431634959692,32530,0.3947740547187212,0.3263698281996544,0.3526848750992049,8,1.2
0.08,0.08,0.05,0.6589849766948729,32942,0.3946633477020217,0.3304106943173732,0.351585150498637,8,1.2
0.08,0.05,0.05,0.6634659625117526,33166,0.3941988783694145,0.3322659347362001,0.35058296286800417,8,1.2
0.05,0.05,0.05,0.6803496769289243,34010,0.3934725080858571,0.3400935244485107,0.3478305468543862,8,1.2
