trade_id,entry_datetime,exit_datetime,direction,entry_price,exit_price,sl_price,tp_price,exit_reason,pips,pnl_usd,usd,position_units,entry_level_name,entry_level_tier,entry_level_price,zone_distance_at_entry_pips,confirmation_signals_present,confluence_count,ib_classification,session_phase_at_entry,rsi_at_entry,vwap_at_entry,mfe_pips,mae_pips,time_to_mfe_minutes,trade_duration_minutes,day_of_week,hour_utc,duration_min,is_win,month,dow,equity_after,drawdown_usd,drawdown_pct
1,2025-06-27 01:30:00+00:00,2025-06-27 01:31:00+00:00,long,144.531031489155,144.5529885590701,144.431031489155,144.601031489155,Trailing_Stop,2.195706991508928,75.94817005847219,75.94817005847219,500000,IB_Low,1,144.52,0.1999999999981128,"C,D",2,wide,Morning_Active,55.04828797190466,144.67754212454213,5.595706991508109,1.904293008493596,1.0,1.0,Friday,1,1.0,True,2025-06,Friday,100075.94817005847,0.0,0.0
2,2025-06-27 01:41:00+00:00,2025-06-27 01:48:00+00:00,long,144.54490937786304,144.44490937786304,144.44490937786304,144.61490937786303,SL_Hit_10,-9.999999999999432,-346.1527319678594,-346.1527319678594,500000,IB_Low,1,144.52,1.5999999999991132,"C,D",2,wide,Morning_Active,55.04828797190466,144.66696732026142,0.8182029599595353,10.784257423412669,1.0,7.0,Friday,1,7.0,False,2025-06,Friday,99729.79543809062,346.1527319678571,0.3458900348159997
3,2025-06-27 01:44:00+00:00,2025-06-27 01:49:00+00:00,long,144.50991153050703,144.40991153050703,144.40991153050703,144.57991153050702,SL_Hit_10,-9.999999999999432,-346.2366223348493,-346.2366223348493,500000,IB_Low,1,144.52,1.9000000000005457,"C,D",2,wide,Morning_Active,55.04828797190466,144.66286031746031,0.0,10.88528941531024,,5.0,Friday,1,5.0,False,2025-06,Friday,99383.55881575576,692.3893543027079,0.6918638963341469
4,2025-06-27 03:46:00+00:00,2025-06-27 03:51:00+00:00,long,144.3792793790811,144.4492793790811,144.27927937908112,144.4492793790811,TP_Hit_7,6.999999999999318,242.2995819047695,242.2995819047695,500000,PTS_Mid,2,144.359,1.300000000000523,"B,C",2,wide,Afternoon_Active,39.721254355400674,144.48417474302497,9.340146023353668,2.5579410422125193,5.0,5.0,Friday,3,5.0,True,2025-06,Friday,99625.85839766053,450.0897723979433,0.4497481968725476
5,2025-06-27 06:02:00+00:00,2025-06-27 06:05:00+00:00,long,144.39705768081106,144.46705768081105,144.29705768081106,144.46705768081105,TP_Hit_7,6.999999999999318,242.269764206913,242.269764206913,500000,PTS_Mid,2,144.359,2.899999999999636,"A,C",2,wide,Afternoon_Active,61.39240506329046,144.48387235996327,7.38639139522661,2.9120857114520504,3.0,3.0,Friday,6,3.0,True,2025-06,Friday,99868.12816186744,207.82000819103268,0.20766229247999266
6,2025-06-30 00:05:00+00:00,2025-06-30 00:08:00+00:00,long,144.52157985227225,144.59157985227225,144.42157985227226,144.59157985227225,TP_Hit_7,6.999999999999318,242.06112164868614,242.06112164868614,500000,PTS_Mid,2,144.49450000000002,1.3499999999993406,"B,C,D",3,unknown,IB_Formation_PTS,41.43835616438518,144.53372222222222,7.075021499264267,4.51891669198119,3.0,3.0,Monday,0,3.0,True,2025-06,Monday,100110.18928351613,0.0,0.0
7,2025-06-30 01:19:00+00:00,2025-06-30 01:24:00+00:00,long,144.51683613800182,144.41683613800183,144.41683613800183,144.58683613800181,SL_Hit_10,-9.999999999999432,-346.22002071987066,-346.22002071987066,500000,PTS_Mid,2,144.49450000000002,1.2499999999988631,"C,D",2,wide,Morning_Active,64.09608091023878,144.58625833333332,0.0,11.464010658559687,,5.0,Monday,1,5.0,False,2025-06,Monday,99763.96926279625,346.22002071987663,0.3458389432661719
8,2025-06-30 01:22:00+00:00,2025-06-30 01:25:00+00:00,long,144.49281220687604,144.39281220687604,144.39281220687604,144.56281220687603,SL_Hit_10,-9.999999999999432,-346.277624459316,-346.277624459316,500000,IB_Low,1,144.476,0.7000000000005002,C,1,wide,Morning_Active,64.09608091023878,144.58274297188754,1.138046275201532,12.26142941972057,1.0,3.0,Monday,1,3.0,False,2025-06,Monday,99417.69163833694,692.4976451791881,0.6917354268684944
9,2025-06-30 02:01:00+00:00,2025-06-30 02:08:00+00:00,long,144.22398162535657,144.12398162535658,144.12398162535658,144.29398162535657,SL_Hit_10,-9.999999999999432,-346.9235267866092,-346.9235267866092,500000,PTS_Low,1,144.178,3.8000000000010914,"B,C",2,wide,Morning_Active,29.577464788731916,144.50404098360656,2.1077064999872164,10.184430215153384,3.0,7.0,Monday,2,7.0,False,2025-06,Monday,99070.76811155034,1039.4211719657906,1.038277101866332
10,2025-06-30 02:05:00+00:00,2025-06-30 02:08:00+00:00,long,144.22592429023234,144.12592429023235,144.12592429023235,144.29592429023234,SL_Hit_10,-9.999999999999432,-346.9188506247501,-346.9188506247501,500000,PTS_Low,1,144.178,3.999999999999204,"B,C",2,wide,Morning_Active,29.577464788731916,144.49489947089947,0.0,10.378696702730394,,3.0,Monday,2,3.0,False,2025-06,Monday,98723.84926092559,1386.3400225905352,1.3848141058492696
11,2025-07-01 00:00:00+00:00,2025-07-01 00:02:00+00:00,long,143.7668893719979,143.6668893719979,143.6668893719979,143.8368893719979,SL_Hit_10,-9.999999999999432,-348.02730273175007,-348.02730273175007,500000,PTS_Low,1,143.782,2.800000000002001,"B,C",2,unknown,IB_Formation_PTS,29.729729729726756,143.758,0.0,15.18571992160389,,2.0,Tuesday,0,2.0,False,2025-07,Tuesday,98375.82195819385,1734.3673253222805,1.7324583418881385
13,2025-07-01 01:03:00+00:00,2025-07-01 01:08:00+00:00,long,143.55600011711402,143.58601479150576,143.45600011711403,143.62600011711402,Trailing_Stop,3.001467439173666,104.51809821213963,104.51809821213963,500000,IB_Low,1,143.555,0.9000000000014552,"B,C,D",3,wide,Morning_Active,19.174434087881096,143.66619791666668,6.401301479442623,2.9994490610619096,3.0,5.0,Tuesday,1,5.0,True,2025-07,Tuesday,98480.34005640598,1629.8492271101422,1.6280552846567327
12,2025-07-01 01:00:00+00:00,2025-07-01 01:20:00+00:00,long,143.59002453718966,143.49002453718967,143.49002453718967,143.66002453718966,SL_Hit_10,-9.999999999999432,-348.4562788337819,-348.4562788337819,500000,IB_Low,1,143.555,2.5000000000005684,"B,C",2,wide,Morning_Active,19.174434087881096,143.6711038251366,2.9988594718787454,11.01224958590592,6.0,20.0,Tuesday,1,20.0,False,2025-07,Tuesday,98131.8837775722,1978.3055059439212,1.9761280246322173
14,2025-07-01 01:09:00+00:00,2025-07-01 01:20:00+00:00,long,143.58698626969357,143.48698626969357,143.48698626969357,143.65698626969356,SL_Hit_10,-9.999999999999432,-348.46365722685647,-348.46365722685647,500000,IB_Low,1,143.555,2.199999999999136,"A,B,C",3,wide,Morning_Active,19.174434087881096,143.66021904761905,2.1020399003845114,10.70842283629645,2.0,11.0,Tuesday,1,11.0,False,2025-07,Tuesday,97783.42012034536,2326.769163170771,2.324208134879524
15,2025-07-01 01:59:00+00:00,2025-07-01 02:07:00+00:00,short,143.78735449276175,143.76648338865775,143.88735449276174,143.71735449276176,Trailing_Stop,2.087110410400328,72.58682139278741,72.58682139278741,500000,IB_High,1,143.814,1.5999999999991132,C,1,wide,Morning_Active,37.37373737373756,143.65840277777778,5.387110410401874,5.722378887125501,8.0,8.0,Tuesday,1,8.0,True,2025-07,Tuesday,97856.00694173815,2254.1823417779815,2.2517012083495773
16,2025-07-01 02:02:00+00:00,2025-07-01 02:07:00+00:00,short,143.78440215746747,143.76648338865775,143.88440215746746,143.71440215746748,Trailing_Stop,1.7918768809721541,62.31900644491669,62.31900644491669,500000,IB_High,1,143.814,2.0999999999986585,C,1,wide,Morning_Active,45.07658643325998,143.66181300813008,5.0918768809737,6.017612416553675,5.0,5.0,Tuesday,2,5.0,True,2025-07,Tuesday,97918.32594818306,2191.863335333066,2.1894507951889093
17,2025-07-01 03:39:00+00:00,2025-07-01 03:58:00+00:00,short,143.79283186302413,143.89283186302413,143.89283186302413,143.72283186302414,SL_Hit_10,-9.999999999999432,-347.48082550487055,-347.48082550487055,500000,IB_High,1,143.814,1.3999999999981583,C,1,wide,Afternoon_Active,51.42857142857235,143.68597272727274,3.1988302585148176,10.769399257358714,9.0,19.0,Tuesday,3,19.0,False,2025-07,Tuesday,97570.84512267819,2539.344160837936,2.5365491554974593
18,2025-07-01 03:42:00+00:00,2025-07-01 03:58:00+00:00,short,143.792938115668,143.892938115668,143.892938115668,143.722938115668,SL_Hit_10,-9.999999999999432,-347.4805689199617,-347.4805689199617,500000,IB_High,1,143.814,1.3999999999981583,C,1,wide,Afternoon_Active,51.42857142857235,143.68744394618832,3.2094555229008392,10.758773992972692,6.0,16.0,Tuesday,3,16.0,False,2025-07,Tuesday,97223.36455375823,2886.824729757893,2.8836472595035136
19,2025-07-02 07:03:00+00:00,2025-07-02 07:17:00+00:00,short,143.89046787407497,143.88103285589116,143.97046787407498,143.84046787407496,Trailing_Stop,0.9435018183808097,28.667613010416808,28.667613010416808,437172,PTS_High,1,143.938,3.8999999999987267,"B,C",2,volatile,Late_Session,69.99999999999702,143.6162507861635,4.143501818381878,6.314173970386605,13.0,14.0,Wednesday,7,14.0,True,2025-07,Wednesday,97252.03216676865,2858.157116747476,2.8550112003614925
21,2025-07-03 01:04:00+00:00,2025-07-03 01:07:00+00:00,short,143.58280951033262,143.68280951033262,143.68280951033262,143.51280951033263,SL_Hit_10,-9.999999999999432,-347.9887411054662,-347.9887411054662,500000,IB_High,1,143.616,2.400000000000091,C,1,normal,Morning_Active,43.62292051756077,143.52807692307692,0.0,11.8491607519843,,3.0,Thursday,1,3.0,False,2025-07,Thursday,96904.04342566319,3206.145857852942,3.202616917218093
20,2025-07-03 01:00:00+00:00,2025-07-03 01:30:00+00:00,short,143.61096143487697,143.54096143487698,143.71096143487696,143.54096143487698,TP_Hit_7,6.999999999999318,243.8328380284378,243.8328380284378,500000,IB_High,1,143.616,0.39999999999906777,C,1,normal,Morning_Active,43.62292051756077,143.524043715847,7.718395577444426,9.033968297549677,30.0,30.0,Thursday,1,30.0,True,2025-07,Thursday,97147.87626369162,2962.3130198245053,2.9590524611187323
22,2025-07-03 01:24:00+00:00,2025-07-03 02:08:00+00:00,long,143.55073470209314,143.62073470209313,143.45073470209314,143.62073470209313,TP_Hit_7,6.999999999999318,243.69740255538812,243.69740255538812,500000,IB_Mid,2,143.531,0.9999999999990905,"B,C,D",3,normal,Morning_Active,42.67631103073981,143.54425098039215,7.858862534024524,7.2426213565194075,44.0,44.0,Thursday,1,44.0,True,2025-07,Thursday,97391.57366624702,2718.6156172691117,2.7156232914212977
23,2025-07-03 01:35:00+00:00,2025-07-03 02:08:00+00:00,long,143.54377188127359,143.61377188127358,143.4437718812736,143.61377188127358,TP_Hit_7,6.999999999999318,243.7092177269135,243.7092177269135,500000,IB_Mid,2,143.531,0.2999999999985903,"A,B,C,D",4,normal,Morning_Active,41.843971631204425,143.54582291666665,8.55514461597977,6.546339274564161,33.0,33.0,Thursday,1,33.0,True,2025-07,Thursday,97635.28288397392,2474.906399542204,2.4721823195570716
24,2025-07-03 02:08:00+00:00,2025-07-03 02:22:00+00:00,short,143.6253233274334,143.7253233274334,143.7253233274334,143.5553233274334,SL_Hit_10,-9.999999999999432,-347.885806359174,-347.885806359174,500000,IB_High,1,143.616,1.6999999999995907,C,1,normal,Morning_Active,49.36479128856833,143.5454056847545,0.0,14.369993286459248,,14.0,Thursday,2,14.0,False,2025-07,Thursday,97287.39707761475,2822.79220590138,2.819685214965599
25,2025-07-04 01:16:00+00:00,2025-07-04 01:27:00+00:00,long,144.5999878861478,144.6699878861478,144.4999878861478,144.6699878861478,TP_Hit_7,6.999999999999318,241.92992970691924,241.92992970691924,500000,IB_Low,1,144.573,1.8000000000000682,"B,C",2,wide,Morning_Active,17.269076305222796,144.65186147186145,10.116316383229673,2.6966905534948182,11.0,11.0,Friday,1,11.0,True,2025-07,Friday,97529.32700732167,2580.862276194457,2.5780215726946136
26,2025-07-04 01:55:00+00:00,2025-07-04 02:26:00+00:00,short,144.75317178903452,144.68317178903453,144.85317178903452,144.68317178903453,TP_Hit_7,6.999999999999318,241.90788442923275,241.90788442923275,500000,IB_High,1,144.784,2.199999999999136,C,1,wide,Morning_Active,30.536912751678955,144.66790229885058,7.126108620337845,4.781861500347873,31.0,31.0,Friday,1,31.0,True,2025-07,Friday,97771.23489175091,2338.954391765219,2.3363799514365167
27,2025-07-04 01:58:00+00:00,2025-07-04 02:27:00+00:00,short,144.75109787893672,144.68109787893673,144.8510978789367,144.68109787893673,TP_Hit_7,6.999999999999318,241.91135202252318,241.91135202252318,500000,IB_High,1,144.784,2.400000000000091,C,1,wide,Morning_Active,30.536912751678955,144.67036974789917,7.115838523318985,4.989252510128495,29.0,29.0,Friday,1,29.0,True,2025-07,Friday,98013.14624377343,2097.043039742697,2.094734866401846
28,2025-07-07 00:33:00+00:00,2025-07-07 00:39:00+00:00,short,144.45099048197196,144.4340677040748,144.55099048197195,144.38099048197196,Trailing_Stop,1.6922777897150354,58.583055113502574,58.583055113502574,500000,PTS_Mid,2,144.4885,2.8499999999979764,"C,D",2,unknown,IB_Formation_PTS,44.463373083472696,144.39048039215686,6.592277789715695,1.7027044932547142,6.0,6.0,Monday,0,6.0,True,2025-07,Monday,98071.72929888693,2038.4599846291967,2.036216292485668
29,2025-07-07 01:14:00+00:00,2025-07-07 01:39:00+00:00,long,144.3089457936347,144.3789457936347,144.2089457936347,144.3789457936347,TP_Hit_7,6.999999999999318,242.41761710895977,242.41761710895977,500000,IB_Low,1,144.297,0.30000000000143245,C,1,wide,Morning_Active,44.81751824817284,144.37825777777778,7.07542864325319,9.380987704997779,25.0,25.0,Monday,1,25.0,True,2025-07,Monday,98314.1469159959,1796.0423675202328,1.794065499600413
30,2025-07-07 01:45:00+00:00,2025-07-07 01:54:00+00:00,short,144.45374812752942,144.55374812752942,144.55374812752942,144.38374812752943,SL_Hit_10,-9.999999999999432,-345.8921034402079,-345.8921034402079,500000,PTS_Mid,2,144.4885,2.6499999999998636,"C,D",2,wide,Morning_Active,43.99999999999925,144.36001572327044,1.1496437451938846,11.456541971855927,2.0,9.0,Monday,1,9.0,False,2025-07,Monday,97968.2548125557,2141.934470960434,2.139576886518902
31,2025-07-07 01:48:00+00:00,2025-07-07 01:54:00+00:00,short,144.4627453680788,144.5627453680788,144.5627453680788,144.3927453680788,SL_Hit_10,-9.999999999999432,-345.8705759404993,-345.8705759404993,500000,PTS_Mid,2,144.4885,1.7499999999984084,"C,D",2,wide,Morning_Active,43.99999999999925,144.3625749235474,0.0,10.556817916918249,,6.0,Monday,1,6.0,False,2025-07,Monday,97622.3842366152,2487.805046900932,2.485066769632577
33,2025-07-07 01:57:00+00:00,2025-07-07 02:21:00+00:00,short,144.5266324809546,144.62663248095458,144.62663248095458,144.4566324809546,SL_Hit_10,-9.999999999999432,-345.71779168391754,-345.71779168391754,500000,IB_High,1,144.508,2.6999999999986812,C,1,wide,Morning_Active,43.99999999999925,144.37480508474576,2.3969756496256878,10.041314537463109,11.0,24.0,Monday,1,24.0,False,2025-07,Monday,97276.66644493128,2833.522838584846,2.830404036656243
32,2025-07-07 01:54:00+00:00,2025-07-07 02:22:00+00:00,short,144.52968645275203,144.62968645275203,144.62968645275203,144.45968645275204,SL_Hit_10,-9.999999999999432,-345.7104915755403,-345.7104915755403,500000,IB_High,1,144.508,3.0000000000001137,C,1,wide,Morning_Active,43.99999999999925,144.37022318840582,2.7023728293698923,11.938332355913417,14.0,28.0,Monday,1,28.0,False,2025-07,Monday,96930.95595335575,3179.2333301603794,3.1757340116066124
34,2025-07-09 01:08:00+00:00,2025-07-09 01:10:00+00:00,short,146.91910366844027,147.01910366844027,147.01910366844027,146.84910366844028,SL_Hit_10,-9.999999999999432,-340.091857128703,-340.091857128703,500000,IB_High,1,146.913,1.5999999999991132,"B,C",2,normal,Morning_Active,73.33333333333478,146.82972463768115,0.0,12.073167679093899,,2.0,Wednesday,1,2.0,False,2025-07,Wednesday,96590.86409622704,3519.3251872890833,3.5154515364287353
35,2025-07-09 01:37:00+00:00,2025-07-09 01:41:00+00:00,long,146.7675619445101,146.8375619445101,146.6675619445101,146.8375619445101,TP_Hit_7,6.999999999999318,238.35862933506814,238.35862933506814,500000,IB_Low,1,146.732,2.600000000001046,C,1,normal,Morning_Active,65.07304116865868,146.8350068027211,8.68416405926098,3.9131724479346985,4.0,4.0,Wednesday,1,4.0,True,2025-07,Wednesday,96829.22272556211,3280.966557954016,3.277355263670699
36,2025-07-09 06:56:00+00:00,2025-07-09 07:11:00+00:00,long,146.84523087798158,146.74523087798158,146.74523087798158,146.91523087798157,SL_Hit_10,-9.999999999999432,-340.7265755816765,-340.7265755816765,500000,IB_Mid,2,146.8225,1.3500000000021828,"B,C",2,normal,Afternoon_Active,28.769841269839816,146.97126938449242,0.0,12.60702896774717,,15.0,Wednesday,6,15.0,False,2025-07,Wednesday,96488.49614998043,3621.693133535693,3.6177068083238866
37,2025-07-09 06:59:00+00:00,2025-07-09 07:17:00+00:00,long,146.81313826605236,146.71313826605237,146.71313826605237,146.88313826605236,SL_Hit_10,-9.999999999999432,-340.8011074599619,-340.8011074599619,500000,IB_Mid,2,146.8225,1.8499999999988859,"B,C",2,normal,Afternoon_Active,28.769841269839816,146.97027063492064,1.5984443790955538,11.89006216766586,10.0,18.0,Wednesday,6,18.0,False,2025-07,Wednesday,96147.69504252047,3962.4942409956566,3.958132802819613
38,2025-07-09 07:17:00+00:00,2025-07-09 07:36:00+00:00,long,146.7227623556243,146.75116547784066,146.64276235562428,146.7727623556243,Trailing_Stop,2.8403122216360543,96.77307203617883,96.77307203617883,500000,IB_Low,1,146.732,1.8000000000000682,"B,C",2,normal,Late_Session,23.692810457514668,146.96298554033487,4.940312221637555,4.855555150612645,19.0,19.0,Wednesday,7,19.0,True,2025-07,Wednesday,96244.46811455664,3865.721168959484,3.8614662469687326
39,2025-07-09 07:20:00+00:00,2025-07-09 07:37:00+00:00,long,146.7327449800322,146.78274498003222,146.6527449800322,146.78274498003222,TP_Hit_5_late,5.000000000001137,170.31974707522056,170.31974707522056,500000,IB_Low,1,146.732,0.8000000000009777,"B,C",2,normal,Late_Session,23.692810457514668,146.96126606198035,5.240971363210178,5.853817591403754,17.0,17.0,Wednesday,7,17.0,True,2025-07,Wednesday,96414.78786163186,3695.401421884264,3.691333967433362
40,2025-07-11 00:35:00+00:00,2025-07-11 00:53:00+00:00,short,146.4304599336682,146.5304599336682,146.5304599336682,146.3604599336682,SL_Hit_10,-9.999999999999432,-341.2259814282388,-341.2259814282388,500000,PTS_High,1,146.466,2.600000000001046,"B,C",2,unknown,IB_Formation_PTS,67.16417910447518,146.3350925925926,1.8918467424242635,12.523537162809362,7.0,18.0,Friday,0,18.0,False,2025-07,Friday,96073.56188020362,4036.6274033125082,4.032184368247087
41,2025-07-11 00:38:00+00:00,2025-07-11 00:53:00+00:00,short,146.45146734220071,146.5514673422007,146.5514673422007,146.38146734220072,SL_Hit_10,-9.999999999999432,-341.1770684168322,-341.1770684168322,500000,PTS_High,1,146.466,0.49999999999954525,"B,C,D",3,unknown,IB_Formation_PTS,67.16417910447518,146.3443418803419,3.9925875956754453,10.42279630955818,4.0,15.0,Friday,0,15.0,False,2025-07,Friday,95732.38481178679,4377.804471729338,4.372985909886972
42,2025-07-15 01:56:00+00:00,2025-07-15 02:19:00+00:00,short,147.76500580645936,147.69500580645936,147.86500580645935,147.69500580645936,TP_Hit_7,6.999999999999318,236.97483749627156,236.97483749627156,500000,IB_High,1,147.798,2.400000000000091,C,1,wide,Morning_Active,50.09140767824282,147.680452991453,8.344950427400022,6.607056238220821,23.0,23.0,Tuesday,1,23.0,True,2025-07,Tuesday,95969.35964928305,4140.829634233072,4.136271905855731
43,2025-07-15 01:59:00+00:00,2025-07-15 02:19:00+00:00,short,147.76898122902244,147.69898122902245,147.86898122902244,147.69898122902245,TP_Hit_7,6.999999999999318,236.96845915088264,236.96845915088264,500000,IB_High,1,147.798,2.000000000001023,C,1,wide,Morning_Active,50.09140767824282,147.68302777777777,8.742492683708747,6.209513981912096,20.0,20.0,Tuesday,1,20.0,True,2025-07,Tuesday,96206.32810843394,3903.8611750821874,3.8995642731493527
44,2025-07-15 05:26:00+00:00,2025-07-15 06:25:00+00:00,long,147.60143081735455,147.62469437669503,147.50143081735456,147.67143081735455,Trailing_Stop,2.326355934047797,78.79291279383168,78.79291279383168,500000,IB_Low,1,147.564,3.0000000000001137,"B,C",2,wide,Afternoon_Active,37.26315789473794,147.66551681957185,5.526355934046023,5.683812270527255,59.0,59.0,Tuesday,5,59.0,True,2025-07,Tuesday,96285.12102122777,3825.0682622883614,3.820858086139077
45,2025-07-15 05:29:00+00:00,2025-07-15 06:25:00+00:00,long,147.59445192579207,147.62469437669503,147.49445192579208,147.66445192579206,Trailing_Stop,3.0242450902960627,102.43018971402827,102.43018971402827,500000,IB_Low,1,147.564,2.2999999999996135,"B,C",2,wide,Afternoon_Active,37.26315789473794,147.66477676767676,6.224245090294289,4.9859231142789895,56.0,56.0,Tuesday,5,56.0,True,2025-07,Tuesday,96387.55121094179,3722.6380725743365,3.7185406392866507
46,2025-07-15 07:05:00+00:00,2025-07-15 07:21:00+00:00,short,147.76803247299316,147.71803247299314,147.84803247299317,147.71803247299314,TP_Hit_5_late,5.000000000001137,169.24135517832843,169.24135517832843,500000,IB_High,1,147.798,2.199999999999136,"B,C",2,wide,Late_Session,63.4502923976622,147.65934428794992,6.900210512915805,3.0016602855283736,16.0,16.0,Tuesday,7,16.0,True,2025-07,Tuesday,96556.79256612012,3553.396717396012,3.549485564683778
47,2025-07-15 07:09:00+00:00,2025-07-15 07:21:00+00:00,short,147.76998126989724,147.71998126989723,147.84998126989726,147.71998126989723,TP_Hit_5_late,5.000000000001137,169.23912246054593,169.23912246054593,500000,IB_High,1,147.798,2.000000000001023,"B,C",2,wide,Late_Session,63.4502923976622,147.66021162790696,7.095090203324617,2.8067805951195623,12.0,12.0,Tuesday,7,12.0,True,2025-07,Tuesday,96726.03168858067,3384.157594935459,3.3804327203411706
49,2025-07-18 00:04:00+00:00,2025-07-18 00:09:00+00:00,long,148.38257083401334,148.45257083401333,148.28257083401334,148.45257083401333,TP_Hit_7,6.999999999999318,235.7655364495542,235.7655364495542,500000,PTS_Mid,2,148.39600000000002,2.7000000000015234,"B,C",2,unknown,IB_Formation_PTS,34.907597535937654,148.38373333333334,8.388276323410082,5.412764278892723,5.0,5.0,Friday,0,5.0,True,2025-07,Friday,96961.79722503023,3148.3920584859006,3.144926686303156
48,2025-07-18 00:01:00+00:00,2025-07-18 00:10:00+00:00,long,148.40960153106337,148.47960153106337,148.30960153106338,148.47960153106337,TP_Hit_7,6.999999999999318,235.72261535652257,235.72261535652257,500000,PTS_Mid,2,148.39600000000002,2.8421709430404007e-12,"B,C",2,unknown,IB_Formation_PTS,34.907597535937654,148.42333333333335,7.2852579720319,9.11813701105757,9.0,9.0,Friday,0,9.0,True,2025-07,Friday,97197.51984038675,2912.6694431293727,2.9094635261157826
51,2025-07-18 03:35:00+00:00,2025-07-18 04:04:00+00:00,short,148.6062487136342,148.70624871363418,148.70624871363418,148.5362487136342,SL_Hit_10,-9.999999999999432,-336.2333488506115,-336.2333488506115,500000,IB_High,1,148.625,1.2000000000000455,"A,C",2,wide,Afternoon_Active,58.73388042203925,148.4987561728395,0.9444572835008103,10.08139243878361,2.0,29.0,Friday,3,29.0,False,2025-07,Friday,96861.28649153614,3248.9027919799846,3.2453267896427205
50,2025-07-18 03:32:00+00:00,2025-07-18 04:07:00+00:00,short,148.60733051948185,148.70733051948184,148.70733051948184,148.53733051948186,SL_Hit_10,-9.999999999999432,-336.2309028433993,-336.2309028433993,500000,IB_High,1,148.625,1.099999999999568,"A,C",2,wide,Afternoon_Active,58.73388042203925,148.4971111111111,1.0526378682669701,10.37028126083328,5.0,35.0,Friday,3,35.0,False,2025-07,Friday,96525.05558869275,3585.13369482338,3.581187609854713
53,2025-07-18 05:33:00+00:00,2025-07-18 06:10:00+00:00,short,148.78171532066006,148.76501968431353,148.88171532066005,148.71171532066006,Trailing_Stop,1.6695636346526044,56.11412004634887,56.11412004634887,500000,PTS_High,1,148.807,1.6999999999995907,"B,C",2,wide,Afternoon_Active,75.84905660376945,148.56262175648703,5.268468270531912,3.5478382584557266,36.0,37.0,Friday,5,37.0,True,2025-07,Friday,96581.1697087391,3529.019574777034,3.52513525349823
52,2025-07-18 05:30:00+00:00,2025-07-18 06:24:00+00:00,short,148.773699327477,148.7652324644419,148.873699327477,148.703699327477,Trailing_Stop,0.8466863035096139,28.457129716514583,28.457129716514583,500000,PTS_High,1,148.807,2.4999999999977263,"B,C",2,wide,Afternoon_Active,75.84905660376945,148.5605901309164,5.051240861044448,4.349437576760806,48.0,54.0,Friday,5,54.0,True,2025-07,Friday,96609.6268384556,3500.5624450605246,3.4967094459753634
55,2025-07-18 06:32:00+00:00,2025-07-18 06:56:00+00:00,short,148.78048021100525,148.71048021100526,148.88048021100525,148.71048021100526,TP_Hit_7,6.999999999999318,235.35664702538182,235.35664702538182,500000,PTS_High,1,148.807,1.6999999999995907,"B,C",2,wide,Afternoon_Active,80.76923076922712,148.5922425784563,7.889083622922044,6.817412062255812,24.0,24.0,Friday,6,24.0,True,2025-07,Friday,96844.98348548099,3265.2057980351383,3.261611851305108
54,2025-07-18 06:29:00+00:00,2025-07-18 07:00:00+00:00,short,148.7575482717875,148.75358937477603,148.8575482717875,148.6875482717875,Trailing_Stop,0.3958897011472118,13.306895746555421,13.306895746555421,500000,PTS_High,1,148.807,3.999999999999204,"B,C",2,wide,Afternoon_Active,82.79816513761216,148.5908863247863,5.5958897011464614,9.110605984031395,27.0,31.0,Friday,6,31.0,True,2025-07,Friday,96858.29038122755,3251.89890228858,3.24831960219261
56,2025-07-21 00:03:00+00:00,2025-07-21 00:15:00+00:00,long,148.35127501625328,148.2512750162533,148.2512750162533,148.42127501625328,SL_Hit_10,-9.999999999999432,-337.26522753018816,-337.26522753018816,500000,PTS_Low,1,148.332,0.6000000000000227,C,1,unknown,IB_Formation_PTS,41.38477801268465,148.40791666666667,1.3286560365514788,10.6961097032098,5.0,12.0,Monday,0,12.0,False,2025-07,Monday,96521.02515369735,3589.164129818775,3.585213608630902
57,2025-07-21 00:06:00+00:00,2025-07-21 00:18:00+00:00,long,148.3293706578119,148.2293706578119,148.2293706578119,148.3993706578119,SL_Hit_10,-9.999999999999432,-337.3150663603799,-337.3150663603799,500000,PTS_Low,1,148.332,1.5999999999991132,C,1,unknown,IB_Formation_PTS,41.38477801268465,148.3757619047619,3.519091880690439,10.016032830154131,2.0,12.0,Monday,0,12.0,False,2025-07,Monday,96183.71008733698,3926.479196179149,3.9221573990427685
58,2025-07-21 01:01:00+00:00,2025-07-21 01:12:00+00:00,short,148.4536733190507,148.4361039262809,148.5536733190507,148.3836733190507,Trailing_Stop,1.7569392769786418,59.18166909888734,59.18166909888734,500000,IB_High,1,148.49,2.600000000001046,"B,C,D",3,wide,Morning_Active,65.8112582781448,148.34320967741937,5.556939276976891,3.6556569056074295,10.0,11.0,Monday,1,11.0,True,2025-07,Monday,96242.89175643587,3867.2975270802563,3.8630408700236423
59,2025-07-21 01:04:00+00:00,2025-07-21 01:12:00+00:00,short,148.4577464937423,148.4361039262809,148.5577464937423,148.3877464937423,Trailing_Stop,2.1642567461384488,72.9019655222594,72.9019655222594,500000,IB_High,1,148.49,2.200000000001978,"B,C,D",3,wide,Morning_Active,65.8112582781448,148.34794871794873,5.964256746136698,3.2483394364476226,7.0,8.0,Monday,1,8.0,True,2025-07,Monday,96315.79372195814,3794.3955615579907,3.7902191462370607
61,2025-07-21 01:32:00+00:00,2025-07-21 02:48:00+00:00,short,148.45396872279278,148.55396872279277,148.55396872279277,148.3839687227928,SL_Hit_10,-9.999999999999432,-336.57801558502297,-336.57801558502297,500000,IB_High,1,148.49,2.600000000001046,"B,C,D",3,wide,Morning_Active,52.591170825335844,148.37289247311827,1.3902239718902365,10.093609126093384,3.0,76.0,Monday,1,76.0,False,2025-07,Monday,95979.21570637311,4130.973577143013,4.1264266971306265
60,2025-07-21 01:25:00+00:00,2025-07-21 02:49:00+00:00,short,148.46001384503083,148.56001384503082,148.56001384503082,148.39001384503084,SL_Hit_10,-9.999999999999432,-336.5643197378418,-336.5643197378418,500000,IB_High,1,148.49,2.000000000001023,"B,C,D",3,wide,Morning_Active,60.06467259498818,148.366996124031,4.101578744143808,10.787600062639058,3.0,84.0,Monday,1,84.0,False,2025-07,Monday,95642.65138663528,4467.537896880851,4.462620567251753
62,2025-07-21 05:35:00+00:00,2025-07-21 05:44:00+00:00,long,148.2792218240803,148.3047549219999,148.17922182408032,148.3492218240803,Trailing_Stop,2.5533097919577585,86.0832072882848,86.0832072882848,500000,IB_Low,1,148.243,2.899999999999636,"B,C",2,wide,Afternoon_Active,28.80733944954241,148.44088095238095,6.652339162710064,2.444254746205843,8.0,9.0,Monday,5,9.0,True,2025-07,Monday,95728.73459392357,4381.45468959256,4.376632110028383
63,2025-07-21 06:05:00+00:00,2025-07-21 06:12:00+00:00,long,148.26285005307577,148.16285005307577,148.16285005307577,148.33285005307576,SL_Hit_10,-9.999999999999432,-337.4665105462393,-337.4665105462393,500000,IB_Low,1,148.243,1.099999999999568,"B,C",2,wide,Afternoon_Active,31.91056910569202,148.42915300546449,0.0,11.596367036921151,,7.0,Monday,6,7.0,False,2025-07,Monday,95391.26808337733,4718.921200138793,4.713727177934522
64,2025-07-21 06:08:00+00:00,2025-07-21 06:13:00+00:00,long,148.22896422772965,148.12896422772965,148.12896422772965,148.29896422772964,SL_Hit_10,-9.999999999999432,-337.54370902863025,-337.54370902863025,500000,IB_Low,1,148.243,2.2999999999996135,"B,C",2,wide,Afternoon_Active,31.91056910569202,148.4274977416441,0.0,11.81138351119273,,5.0,Monday,6,5.0,False,2025-07,Monday,95053.7243743487,5056.464909167422,5.050899359352231
65,2025-07-24 01:02:00+00:00,2025-07-24 01:07:00+00:00,long,146.3054372545515,146.2054372545515,146.2054372545515,146.37543725455149,SL_Hit_10,-9.999999999999432,-341.9845454375577,-341.9845454375577,500000,IB_Low,1,146.268,2.899999999999636,C,1,wide,Morning_Active,46.39804639804676,146.39144973544973,0.0,13.200881792036512,,5.0,Thursday,1,5.0,False,2025-07,Thursday,94711.73982891114,5398.449454604983,5.392507489239037
66,2025-07-24 01:05:00+00:00,2025-07-24 01:12:00+00:00,long,146.24451389460606,146.14451389460606,146.14451389460606,146.31451389460605,SL_Hit_10,-9.999999999999432,-342.1271087606838,-342.1271087606838,500000,PTS_Low,1,146.198,3.7999999999982492,C,1,wide,Morning_Active,46.39804639804676,146.38454545454545,0.6914542025072024,13.524627436103742,2.0,7.0,Thursday,1,7.0,False,2025-07,Thursday,94369.61272015046,5740.57656336567,5.73425802553237
67,2025-07-24 01:08:00+00:00,2025-07-24 01:13:00+00:00,long,146.1816020561108,146.0816020561108,146.0816020561108,146.25160205611078,SL_Hit_10,-9.999999999999432,-342.2744500076873,-342.2744500076873,500000,PTS_Low,1,146.198,2.5000000000005684,C,1,wide,Morning_Active,46.39804639804676,146.37703381642513,2.4764440264220866,11.636849384663606,1.0,5.0,Thursday,1,5.0,False,2025-07,Thursday,94027.33827014278,6082.851013373351,6.076155740897132
68,2025-07-28 00:46:00+00:00,2025-07-28 00:52:00+00:00,short,147.786608813042,147.716608813042,147.886608813042,147.716608813042,TP_Hit_7,6.999999999999318,236.94018080454617,236.94018080454617,500000,PTS_High,1,147.832,3.6000000000001364,C,1,unknown,IB_Formation_PTS,57.51503006011875,147.7275460992908,8.116566754210908,3.6791959561981002,6.0,6.0,Monday,0,6.0,True,2025-07,Monday,94264.27845094733,5845.910832568799,5.839476355411677
69,2025-07-28 01:00:00+00:00,2025-07-28 01:04:00+00:00,long,147.60746574565147,147.50746574565147,147.50746574565147,147.67746574565146,SL_Hit_10,-9.999999999999432,-338.9658940125284,-338.9658940125284,500000,IB_Low,1,147.602,0.39999999999906777,C,1,wide,Morning_Active,42.32488822652929,147.7232950819672,0.0,10.091051736944223,,4.0,Monday,1,4.0,False,2025-07,Monday,93925.3125569348,6184.876726581322,6.1780691564427075
70,2025-07-28 01:26:00+00:00,2025-07-28 01:56:00+00:00,short,147.77708621870005,147.87708621870004,147.87708621870004,147.70708621870006,SL_Hit_10,-9.999999999999432,-338.11864487274653,-338.11864487274653,500000,IB_High,1,147.814,2.7999999999991587,C,1,wide,Morning_Active,44.62444771723068,147.6939540229885,3.9276386519077278,10.120672179405688,3.0,30.0,Monday,1,30.0,False,2025-07,Monday,93587.19391206205,6522.995371454075,6.515815640884154
71,2025-07-28 01:35:00+00:00,2025-07-28 01:57:00+00:00,short,147.78738984161788,147.88738984161787,147.88738984161787,147.6873898416179,SL_Hit_10,-9.999999999999432,-338.0950874415011,-338.0950874415011,500000,IB_High,1,147.814,1.8000000000000682,"A,C",3,wide,Morning_Active,54.094292803970326,147.69997222222221,3.8840148699591737,10.090869236535127,2.0,22.0,Monday,1,22.0,False,2025-07,Monday,93249.09882462055,6861.090458895575,6.85353859382354
72,2025-07-28 01:56:00+00:00,2025-07-28 02:07:00+00:00,short,147.8617070595059,147.9617070595059,147.9617070595059,147.7917070595059,SL_Hit_10,-9.999999999999432,-337.92527129934103,-337.92527129934103,500000,PTS_High,1,147.832,3.8000000000010914,C,1,wide,Morning_Active,55.36791314837141,147.71730769230768,1.7391763797661497,11.373945642390026,3.0,11.0,Monday,1,11.0,False,2025-07,Monday,92911.1735533212,7199.015730194922,7.191091917534005
73,2025-07-29 02:12:00+00:00,2025-07-29 02:27:00+00:00,long,148.46313422427266,148.36313422427267,148.36313422427267,148.53313422427266,SL_Hit_10,-9.999999999999432,-337.01094454108,-337.01094454108,500000,IB_Low,1,148.43,2.5999999999982037,C,1,wide,Morning_Active,51.67958656330816,148.5568395989975,0.1722914051498492,12.717924638448608,4.0,15.0,Tuesday,2,15.0,False,2025-07,Tuesday,92574.16260878013,7536.026674736,7.527731920867381
74,2025-07-29 02:15:00+00:00,2025-07-29 02:27:00+00:00,long,148.4411427230396,148.3411427230396,148.3411427230396,148.5111427230396,SL_Hit_10,-9.999999999999432,-337.06090624736305,-337.06090624736305,500000,IB_Low,1,148.43,0.39999999999906777,C,1,wide,Morning_Active,45.55808656036437,148.55401960784314,2.3714415284558754,10.518774515142582,1.0,12.0,Tuesday,2,12.0,False,2025-07,Tuesday,92237.10170253276,7873.087580983367,7.864421830915195
75,2025-07-29 07:33:00+00:00,2025-07-29 07:38:00+00:00,short,148.67981473427085,148.75981473427086,148.75981473427086,148.62981473427084,SL_Hit_8,-8.00000000000125,-268.8898212965519,-268.8898212965519,500000,IB_High,1,148.714,2.600000000001046,"B,C",2,wide,Late_Session,66.79536679536864,148.42513729809104,0.16503180417259955,8.03310529491057,2.0,5.0,Tuesday,7,5.0,False,2025-07,Tuesday,91968.2118812362,8141.977402279925,8.133015690562239
76,2025-07-29 07:36:00+00:00,2025-07-29 07:47:00+00:00,short,148.68984344645844,148.6761671747635,148.76984344645845,148.63984344645843,Trailing_Stop,1.3676271694947673,45.99349026421869,45.99349026421869,500000,IB_High,1,148.714,1.5999999999991132,"B,C",2,wide,Late_Session,66.79536679536864,148.42686579139314,4.467627169495358,7.030234076151487,11.0,11.0,Tuesday,7,11.0,True,2025-07,Tuesday,92014.20537150041,8095.983912015712,8.087072824413063
77,2025-07-30 00:12:00+00:00,2025-07-30 00:23:00+00:00,short,148.41252795483922,148.4076721933142,148.51252795483921,148.34252795483923,Trailing_Stop,0.48557615250217623,16.359536718211913,16.359536718211913,500000,PTS_Mid,2,148.45499999999998,2.899999999999636,"B,C",2,unknown,IB_Formation_PTS,30.37037037037419,148.41564102564104,5.685576152501426,3.602523391299428,7.0,11.0,Wednesday,0,11.0,True,2025-07,Wednesday,92030.56490821863,8079.624375297499,8.070731294309788
78,2025-07-30 00:55:00+00:00,2025-07-30 00:59:00+00:00,long,148.14467425941086,148.04467425941087,148.04467425941087,148.21467425941086,SL_Hit_10,-9.999999999999432,-337.7358912106815,-337.7358912106815,500000,PTS_Low,1,148.158,2.400000000000091,"B,C",2,unknown,IB_Formation_PTS,21.113689095128933,148.3293869047619,2.6687950537024108,11.92695759293656,2.0,4.0,Wednesday,0,4.0,False,2025-07,Wednesday,91692.82901700794,8417.360266508185,8.40809544637847
79,2025-07-31 01:15:00+00:00,2025-07-31 01:23:00+00:00,long,149.19802640922035,149.2038629773033,149.09802640922035,149.26802640922034,Trailing_Stop,0.5836568082941085,19.559038105564788,19.559038105564788,500000,IB_Low,1,149.182,0.6000000000000227,"B,C",2,wide,Morning_Active,31.476323119776254,149.28876315789475,5.785599388369178,3.006467858907058,6.0,8.0,Thursday,1,8.0,True,2025-07,Thursday,91712.38805511351,8397.801228402619,8.388557936515038
80,2025-07-31 01:18:00+00:00,2025-07-31 01:30:00+00:00,long,149.2170661628825,149.2357043689094,149.1170661628825,149.2870661628825,Trailing_Stop,1.86382060269068,62.44553240702141,62.44553240702141,500000,IB_Low,1,149.182,2.5000000000005684,"B,C",2,wide,Morning_Active,31.476323119776254,149.2859451476793,5.0638206026889065,5.026711819212437,11.0,12.0,Thursday,1,12.0,True,2025-07,Thursday,91774.83358752052,8335.355695995604,8.326181136656867
81,2025-07-31 01:23:00+00:00,2025-07-31 01:30:00+00:00,long,149.2111574529104,149.2357043689094,149.11115745291042,149.2811574529104,Trailing_Stop,2.454691599899661,82.24210185759848,82.24210185759848,500000,IB_Low,1,149.182,1.9000000000005457,"B,C",2,wide,Morning_Active,31.476323119776254,149.28264682539682,5.6546915998978875,4.435840822003456,6.0,7.0,Thursday,1,7.0,True,2025-07,Thursday,91857.07568937812,8253.113594138005,8.24402955703625
82,2025-07-31 01:41:00+00:00,2025-07-31 01:51:00+00:00,long,149.21857297947685,149.11857297947685,149.11857297947685,149.28857297947684,SL_Hit_10,-9.999999999999432,-335.30363791020613,-335.30363791020613,500000,IB_Low,1,149.182,2.600000000001046,"B,C",2,wide,Morning_Active,38.79849812265327,149.27543464052286,0.0,10.025953219437156,,10.0,Thursday,1,10.0,False,2025-07,Thursday,91521.77205146791,8588.417232048218,8.578964132937028
83,2025-07-31 01:44:00+00:00,2025-07-31 01:55:00+00:00,long,149.1626235947326,149.0626235947326,149.0626235947326,149.2326235947326,SL_Hit_10,-9.999999999999432,-335.42949127164025,-335.42949127164025,500000,IB_Low,1,149.182,3.0000000000001137,"B,C",2,wide,Morning_Active,38.79849812265327,149.27288253968254,3.8698980094494573,10.13050811571361,5.0,11.0,Thursday,1,11.0,False,2025-07,Thursday,91186.34256019627,8923.84672331986,8.914024423674961
84,2025-07-31 07:35:00+00:00,2025-07-31 07:38:00+00:00,short,149.36542145323523,149.44542145323524,149.44542145323524,149.31542145323522,SL_Hit_8,-8.00000000000125,-267.6562427342288,-267.6562427342288,500000,IB_High,1,149.394,1.9000000000005457,"B,C",2,wide,Late_Session,71.05263157894785,148.97171637426902,0.0,11.221977285663343,,3.0,Thursday,7,3.0,False,2025-07,Thursday,90918.68631746204,9191.50296605409,9.181386062534932
85,2025-08-06 00:55:00+00:00,2025-08-06 01:00:00+00:00,short,147.59483313957534,147.69483313957534,147.69483313957534,147.52483313957535,SL_Hit_10,-9.999999999999432,-338.53587791216705,-338.53587791216705,500000,PTS_High,1,147.638,3.3999999999991815,C,1,unknown,IB_Formation_PTS,42.89405684754644,147.52379166666668,1.4702863383547538,10.126512360506013,3.0,5.0,Wednesday,0,5.0,False,2025-08,Wednesday,90580.15043954988,9530.03884396625,9.519549320775722
86,2025-08-06 00:58:00+00:00,2025-08-06 01:02:00+00:00,short,147.6028697238082,147.7028697238082,147.7028697238082,147.5328697238082,SL_Hit_10,-9.999999999999432,-338.5174580121084,-338.5174580121084,500000,PTS_High,1,147.638,2.600000000001046,C,1,unknown,IB_Formation_PTS,42.89405684754644,147.5275593220339,0.9754710858288718,12.21907542998224,1.0,4.0,Wednesday,0,4.0,False,2025-08,Wednesday,90241.63298153777,9868.556301978359,9.857694179390878
87,2025-08-06 01:01:00+00:00,2025-08-06 01:26:00+00:00,short,147.6369199316754,147.7369199316754,147.7369199316754,147.56691993167541,SL_Hit_10,-9.999999999999432,-338.4394369607874,-338.4394369607874,500000,IB_High,1,147.622,2.399999999997249,C,1,normal,Morning_Active,58.6872586872571,147.5325752688172,3.1115832286928935,10.148984304373698,11.0,25.0,Wednesday,1,25.0,False,2025-08,Wednesday,89903.19354457698,10206.99573893915,10.195761102830923
88,2025-08-06 02:21:00+00:00,2025-08-06 02:24:00+00:00,long,147.55518761055302,147.58177459683088,147.45518761055303,147.625187610553,Trailing_Stop,2.6586986277862934,90.07543902522586,90.07543902522586,500000,IB_Mid,2,147.53500000000003,1.2999999999976808,"C,D",2,normal,Morning_Active,55.34246575342236,147.60589906103286,6.758698627785975,2.238938896817899,3.0,3.0,Wednesday,2,3.0,True,2025-08,Wednesday,89993.2689836022,10116.920299913923,10.105784808040262
89,2025-08-07 01:00:00+00:00,2025-08-07 01:03:00+00:00,short,147.54461410522595,147.64461410522594,147.64461410522594,147.47461410522595,SL_Hit_10,-9.999999999999432,-224.83041593606742,-224.83041593606742,331950,PTS_Mid,2,147.5765,2.250000000000796,"B,C",2,volatile,Morning_Active,60.500000000000504,147.40436612021855,0.0,10.065228502841705,,3.0,Thursday,1,3.0,False,2025-08,Thursday,89768.43856766613,10341.750715849994,10.330367757633278
90,2025-08-07 02:05:00+00:00,2025-08-07 02:10:00+00:00,short,147.55001315480888,147.4800131548089,147.65001315480887,147.4800131548089,TP_Hit_7,6.999999999999318,157.16916146235056,157.16916146235056,331133,PTS_Mid,2,147.5765,1.9500000000022055,"B,C",2,volatile,Morning_Active,63.35403726707981,147.48865608465607,8.704650271153014,1.9970139504636109,5.0,5.0,Thursday,2,5.0,True,2025-08,Thursday,89925.60772912849,10184.581554387638,10.173371589124148
91,2025-08-07 02:28:00+00:00,2025-08-07 02:37:00+00:00,short,147.5433570322308,147.4733570322308,147.6433570322308,147.4733570322308,TP_Hit_7,6.999999999999318,157.44443923469632,157.44443923469632,331698,PTS_Mid,2,147.5765,2.6499999999998636,"B,C",2,volatile,Morning_Active,72.83531409167912,147.48900894854586,8.09074172954638,2.026257001713816,9.0,9.0,Thursday,2,9.0,True,2025-08,Thursday,90083.05216836318,10027.137115152946,10.016100445835423
92,2025-08-11 00:01:00+00:00,2025-08-11 00:13:00+00:00,short,147.67060388303224,147.66181344245882,147.77060388303224,147.60060388303225,Trailing_Stop,0.879044057342071,29.76544974116205,29.76544974116205,500000,PTS_High,1,147.696,1.2000000000000455,C,1,unknown,IB_Formation_PTS,40.096618357486555,147.6593333333333,5.479044057341298,4.108582252985116,12.0,12.0,Monday,0,12.0,True,2025-08,Monday,90112.81761810434,9997.371665411789,9.9863677583296
93,2025-08-11 00:07:00+00:00,2025-08-11 00:21:00+00:00,short,147.6493792921048,147.63193382338852,147.7493792921048,147.57937929210482,Trailing_Stop,1.744546871628927,59.08433312659581,59.08433312659581,500000,PTS_High,1,147.696,3.299999999998704,"A,C",2,unknown,IB_Formation_PTS,40.096618357486555,147.65141666666665,6.344546871628154,6.231041345728272,11.0,14.0,Monday,0,14.0,True,2025-08,Monday,90171.90195123093,9938.287332285196,9.927348458147014
94,2025-08-11 00:25:00+00:00,2025-08-11 00:57:00+00:00,short,147.64797485004004,147.74797485004004,147.74797485004004,147.57797485004005,SL_Hit_10,-9.999999999999432,-338.4141139717531,-338.4141139717531,500000,PTS_High,1,147.696,3.3999999999991815,C,1,unknown,IB_Formation_PTS,39.839999999999236,147.63580769230768,0.344212855435444,10.814802649167632,5.0,32.0,Monday,0,32.0,False,2025-08,Monday,89833.48783725918,10276.70144625695,10.265390086470532
95,2025-08-11 00:31:00+00:00,2025-08-11 00:57:00+00:00,short,147.6524712099497,147.7524712099497,147.7524712099497,147.58247120994972,SL_Hit_10,-9.999999999999432,-338.4038154525983,-338.4038154525983,500000,PTS_High,1,147.696,3.299999999998704,C,1,unknown,IB_Formation_PTS,41.1111111111092,147.6375625,0.0,10.36516665820102,,26.0,Monday,0,26.0,False,2025-08,Monday,89495.08402180659,10615.105261709541,10.603421427610261
96,2025-08-11 02:02:00+00:00,2025-08-11 02:46:00+00:00,long,147.5922900566356,147.54085800815892,147.4922900566356,147.66229005663558,Level_Failure_Exit,-5.143204847666993,-174.29764599113886,-174.29764599113886,500000,IB_Low,1,147.572,1.2000000000000455,"B,C",2,normal,Morning_Active,28.20512820512404,147.6609783197832,1.2961043847354858,7.746801638904799,15.0,44.0,Monday,2,44.0,False,2025-08,Monday,89320.78637581544,10789.402907700685,10.777527227667763
97,2025-08-11 02:05:00+00:00,2025-08-11 03:23:00+00:00,long,147.57419593961322,147.47419593961322,147.47419593961322,147.6441959396132,SL_Hit_10,-9.999999999999432,-339.04236386188427,-339.04236386188427,500000,IB_Low,1,147.572,0.6000000000000227,"B,C",2,normal,Morning_Active,28.20512820512404,147.65905555555557,3.1055160869726706,10.343054700854282,12.0,78.0,Monday,2,78.0,False,2025-08,Monday,88981.74401195356,11128.445271562567,11.116196414379315
98,2025-08-11 07:09:00+00:00,2025-08-11 07:13:00+00:00,short,147.64190373573413,147.61316634625356,147.72190373573414,147.59190373573412,Trailing_Stop,2.8737389480568254,97.34019732751845,97.34019732751845,500000,IB_Mid,2,147.659,0.7999999999981355,"A,B,C",3,normal,Late_Session,70.43189368771075,147.5593511627907,4.873738948057849,3.3208384532429136,4.0,4.0,Monday,7,4.0,True,2025-08,Monday,89079.08420928108,11031.105074235049,11.018963357460558
99,2025-08-13 01:15:00+00:00,2025-08-13 01:30:00+00:00,short,147.86624708796606,147.96624708796605,147.96624708796605,147.79624708796607,SL_Hit_10,-9.999999999999432,-337.91490278368764,-337.91490278368764,500000,IB_High,1,147.894,1.8000000000000682,C,1,normal,Morning_Active,51.65876777251293,147.7912850877193,0.0,10.582485721744206,,15.0,Wednesday,1,15.0,False,2025-08,Wednesday,88741.1693064974,11369.019977018732,11.356506324067778
100,2025-08-13 01:18:00+00:00,2025-08-13 01:34:00+00:00,short,147.88815393260387,147.98815393260386,147.98815393260386,147.81815393260388,SL_Hit_10,-9.999999999999432,-337.86488087937056,-337.86488087937056,500000,IB_High,1,147.894,0.39999999999906777,C,1,normal,Morning_Active,51.65876777251293,147.79499156118143,1.225306444069929,10.393685298708988,2.0,16.0,Wednesday,1,16.0,False,2025-08,Wednesday,88403.30442561803,11706.884857898098,11.69399932382879
101,2025-08-13 06:25:00+00:00,2025-08-13 06:49:00+00:00,long,147.82249078777963,147.72249078777963,147.72249078777963,147.89249078777962,SL_Hit_10,-9.999999999999432,-338.47249483376174,-338.47249483376174,500000,IB_Mid,2,147.798,1.6999999999995907,"B,C",2,normal,Afternoon_Active,35.4304635761593,147.96669430051813,2.6044353637445283,11.027535297898794,5.0,24.0,Wednesday,6,24.0,False,2025-08,Wednesday,88064.83193078426,12045.357352731866,12.032099268755674
102,2025-08-13 06:35:00+00:00,2025-08-13 07:07:00+00:00,long,147.80748392824592,147.70748392824592,147.70748392824592,147.8774839282459,SL_Hit_10,-9.999999999999432,-338.5068831331959,-338.5068831331959,500000,IB_Mid,2,147.798,0.20000000000095497,"B,C",2,normal,Afternoon_Active,31.366459627330286,147.96305050505052,0.0,10.593375683745876,,32.0,Wednesday,6,32.0,False,2025-08,Wednesday,87726.32504765106,12383.864235865069,12.37023356413148
103,2025-08-13 07:09:00+00:00,2025-08-13 07:13:00+00:00,long,147.72651708160006,147.64651708160005,147.64651708160005,147.77651708160008,SL_Hit_8,-8.00000000000125,-270.91732870271085,-270.91732870271085,500000,IB_Low,1,147.702,1.5999999999991132,"B,C",2,normal,Late_Session,28.908554572272976,147.94692093023255,0.09032593278561762,15.315394693206485,2.0,4.0,Wednesday,7,4.0,False,2025-08,Wednesday,87455.40771894835,12654.781564567777,12.640852699547816
