trade_id,entry_datetime,exit_datetime,equity_after
1,2024-10-24 01:24:00+00:00,2024-10-24 01:34:00+00:00,100229.22950851795
2,2024-10-24 01:27:00+00:00,2024-10-24 01:36:00+00:00,100458.47993359997
3,2024-10-24 01:39:00+00:00,2024-10-24 01:43:00+00:00,100687.74521459268
4,2024-10-24 02:21:00+00:00,2024-10-24 02:43:00+00:00,100359.75365452755
5,2024-10-24 02:24:00+00:00,2024-10-24 02:46:00+00:00,100031.72547062546
6,2024-10-29 05:21:00+00:00,2024-10-29 05:46:00+00:00,100206.70071629868
7,2024-10-29 05:24:00+00:00,2024-10-29 05:46:00+00:00,100381.67570308733
9,2024-10-30 00:12:00+00:00,2024-10-30 00:31:00+00:00,100343.95475185275
10,2024-10-30 00:38:00+00:00,2024-10-30 00:42:00+00:00,100403.20175403563
8,2024-10-30 00:06:00+00:00,2024-10-30 00:44:00+00:00,100631.64839596105
11,2024-10-30 01:01:00+00:00,2024-10-30 01:20:00+00:00,100704.80203648012
12,2024-10-30 01:04:00+00:00,2024-10-30 01:21:00+00:00,100933.26239448876
13,2024-10-30 01:25:00+00:00,2024-10-30 01:37:00+00:00,100963.86438717166
14,2024-10-30 02:09:00+00:00,2024-10-30 02:19:00+00:00,100637.86386111422
15,2024-10-30 02:13:00+00:00,2024-10-30 02:29:00+00:00,100311.97381597053
16,2024-10-30 02:29:00+00:00,2024-10-30 02:41:00+00:00,100540.21918474096
17,2024-10-30 06:15:00+00:00,2024-10-30 06:28:00+00:00,100768.46395156345
19,2024-10-30 08:26:00+00:00,2024-10-30 08:28:00+00:00,100507.07952451988
18,2024-10-30 08:23:00+00:00,2024-10-30 08:30:00+00:00,100413.5258439975
20,2024-10-31 00:07:00+00:00,2024-10-31 00:12:00+00:00,100641.9164033083
21,2024-10-31 00:52:00+00:00,2024-10-31 00:56:00+00:00,100316.25432374135
22,2024-10-31 00:55:00+00:00,2024-10-31 00:57:00+00:00,99990.70229718855
23,2024-10-31 04:22:00+00:00,2024-10-31 04:25:00+00:00,100165.60583033062
24,2024-10-31 05:59:00+00:00,2024-10-31 06:04:00+00:00,99915.02790813355
25,2024-10-31 06:02:00+00:00,2024-10-31 06:04:00+00:00,99664.45018380306
26,2024-11-01 00:01:00+00:00,2024-11-01 00:02:00+00:00,99894.66998998082
27,2024-11-01 00:48:00+00:00,2024-11-01 00:49:00+00:00,100018.20954454798
28,2024-11-01 00:53:00+00:00,2024-11-01 00:57:00+00:00,100248.46845138633
29,2024-11-01 01:15:00+00:00,2024-11-01 01:24:00+00:00,100478.7120542771
30,2024-11-01 01:18:00+00:00,2024-11-01 01:24:00+00:00,100708.92542472946
31,2024-11-01 01:38:00+00:00,2024-11-01 01:40:00+00:00,100380.60117432829
32,2024-11-04 01:01:00+00:00,2024-11-04 01:03:00+00:00,100051.52045173691
33,2024-11-04 01:23:00+00:00,2024-11-04 01:30:00+00:00,99722.18819401864
34,2024-11-04 01:26:00+00:00,2024-11-04 01:47:00+00:00,99392.81043915471
35,2024-11-05 00:32:00+00:00,2024-11-05 00:37:00+00:00,99064.6134680956
36,2024-11-05 00:35:00+00:00,2024-11-05 00:44:00+00:00,98736.53723723913
38,2024-11-05 01:05:00+00:00,2024-11-05 01:31:00+00:00,98966.30312136732
37,2024-11-05 01:02:00+00:00,2024-11-05 01:35:00+00:00,99196.11725949062
39,2024-11-07 00:11:00+00:00,2024-11-07 00:16:00+00:00,98872.39130278167
40,2024-11-07 00:14:00+00:00,2024-11-07 00:16:00+00:00,98548.70312026903
41,2024-11-08 01:12:00+00:00,2024-11-08 01:29:00+00:00,98222.55297049077
42,2024-11-08 01:15:00+00:00,2024-11-08 01:30:00+00:00,97896.4794397831
44,2024-11-08 02:19:00+00:00,2024-11-08 02:22:00+00:00,97971.89418186416
43,2024-11-08 02:16:00+00:00,2024-11-08 02:31:00+00:00,97936.17322011321
45,2024-11-11 01:00:00+00:00,2024-11-11 01:10:00+00:00,98164.8414228021
46,2024-11-11 01:05:00+00:00,2024-11-11 01:15:00+00:00,98222.69026425871
48,2024-11-11 01:19:00+00:00,2024-11-11 01:29:00+00:00,98451.38035934039
47,2024-11-11 01:16:00+00:00,2024-11-11 01:30:00+00:00,98507.16477919681
50,2024-11-11 01:39:00+00:00,2024-11-11 01:59:00+00:00,98180.86943473312
49,2024-11-11 01:36:00+00:00,2024-11-11 02:19:00+00:00,97854.58275313737
52,2024-11-12 01:06:00+00:00,2024-11-12 01:14:00+00:00,97862.1492200538
53,2024-11-12 01:14:00+00:00,2024-11-12 01:27:00+00:00,97617.65304081106
51,2024-11-12 01:03:00+00:00,2024-11-12 01:28:00+00:00,97373.17567644197
54,2024-11-13 01:08:00+00:00,2024-11-13 01:14:00+00:00,97599.21105752657
55,2024-11-13 01:42:00+00:00,2024-11-13 02:00:00+00:00,97275.76478554998
56,2024-11-13 01:46:00+00:00,2024-11-13 02:00:00+00:00,96952.28284994567
57,2024-11-13 05:55:00+00:00,2024-11-13 06:04:00+00:00,96629.7094664431
58,2024-11-13 05:58:00+00:00,2024-11-13 06:04:00+00:00,96307.15681397865
59,2024-11-19 00:04:00+00:00,2024-11-19 00:15:00+00:00,95983.27248479688
60,2024-11-21 00:01:00+00:00,2024-11-21 00:05:00+00:00,95660.8763266404
61,2024-11-21 06:05:00+00:00,2024-11-21 06:09:00+00:00,95679.62778675479
62,2024-11-25 00:12:00+00:00,2024-11-25 00:15:00+00:00,95354.78422508214
63,2024-11-25 06:08:00+00:00,2024-11-25 06:28:00+00:00,95396.04781936064
64,2024-11-25 06:12:00+00:00,2024-11-25 06:28:00+00:00,95454.11506142344
65,2024-11-25 06:29:00+00:00,2024-11-25 06:40:00+00:00,95509.34096889084
66,2024-11-25 06:33:00+00:00,2024-11-25 06:40:00+00:00,95566.84689268911
67,2024-11-25 07:56:00+00:00,2024-11-25 07:57:00+00:00,95328.05349281168
68,2024-11-27 01:18:00+00:00,2024-11-27 01:20:00+00:00,95000.60341942354
69,2024-12-02 01:23:00+00:00,2024-12-02 01:45:00+00:00,94763.2599963314
70,2024-12-04 00:05:00+00:00,2024-12-04 00:12:00+00:00,94997.19004525732
71,2024-12-04 00:57:00+00:00,2024-12-04 01:04:00+00:00,94663.7356337604
72,2024-12-04 01:01:00+00:00,2024-12-04 01:09:00+00:00,94426.40125492631
73,2024-12-05 00:00:00+00:00,2024-12-05 00:07:00+00:00,94659.07472495976
74,2024-12-05 01:33:00+00:00,2024-12-05 01:34:00+00:00,94422.58450925676
75,2024-12-05 05:26:00+00:00,2024-12-05 05:28:00+00:00,94587.74657359546
76,2024-12-05 05:41:00+00:00,2024-12-05 05:42:00+00:00,94351.11993492498
77,2024-12-06 07:38:00+00:00,2024-12-06 07:40:00+00:00,94498.59249160725
78,2024-12-09 00:25:00+00:00,2024-12-09 00:42:00+00:00,94164.58160232494
79,2024-12-09 00:28:00+00:00,2024-12-09 00:49:00+00:00,94398.17381283728
80,2024-12-09 01:41:00+00:00,2024-12-09 01:56:00+00:00,94631.62630955686
81,2024-12-09 06:18:00+00:00,2024-12-09 06:20:00+00:00,94298.64156506251
82,2024-12-10 01:00:00+00:00,2024-12-10 01:08:00+00:00,94321.9854686134
83,2024-12-10 01:04:00+00:00,2024-12-10 01:08:00+00:00,94374.71140226202
84,2024-12-10 01:09:00+00:00,2024-12-10 01:15:00+00:00,94429.53686528173
85,2024-12-10 01:12:00+00:00,2024-12-10 01:30:00+00:00,94528.379578474
86,2024-12-10 01:15:00+00:00,2024-12-10 01:30:00+00:00,94623.55359315274
87,2024-12-10 02:01:00+00:00,2024-12-10 02:04:00+00:00,94292.79006912242
88,2024-12-10 07:53:00+00:00,2024-12-10 07:56:00+00:00,94028.84846543963
89,2024-12-11 01:24:00+00:00,2024-12-11 01:49:00+00:00,94060.62031167754
90,2024-12-11 01:59:00+00:00,2024-12-11 02:17:00+00:00,93730.83901147332
91,2024-12-11 02:02:00+00:00,2024-12-11 02:17:00+00:00,93401.04027123479
93,2024-12-11 06:56:00+00:00,2024-12-11 07:07:00+00:00,93474.43380942786
92,2024-12-11 06:51:00+00:00,2024-12-11 07:11:00+00:00,93705.15312304214
94,2024-12-12 01:01:00+00:00,2024-12-12 01:04:00+00:00,93752.8218590432
96,2024-12-12 01:09:00+00:00,2024-12-12 01:16:00+00:00,93423.9543058644
95,2024-12-12 01:05:00+00:00,2024-12-12 01:20:00+00:00,93095.0346535258
97,2024-12-12 03:32:00+00:00,2024-12-12 03:40:00+00:00,92766.96372575505
98,2024-12-12 03:35:00+00:00,2024-12-12 03:43:00+00:00,92438.91855501359
99,2024-12-13 00:15:00+00:00,2024-12-13 00:18:00+00:00,92111.78632275542
100,2024-12-18 01:40:00+00:00,2024-12-18 01:55:00+00:00,92339.55085626844
101,2024-12-18 01:44:00+00:00,2024-12-18 01:55:00+00:00,92567.30051510163
102,2024-12-18 03:37:00+00:00,2024-12-18 03:54:00+00:00,92651.98861525155
103,2024-12-18 04:17:00+00:00,2024-12-18 04:34:00+00:00,92326.19758330888
104,2024-12-18 04:20:00+00:00,2024-12-18 04:37:00+00:00,92000.38975070415
106,2024-12-23 01:07:00+00:00,2024-12-23 01:32:00+00:00,92223.9279327732
105,2024-12-23 01:04:00+00:00,2024-12-23 01:33:00+00:00,92293.58908487152
107,2024-12-23 01:46:00+00:00,2024-12-23 01:47:00+00:00,91973.77965963438
108,2024-12-24 01:31:00+00:00,2024-12-24 01:43:00+00:00,92008.9966420568
109,2024-12-24 01:34:00+00:00,2024-12-24 01:49:00+00:00,91690.73291875779
110,2024-12-24 01:43:00+00:00,2024-12-24 01:49:00+00:00,91372.4210568218
111,2024-12-26 00:00:00+00:00,2024-12-26 00:30:00+00:00,91470.44701865349
112,2024-12-26 01:24:00+00:00,2024-12-26 01:26:00+00:00,91152.89908180006
113,2024-12-26 01:27:00+00:00,2024-12-26 03:16:00+00:00,91375.33506677064
114,2024-12-27 02:09:00+00:00,2024-12-27 02:15:00+00:00,91057.97421220544
115,2024-12-30 00:30:00+00:00,2024-12-30 00:50:00+00:00,91181.09843130478
116,2024-12-30 00:33:00+00:00,2024-12-30 00:50:00+00:00,91402.90160039268
117,2024-12-30 00:54:00+00:00,2024-12-30 01:09:00+00:00,91488.81579456184
118,2024-12-30 00:57:00+00:00,2024-12-30 01:10:00+00:00,91562.33883296027
119,2024-12-30 02:11:00+00:00,2024-12-30 02:33:00+00:00,91642.31412284568
120,2024-12-30 02:29:00+00:00,2024-12-30 02:33:00+00:00,91743.02231910966
121,2024-12-30 05:52:00+00:00,2024-12-30 05:59:00+00:00,91816.5837523351
122,2024-12-30 05:55:00+00:00,2024-12-30 05:59:00+00:00,92038.28847216297
123,2024-12-30 06:05:00+00:00,2024-12-30 06:10:00+00:00,91721.88152778901
124,2024-12-30 06:08:00+00:00,2024-12-30 06:10:00+00:00,91405.44432952828
125,2025-01-03 01:00:00+00:00,2025-01-03 01:07:00+00:00,91395.38722883214
126,2025-01-03 01:36:00+00:00,2025-01-03 01:55:00+00:00,91617.86293944556
127,2025-01-03 01:39:00+00:00,2025-01-03 01:55:00+00:00,91704.1861049061
128,2025-01-03 03:32:00+00:00,2025-01-03 03:50:00+00:00,91386.6629407427
129,2025-01-03 03:35:00+00:00,2025-01-03 03:58:00+00:00,91609.15090895358
130,2025-01-03 06:39:00+00:00,2025-01-03 07:01:00+00:00,91290.89901194858
131,2025-01-03 06:47:00+00:00,2025-01-03 07:01:00+00:00,90972.65528558612
132,2025-01-07 00:00:00+00:00,2025-01-07 00:05:00+00:00,90656.02820601047
133,2025-01-07 00:03:00+00:00,2025-01-07 00:07:00+00:00,90339.47151228611
134,2025-01-09 00:05:00+00:00,2025-01-09 00:21:00+00:00,90434.67929292927
135,2025-01-09 00:15:00+00:00,2025-01-09 00:21:00+00:00,90491.00491034392
136,2025-01-09 00:31:00+00:00,2025-01-09 00:53:00+00:00,90175.22723871435
137,2025-01-09 00:34:00+00:00,2025-01-09 01:09:00+00:00,90396.49518112485
138,2025-01-09 01:27:00+00:00,2025-01-09 02:18:00+00:00,90080.07518070207
139,2025-01-09 01:31:00+00:00,2025-01-09 02:18:00+00:00,89763.67927789221
140,2025-01-09 03:30:00+00:00,2025-01-09 03:54:00+00:00,89809.40658156491
141,2025-01-09 03:33:00+00:00,2025-01-09 03:54:00+00:00,89874.2118919865
142,2025-01-09 04:01:00+00:00,2025-01-09 04:23:00+00:00,89557.33585818362
143,2025-01-09 04:08:00+00:00,2025-01-09 04:23:00+00:00,89240.42360349731
144,2025-01-09 05:42:00+00:00,2025-01-09 05:52:00+00:00,88924.02922230492
145,2025-01-09 05:45:00+00:00,2025-01-09 06:00:00+00:00,88607.62494482317
146,2025-01-10 00:55:00+00:00,2025-01-10 00:58:00+00:00,88291.07105844191
147,2025-01-10 01:02:00+00:00,2025-01-10 01:05:00+00:00,88512.56481553003
148,2025-01-10 01:19:00+00:00,2025-01-10 01:30:00+00:00,88611.16918472017
149,2025-01-10 01:23:00+00:00,2025-01-10 01:30:00+00:00,88734.77347188721
150,2025-01-10 02:14:00+00:00,2025-01-10 03:35:00+00:00,88574.00264108504
151,2025-01-10 02:17:00+00:00,2025-01-10 03:35:00+00:00,88410.38687956495
153,2025-01-10 04:13:00+00:00,2025-01-10 04:45:00+00:00,88094.74137826315
152,2025-01-10 04:10:00+00:00,2025-01-10 04:50:00+00:00,87779.11390484139
154,2025-01-13 01:00:00+00:00,2025-01-13 01:05:00+00:00,87907.07233913543
155,2025-01-13 01:10:00+00:00,2025-01-13 01:23:00+00:00,87590.05300905836
156,2025-01-13 01:13:00+00:00,2025-01-13 01:23:00+00:00,87273.02786407685
157,2025-01-14 00:00:00+00:00,2025-01-14 00:06:00+00:00,86954.86107910596
158,2025-01-14 00:03:00+00:00,2025-01-14 00:08:00+00:00,87177.36553266813
159,2025-01-15 00:01:00+00:00,2025-01-15 00:05:00+00:00,87225.07740725196
160,2025-01-15 00:05:00+00:00,2025-01-15 00:18:00+00:00,87317.72085042008
161,2025-01-15 00:12:00+00:00,2025-01-15 00:18:00+00:00,87539.32093430201
162,2025-01-15 00:43:00+00:00,2025-01-15 01:14:00+00:00,87641.54665561969
163,2025-01-15 00:46:00+00:00,2025-01-15 01:14:00+00:00,87749.90495613593
164,2025-01-15 01:14:00+00:00,2025-01-15 01:46:00+00:00,87433.09815806887
165,2025-01-15 01:17:00+00:00,2025-01-15 03:00:00+00:00,87430.56525947449
166,2025-01-15 04:53:00+00:00,2025-01-15 05:01:00+00:00,87113.15257415948
167,2025-01-15 04:59:00+00:00,2025-01-15 05:02:00+00:00,86795.72387794711
168,2025-01-17 00:27:00+00:00,2025-01-17 00:30:00+00:00,86473.45804113601
169,2025-01-22 00:09:00+00:00,2025-01-22 00:18:00+00:00,86517.76563585905
170,2025-01-22 00:14:00+00:00,2025-01-22 00:18:00+00:00,86742.70844971256
171,2025-01-22 01:22:00+00:00,2025-01-22 01:27:00+00:00,86826.42013430674
172,2025-01-23 01:07:00+00:00,2025-01-23 01:30:00+00:00,87050.18801250309
173,2025-01-23 01:10:00+00:00,2025-01-23 01:30:00+00:00,87273.96732474145
174,2025-01-23 01:38:00+00:00,2025-01-23 01:49:00+00:00,86954.53186294217
175,2025-01-23 01:42:00+00:00,2025-01-23 01:49:00+00:00,86635.09639926378
176,2025-01-24 01:26:00+00:00,2025-01-24 01:54:00+00:00,86315.2826607124
177,2025-01-24 01:30:00+00:00,2025-01-24 01:54:00+00:00,85995.50156328332
178,2025-01-29 01:03:00+00:00,2025-01-29 01:09:00+00:00,85674.4963153064
180,2025-01-29 03:33:00+00:00,2025-01-29 03:37:00+00:00,85353.0103700848
179,2025-01-29 03:30:00+00:00,2025-01-29 03:47:00+00:00,85031.52457077657
181,2025-01-30 00:06:00+00:00,2025-01-30 00:22:00+00:00,84708.83511707353
182,2025-01-30 00:09:00+00:00,2025-01-30 00:22:00+00:00,84386.11219832077
183,2025-02-04 01:15:00+00:00,2025-02-04 01:22:00+00:00,84607.52541743597
184,2025-02-04 01:19:00+00:00,2025-02-04 01:24:00+00:00,84650.94160482456
185,2025-02-04 01:45:00+00:00,2025-02-04 01:52:00+00:00,84333.29600942002
186,2025-02-04 01:48:00+00:00,2025-02-04 01:53:00+00:00,84015.65034968885
187,2025-02-04 08:05:00+00:00,2025-02-04 08:10:00+00:00,83758.35250092692
188,2025-02-04 08:08:00+00:00,2025-02-04 08:14:00+00:00,83501.09774553818
189,2025-02-10 00:54:00+00:00,2025-02-10 01:01:00+00:00,83172.07031316015
190,2025-02-10 00:57:00+00:00,2025-02-10 01:01:00+00:00,82843.05609338832
191,2025-02-11 01:03:00+00:00,2025-02-11 01:16:00+00:00,82532.59925460911
192,2025-02-11 01:07:00+00:00,2025-02-11 01:16:00+00:00,82222.14242268672
194,2025-02-18 01:31:00+00:00,2025-02-18 01:48:00+00:00,82229.6021077182
193,2025-02-18 01:28:00+00:00,2025-02-18 01:52:00+00:00,82270.05084937849
195,2025-02-18 02:08:00+00:00,2025-02-18 02:39:00+00:00,82064.5114173532
196,2025-02-18 02:22:00+00:00,2025-02-18 03:05:00+00:00,81858.9720000988
197,2025-02-19 01:02:00+00:00,2025-02-19 01:05:00+00:00,82073.95066278556
198,2025-02-19 01:31:00+00:00,2025-02-19 01:43:00+00:00,82160.49566027065
199,2025-02-19 01:35:00+00:00,2025-02-19 01:43:00+00:00,82375.84033448539
200,2025-02-19 01:53:00+00:00,2025-02-19 01:58:00+00:00,82067.13425818342
201,2025-02-19 01:56:00+00:00,2025-02-19 01:58:00+00:00,81758.42822751407
203,2025-02-19 02:12:00+00:00,2025-02-19 02:15:00+00:00,81791.66340694868
202,2025-02-19 02:08:00+00:00,2025-02-19 02:17:00+00:00,82006.37799070167
204,2025-02-19 02:15:00+00:00,2025-02-19 02:22:00+00:00,82221.17971961509
205,2025-02-19 02:18:00+00:00,2025-02-19 02:24:00+00:00,82266.36656512048
207,2025-02-19 04:07:00+00:00,2025-02-19 04:25:00+00:00,82315.5753253227
206,2025-02-19 04:02:00+00:00,2025-02-19 04:33:00+00:00,82325.08296838465
208,2025-02-19 04:40:00+00:00,2025-02-19 04:48:00+00:00,82016.16110349704
209,2025-02-19 04:43:00+00:00,2025-02-19 04:52:00+00:00,81707.23919042823
210,2025-02-19 05:33:00+00:00,2025-02-19 05:39:00+00:00,81400.6355772399
211,2025-02-19 05:36:00+00:00,2025-02-19 06:02:00+00:00,81094.03148151103
212,2025-02-25 01:05:00+00:00,2025-02-25 01:20:00+00:00,80790.13136544064
213,2025-02-25 01:09:00+00:00,2025-02-25 01:20:00+00:00,80486.23117859183
214,2025-03-07 00:00:00+00:00,2025-03-07 00:02:00+00:00,80148.35494279074
215,2025-03-10 00:56:00+00:00,2025-03-10 01:02:00+00:00,80162.06403740396
216,2025-03-10 01:15:00+00:00,2025-03-10 01:16:00+00:00,80203.29222481462
217,2025-03-10 01:21:00+00:00,2025-03-10 01:23:00+00:00,80002.6481192032
218,2025-03-12 01:04:00+00:00,2025-03-12 01:07:00+00:00,79702.43574476308
219,2025-03-12 04:03:00+00:00,2025-03-12 04:17:00+00:00,79616.64427633496
220,2025-03-12 04:06:00+00:00,2025-03-12 04:19:00+00:00,79317.96215711364
221,2025-03-12 04:17:00+00:00,2025-03-12 04:34:00+00:00,79019.601766714
222,2025-03-13 00:00:00+00:00,2025-03-13 00:08:00+00:00,79067.32650336741
223,2025-03-13 00:20:00+00:00,2025-03-13 00:35:00+00:00,79147.40170667395
224,2025-03-13 00:46:00+00:00,2025-03-13 00:56:00+00:00,78809.98548734591
225,2025-03-13 00:49:00+00:00,2025-03-13 00:56:00+00:00,78472.56462762385
226,2025-03-13 01:00:00+00:00,2025-03-13 01:08:00+00:00,78571.46151547063
227,2025-03-13 01:03:00+00:00,2025-03-13 01:13:00+00:00,78777.35435878436
228,2025-03-13 01:08:00+00:00,2025-03-13 01:13:00+00:00,78983.50663602662
230,2025-03-13 02:05:00+00:00,2025-03-13 02:14:00+00:00,79190.74034375015
229,2025-03-13 01:58:00+00:00,2025-03-13 02:20:00+00:00,79244.02003423609
231,2025-03-13 02:21:00+00:00,2025-03-13 02:31:00+00:00,79303.54064038793
232,2025-03-13 03:48:00+00:00,2025-03-13 03:56:00+00:00,79005.9517887821
233,2025-03-13 03:51:00+00:00,2025-03-13 03:57:00+00:00,78708.3631781744
234,2025-03-13 04:35:00+00:00,2025-03-13 04:45:00+00:00,78739.1051976246
235,2025-03-13 04:39:00+00:00,2025-03-13 04:45:00+00:00,78778.57979270119
237,2025-03-13 04:54:00+00:00,2025-03-13 05:34:00+00:00,78482.96076979396
236,2025-03-13 04:51:00+00:00,2025-03-13 05:35:00+00:00,78187.34138299558
238,2025-03-14 00:21:00+00:00,2025-03-14 00:25:00+00:00,77849.58192801733
239,2025-03-14 00:24:00+00:00,2025-03-14 00:26:00+00:00,77511.90244912179
240,2025-03-14 01:21:00+00:00,2025-03-14 01:30:00+00:00,77536.2057154291
241,2025-03-14 01:24:00+00:00,2025-03-14 01:30:00+00:00,77671.91535934879
243,2025-03-14 03:55:00+00:00,2025-03-14 04:16:00+00:00,77477.86694181942
242,2025-03-14 03:52:00+00:00,2025-03-14 04:17:00+00:00,77283.81837462168
245,2025-03-17 04:58:00+00:00,2025-03-17 05:04:00+00:00,77273.41999118512
244,2025-03-17 04:55:00+00:00,2025-03-17 05:10:00+00:00,77080.34014087186
246,2025-03-17 05:04:00+00:00,2025-03-17 05:10:00+00:00,77085.82292842821
247,2025-03-18 01:15:00+00:00,2025-03-18 02:01:00+00:00,77157.77642663725
248,2025-03-18 01:18:00+00:00,2025-03-18 02:01:00+00:00,77221.22666671072
249,2025-03-18 02:05:00+00:00,2025-03-18 02:44:00+00:00,76931.84101675844
250,2025-03-18 02:08:00+00:00,2025-03-18 02:44:00+00:00,76642.45547123357
252,2025-03-19 00:59:00+00:00,2025-03-19 01:30:00+00:00,76876.52930807507
251,2025-03-19 00:54:00+00:00,2025-03-19 01:33:00+00:00,76980.04949966673
253,2025-03-19 02:27:00+00:00,2025-03-19 02:30:00+00:00,77114.82767443846
254,2025-03-19 06:22:00+00:00,2025-03-19 06:33:00+00:00,77249.84147615664
255,2025-03-19 06:26:00+00:00,2025-03-19 06:33:00+00:00,77384.85543216705
256,2025-03-19 06:38:00+00:00,2025-03-19 06:42:00+00:00,77191.52292216498
257,2025-03-20 01:00:00+00:00,2025-03-20 01:09:00+00:00,77394.05497867748
258,2025-03-20 01:03:00+00:00,2025-03-20 01:10:00+00:00,77596.58696529354
259,2025-03-20 07:24:00+00:00,2025-03-20 07:36:00+00:00,77327.34623865773
260,2025-03-20 07:34:00+00:00,2025-03-20 07:39:00+00:00,77058.17955683873
261,2025-03-21 00:07:00+00:00,2025-03-21 00:09:00+00:00,76722.14750953694
262,2025-03-25 01:03:00+00:00,2025-03-25 01:08:00+00:00,76390.55238575376
264,2025-03-25 01:16:00+00:00,2025-03-25 01:30:00+00:00,76058.79494904849
263,2025-03-25 01:08:00+00:00,2025-03-25 01:32:00+00:00,75726.99749746788
266,2025-03-27 00:25:00+00:00,2025-03-27 00:30:00+00:00,75859.19050326367
265,2025-03-27 00:19:00+00:00,2025-03-27 00:37:00+00:00,75904.68057750499
267,2025-03-27 01:03:00+00:00,2025-03-27 01:16:00+00:00,75619.84932151264
268,2025-03-27 01:06:00+00:00,2025-03-27 01:20:00+00:00,75335.01763767545
269,2025-03-27 08:16:00+00:00,2025-03-27 08:30:00+00:00,75412.39713363501
270,2025-03-27 08:19:00+00:00,2025-03-27 08:30:00+00:00,75489.57388520702
271,2025-04-02 01:03:00+00:00,2025-04-02 01:05:00+00:00,75687.82619033403
273,2025-04-02 01:19:00+00:00,2025-04-02 01:30:00+00:00,75886.59908171294
272,2025-04-02 01:16:00+00:00,2025-04-02 01:34:00+00:00,75909.9358787551
274,2025-04-02 06:27:00+00:00,2025-04-02 06:34:00+00:00,76008.78135261306
275,2025-04-02 06:30:00+00:00,2025-04-02 06:34:00+00:00,76208.13793666242
276,2025-04-02 06:55:00+00:00,2025-04-02 07:13:00+00:00,75922.16702409304
277,2025-04-02 06:59:00+00:00,2025-04-02 07:13:00+00:00,75636.19599287484
278,2025-04-02 07:30:00+00:00,2025-04-02 07:37:00+00:00,75661.87285499863
279,2025-04-02 07:33:00+00:00,2025-04-02 07:37:00+00:00,75710.61005203357
280,2025-04-02 07:37:00+00:00,2025-04-02 08:00:00+00:00,75443.25053578331
281,2025-04-02 08:24:00+00:00,2025-04-02 08:30:00+00:00,75402.84411965827
282,2025-04-14 00:55:00+00:00,2025-04-14 00:56:00+00:00,75053.19542286059
283,2025-04-15 04:40:00+00:00,2025-04-15 04:50:00+00:00,74865.43182076712
284,2025-04-15 06:20:00+00:00,2025-04-15 06:28:00+00:00,74678.39919617296
285,2025-04-15 06:24:00+00:00,2025-04-15 06:28:00+00:00,74491.36672788796
287,2025-04-16 00:15:00+00:00,2025-04-16 00:25:00+00:00,74590.97527115521
288,2025-04-16 00:29:00+00:00,2025-04-16 00:34:00+00:00,74240.82034624086
286,2025-04-16 00:12:00+00:00,2025-04-16 00:35:00+00:00,73890.64722375959
290,2025-04-18 01:10:00+00:00,2025-04-18 01:49:00+00:00,73929.74544344854
289,2025-04-18 01:07:00+00:00,2025-04-18 02:10:00+00:00,74007.88439793466
291,2025-04-18 05:54:00+00:00,2025-04-18 06:20:00+00:00,74076.76140031469
292,2025-04-25 00:01:00+00:00,2025-04-25 00:08:00+00:00,74321.79972217412
293,2025-04-25 02:06:00+00:00,2025-04-25 02:13:00+00:00,74374.69070979478
294,2025-04-25 03:34:00+00:00,2025-04-25 03:35:00+00:00,74095.98041900569
295,2025-04-28 02:01:00+00:00,2025-04-28 02:05:00+00:00,74119.51908123303
296,2025-04-28 02:12:00+00:00,2025-04-28 02:15:00+00:00,74249.29125775625
297,2025-04-28 04:59:00+00:00,2025-04-28 05:04:00+00:00,74379.16380159275
298,2025-04-28 05:02:00+00:00,2025-04-28 05:06:00+00:00,74442.26487044095
300,2025-04-28 07:00:00+00:00,2025-04-28 07:02:00+00:00,74558.62117978783
299,2025-04-28 06:57:00+00:00,2025-04-28 07:05:00+00:00,74619.80295861025
301,2025-04-28 07:03:00+00:00,2025-04-28 07:05:00+00:00,74666.00947144897
302,2025-04-28 07:16:00+00:00,2025-04-28 07:21:00+00:00,74672.10538259691
303,2025-04-28 07:22:00+00:00,2025-04-28 07:30:00+00:00,74739.02927920662
304,2025-04-28 07:25:00+00:00,2025-04-28 07:30:00+00:00,74855.74472637443
305,2025-04-29 01:30:00+00:00,2025-04-29 01:44:00+00:00,74575.23341509498
306,2025-04-29 01:33:00+00:00,2025-04-29 01:44:00+00:00,74294.72215709255
307,2025-04-30 01:13:00+00:00,2025-04-30 01:39:00+00:00,74108.85541856861
308,2025-04-30 06:04:00+00:00,2025-04-30 06:08:00+00:00,73923.71369973198
309,2025-04-30 06:07:00+00:00,2025-04-30 06:26:00+00:00,73977.08879557092
310,2025-05-01 01:00:00+00:00,2025-05-01 01:23:00+00:00,73839.49218381634
311,2025-05-01 01:03:00+00:00,2025-05-01 01:44:00+00:00,73490.1464717305
312,2025-05-05 01:00:00+00:00,2025-05-05 01:05:00+00:00,73144.13641447734
313,2025-05-07 00:04:00+00:00,2025-05-07 00:07:00+00:00,72794.09382558089
314,2025-05-07 01:00:00+00:00,2025-05-07 01:01:00+00:00,72843.05491815247
315,2025-05-07 01:03:00+00:00,2025-05-07 01:05:00+00:00,72871.88298373342
316,2025-05-07 01:09:00+00:00,2025-05-07 01:10:00+00:00,72689.57617441265
317,2025-05-12 01:14:00+00:00,2025-05-12 01:16:00+00:00,72729.0805741356
318,2025-05-12 01:20:00+00:00,2025-05-12 01:24:00+00:00,72547.38239574943
319,2025-05-12 01:23:00+00:00,2025-05-12 01:24:00+00:00,72365.68430768339
320,2025-05-13 00:03:00+00:00,2025-05-13 00:05:00+00:00,72601.95773557447
321,2025-05-15 01:02:00+00:00,2025-05-15 01:15:00+00:00,72638.38565358981
322,2025-05-16 00:02:00+00:00,2025-05-16 00:04:00+00:00,72294.53690777435
323,2025-05-19 00:22:00+00:00,2025-05-19 00:26:00+00:00,72535.63880680472
324,2025-05-19 00:54:00+00:00,2025-05-19 00:55:00+00:00,72190.46743090688
325,2025-05-19 04:40:00+00:00,2025-05-19 05:06:00+00:00,72316.8614557139
326,2025-05-19 04:43:00+00:00,2025-05-19 05:06:00+00:00,72443.25564679621
327,2025-05-19 05:17:00+00:00,2025-05-19 05:22:00+00:00,72570.092413444
328,2025-05-19 05:37:00+00:00,2025-05-19 05:41:00+00:00,72585.5037347723
329,2025-05-19 05:45:00+00:00,2025-05-19 05:54:00+00:00,72712.58918726604
330,2025-05-19 05:48:00+00:00,2025-05-19 05:54:00+00:00,72839.67462587912
331,2025-05-20 00:20:00+00:00,2025-05-20 00:23:00+00:00,72495.88062848068
332,2025-05-20 01:05:00+00:00,2025-05-20 01:09:00+00:00,72314.51627546159
333,2025-05-20 01:08:00+00:00,2025-05-20 01:09:00+00:00,72133.15203681811
334,2025-05-20 05:00:00+00:00,2025-05-20 05:01:00+00:00,71952.6949006076
335,2025-05-21 01:00:00+00:00,2025-05-21 01:07:00+00:00,71968.92247646657
336,2025-05-21 01:03:00+00:00,2025-05-21 01:07:00+00:00,71995.97513851315
338,2025-05-21 01:10:00+00:00,2025-05-21 01:15:00+00:00,72071.37451466301
337,2025-05-21 01:07:00+00:00,2025-05-21 01:16:00+00:00,72260.27212142381
339,2025-05-21 01:35:00+00:00,2025-05-21 01:53:00+00:00,72294.19530184673
340,2025-05-21 01:39:00+00:00,2025-05-21 01:53:00+00:00,72306.43076593654
341,2025-05-21 02:03:00+00:00,2025-05-21 02:09:00+00:00,72035.09366461204
342,2025-05-21 02:06:00+00:00,2025-05-21 02:29:00+00:00,71763.75665833084
343,2025-05-22 00:15:00+00:00,2025-05-22 00:17:00+00:00,71415.0293407383
344,2025-05-23 01:12:00+00:00,2025-05-23 01:15:00+00:00,71472.92205313753
345,2025-05-23 01:36:00+00:00,2025-05-23 01:44:00+00:00,71204.712336326
346,2025-05-23 01:40:00+00:00,2025-05-23 01:44:00+00:00,70936.50299089096
347,2025-05-27 00:00:00+00:00,2025-05-27 00:06:00+00:00,70585.6042105185
348,2025-05-27 00:03:00+00:00,2025-05-27 00:07:00+00:00,70234.63132765965
349,2025-05-27 00:57:00+00:00,2025-05-27 01:06:00+00:00,69883.21137180133
350,2025-05-27 01:00:00+00:00,2025-05-27 01:06:00+00:00,69707.50141830192
351,2025-05-27 05:00:00+00:00,2025-05-27 05:02:00+00:00,69533.35479256594
352,2025-05-28 01:00:00+00:00,2025-05-28 01:04:00+00:00,69272.78554213057
354,2025-06-02 01:03:00+00:00,2025-06-02 01:16:00+00:00,69012.8315528391
353,2025-06-02 01:00:00+00:00,2025-06-02 01:17:00+00:00,68752.87801271597
355,2025-06-02 01:16:00+00:00,2025-06-02 01:20:00+00:00,68933.94811523164
356,2025-06-02 01:25:00+00:00,2025-06-02 01:30:00+00:00,68675.26578166582
357,2025-06-04 01:04:00+00:00,2025-06-04 01:09:00+00:00,68855.62555712648
358,2025-06-04 01:32:00+00:00,2025-06-04 02:09:00+00:00,68908.81680857672
359,2025-06-05 01:04:00+00:00,2025-06-05 01:12:00+00:00,68974.8052829613
360,2025-06-05 01:07:00+00:00,2025-06-05 01:12:00+00:00,69045.93173939985
361,2025-06-05 01:25:00+00:00,2025-06-05 01:28:00+00:00,69117.58955614363
362,2025-06-05 01:29:00+00:00,2025-06-05 01:34:00+00:00,68858.58013707209
363,2025-06-05 01:32:00+00:00,2025-06-05 01:35:00+00:00,68599.57067323216
364,2025-06-06 01:00:00+00:00,2025-06-06 01:17:00+00:00,68653.79773745517
365,2025-06-06 01:03:00+00:00,2025-06-06 01:27:00+00:00,68735.26412455476
366,2025-06-10 00:11:00+00:00,2025-06-10 00:17:00+00:00,68391.3502425532
367,2025-06-10 01:04:00+00:00,2025-06-10 01:12:00+00:00,68464.77359937901
368,2025-06-10 01:07:00+00:00,2025-06-10 01:12:00+00:00,68550.96272042408
369,2025-06-10 01:25:00+00:00,2025-06-10 01:34:00+00:00,68294.07473878737
370,2025-06-10 01:49:00+00:00,2025-06-10 01:53:00+00:00,68038.14902719912
371,2025-06-16 01:00:00+00:00,2025-06-16 01:03:00+00:00,67782.8291969332
372,2025-06-18 01:26:00+00:00,2025-06-18 01:43:00+00:00,67960.67326342963
373,2025-06-18 01:53:00+00:00,2025-06-18 02:20:00+00:00,67705.64555830618
374,2025-06-18 01:56:00+00:00,2025-06-18 03:00:00+00:00,67450.61741618972
375,2025-06-19 00:06:00+00:00,2025-06-19 00:26:00+00:00,67317.14667119092
376,2025-06-19 00:10:00+00:00,2025-06-19 00:26:00+00:00,67187.17877922687
377,2025-06-19 01:00:00+00:00,2025-06-19 01:05:00+00:00,66851.01133993233
378,2025-06-19 01:25:00+00:00,2025-06-19 01:48:00+00:00,66516.98730597667
379,2025-06-19 01:28:00+00:00,2025-06-19 01:55:00+00:00,66182.96322234866
380,2025-06-19 02:00:00+00:00,2025-06-19 02:02:00+00:00,66250.7119784305
381,2025-06-19 05:16:00+00:00,2025-06-19 05:49:00+00:00,65919.6867285738
382,2025-06-19 05:19:00+00:00,2025-06-19 05:49:00+00:00,65588.66139461928
383,2025-06-20 01:03:00+00:00,2025-06-20 01:16:00+00:00,65676.25776840054
384,2025-06-20 01:06:00+00:00,2025-06-20 01:16:00+00:00,65774.05739368382
385,2025-06-20 01:16:00+00:00,2025-06-20 01:25:00+00:00,65840.5129566918
386,2025-06-20 01:25:00+00:00,2025-06-20 02:43:00+00:00,65869.70343510435
387,2025-06-20 01:32:00+00:00,2025-06-20 02:43:00+00:00,65971.23136711106
388,2025-06-20 04:39:00+00:00,2025-06-20 05:11:00+00:00,66202.24189063004
389,2025-06-20 04:46:00+00:00,2025-06-20 05:28:00+00:00,65872.61312579988
390,2025-06-20 05:18:00+00:00,2025-06-20 05:30:00+00:00,65541.83012616445
391,2025-06-25 01:02:00+00:00,2025-06-25 01:10:00+00:00,65295.87878694765
392,2025-06-25 01:05:00+00:00,2025-06-25 01:10:00+00:00,65049.927161631844
393,2025-06-25 05:07:00+00:00,2025-06-25 05:20:00+00:00,64806.158632403974
394,2025-06-25 05:10:00+00:00,2025-06-25 05:20:00+00:00,64562.389977242856
395,2025-06-26 01:00:00+00:00,2025-06-26 01:14:00+00:00,64731.784013755205
396,2025-06-26 01:03:00+00:00,2025-06-26 01:14:00+00:00,64901.178049826136
397,2025-06-26 02:00:00+00:00,2025-06-26 02:13:00+00:00,64974.89925373291
398,2025-06-26 02:03:00+00:00,2025-06-26 02:25:00+00:00,65040.84846368899
399,2025-06-26 02:25:00+00:00,2025-06-26 02:32:00+00:00,65211.49780966281
400,2025-06-26 03:30:00+00:00,2025-06-26 03:36:00+00:00,65382.59477956945
401,2025-06-26 04:08:00+00:00,2025-06-26 04:17:00+00:00,65426.64277279173
402,2025-06-26 04:11:00+00:00,2025-06-26 04:17:00+00:00,65475.65833502939
403,2025-06-26 05:53:00+00:00,2025-06-26 05:55:00+00:00,65229.955222782366
404,2025-06-26 05:56:00+00:00,2025-06-26 06:10:00+00:00,64985.17404763249
405,2025-06-26 05:59:00+00:00,2025-06-26 06:10:00+00:00,64740.3928311595
406,2025-06-27 01:30:00+00:00,2025-06-27 01:31:00+00:00,64794.886717705864
407,2025-06-27 01:41:00+00:00,2025-06-27 01:48:00+00:00,64551.73778220559
408,2025-06-27 01:44:00+00:00,2025-06-27 01:49:00+00:00,64308.58884984262
409,2025-06-27 03:46:00+00:00,2025-06-27 03:51:00+00:00,64477.316901307146
410,2025-06-27 06:02:00+00:00,2025-06-27 06:05:00+00:00,64646.487493239314
411,2025-06-30 00:05:00+00:00,2025-06-30 00:08:00+00:00,64872.640238821754
412,2025-06-30 01:19:00+00:00,2025-06-30 01:24:00+00:00,64629.20000426905
413,2025-06-30 01:22:00+00:00,2025-06-30 01:25:00+00:00,64385.759409690545
414,2025-06-30 02:01:00+00:00,2025-06-30 02:08:00+00:00,64144.145726682065
415,2025-06-30 02:05:00+00:00,2025-06-30 02:08:00+00:00,63902.53209864277
416,2025-07-01 00:00:00+00:00,2025-07-01 00:02:00+00:00,63582.79755365229
418,2025-07-01 01:03:00+00:00,2025-07-01 01:08:00+00:00,63659.0882680535
417,2025-07-01 01:00:00+00:00,2025-07-01 01:20:00+00:00,63420.48701178358
419,2025-07-01 01:09:00+00:00,2025-07-01 01:20:00+00:00,63181.59936249863
420,2025-07-01 01:59:00+00:00,2025-07-01 02:07:00+00:00,63238.68813357551
421,2025-07-01 02:02:00+00:00,2025-07-01 02:07:00+00:00,63288.64482802597
422,2025-07-01 03:39:00+00:00,2025-07-01 03:57:00+00:00,63051.47787602208
423,2025-07-01 03:42:00+00:00,2025-07-01 03:57:00+00:00,62814.310911952234
424,2025-07-02 07:03:00+00:00,2025-07-02 07:17:00+00:00,62833.08304339268
426,2025-07-03 01:04:00+00:00,2025-07-03 01:07:00+00:00,62519.13650478834
425,2025-07-03 01:00:00+00:00,2025-07-03 01:30:00+00:00,62739.15930063544
427,2025-07-03 01:24:00+00:00,2025-07-03 02:08:00+00:00,62957.869269324045
428,2025-07-03 01:35:00+00:00,2025-07-03 02:08:00+00:00,63177.348940677526
429,2025-07-03 02:08:00+00:00,2025-07-03 02:22:00+00:00,62861.68237699378
430,2025-07-04 01:16:00+00:00,2025-07-04 01:27:00+00:00,63026.614184871
431,2025-07-04 01:55:00+00:00,2025-07-04 02:27:00+00:00,63192.13903189496
432,2025-07-04 01:58:00+00:00,2025-07-04 02:28:00+00:00,63357.663706058294
433,2025-07-07 00:33:00+00:00,2025-07-07 00:39:00+00:00,63411.81658745573
434,2025-07-07 01:14:00+00:00,2025-07-07 01:39:00+00:00,63494.734668763645
435,2025-07-07 01:45:00+00:00,2025-07-07 01:54:00+00:00,63256.79481262118
436,2025-07-07 01:48:00+00:00,2025-07-07 01:54:00+00:00,63018.854575979094
437,2025-07-07 01:54:00+00:00,2025-07-07 02:21:00+00:00,62782.69781246125
438,2025-07-07 01:57:00+00:00,2025-07-07 02:21:00+00:00,62546.54095136245
439,2025-07-09 01:08:00+00:00,2025-07-09 01:10:00+00:00,62234.02103990298
440,2025-07-09 01:37:00+00:00,2025-07-09 01:41:00+00:00,62451.73612647856
441,2025-07-09 06:56:00+00:00,2025-07-09 07:11:00+00:00,62139.26495254587
442,2025-07-09 06:59:00+00:00,2025-07-09 07:17:00+00:00,61826.793612173155
443,2025-07-09 07:17:00+00:00,2025-07-09 07:36:00+00:00,61997.126641511735
444,2025-07-09 07:20:00+00:00,2025-07-09 07:36:00+00:00,62069.628738355634
445,2025-07-11 00:35:00+00:00,2025-07-11 00:53:00+00:00,61759.4925761266
446,2025-07-11 00:38:00+00:00,2025-07-11 00:53:00+00:00,61449.356746029174
447,2025-07-15 01:56:00+00:00,2025-07-15 02:19:00+00:00,61610.73775330506
448,2025-07-15 01:59:00+00:00,2025-07-15 02:19:00+00:00,61772.11855994203
449,2025-07-15 05:26:00+00:00,2025-07-15 06:25:00+00:00,61823.858108104665
450,2025-07-15 05:29:00+00:00,2025-07-15 06:25:00+00:00,61891.542221949036
451,2025-07-15 07:05:00+00:00,2025-07-15 07:21:00+00:00,62036.64957114842
452,2025-07-15 07:09:00+00:00,2025-07-15 07:21:00+00:00,62181.75674736182
454,2025-07-18 00:04:00+00:00,2025-07-18 00:08:00+00:00,62239.30459239915
453,2025-07-18 00:01:00+00:00,2025-07-18 00:10:00+00:00,62456.83775840602
455,2025-07-18 03:32:00+00:00,2025-07-18 04:04:00+00:00,62222.78246939717
456,2025-07-18 03:35:00+00:00,2025-07-18 04:04:00+00:00,61988.72747970373
458,2025-07-18 05:33:00+00:00,2025-07-18 06:10:00+00:00,62031.51363410012
457,2025-07-18 05:30:00+00:00,2025-07-18 06:24:00+00:00,62055.89402816706
460,2025-07-18 06:32:00+00:00,2025-07-18 06:56:00+00:00,62218.867067639505
459,2025-07-18 06:29:00+00:00,2025-07-18 07:00:00+00:00,62236.094326744016
461,2025-07-21 00:03:00+00:00,2025-07-21 00:15:00+00:00,61924.704350686065
462,2025-07-21 00:06:00+00:00,2025-07-21 00:40:00+00:00,62142.42790850174
463,2025-07-21 01:01:00+00:00,2025-07-21 01:12:00+00:00,62190.0144347859
464,2025-07-21 01:04:00+00:00,2025-07-21 01:12:00+00:00,62247.156575527864
465,2025-07-21 01:25:00+00:00,2025-07-21 02:49:00+00:00,62013.887161437495
466,2025-07-21 01:32:00+00:00,2025-07-21 02:49:00+00:00,61780.61780097951
467,2025-07-21 05:35:00+00:00,2025-07-21 05:44:00+00:00,61836.51228747275
468,2025-07-21 06:05:00+00:00,2025-07-21 06:12:00+00:00,61604.46902609551
469,2025-07-21 06:08:00+00:00,2025-07-21 06:13:00+00:00,61372.42585261906
470,2025-07-24 01:02:00+00:00,2025-07-24 01:04:00+00:00,61142.12227918691
471,2025-07-24 01:05:00+00:00,2025-07-24 01:12:00+00:00,60912.68261495418
472,2025-07-24 01:08:00+00:00,2025-07-24 01:13:00+00:00,60683.243318087414
473,2025-07-28 00:46:00+00:00,2025-07-28 00:52:00+00:00,60895.735193039
474,2025-07-28 01:00:00+00:00,2025-07-28 01:04:00+00:00,60667.22182997603
475,2025-07-28 01:26:00+00:00,2025-07-28 01:56:00+00:00,60439.87413430999
476,2025-07-28 01:35:00+00:00,2025-07-28 01:57:00+00:00,60212.526340420525
477,2025-07-28 01:56:00+00:00,2025-07-28 02:07:00+00:00,59986.03047400419
478,2025-07-29 02:12:00+00:00,2025-07-29 02:27:00+00:00,59760.93153019864
479,2025-07-29 02:15:00+00:00,2025-07-29 02:27:00+00:00,59535.832409449016
481,2025-07-29 07:36:00+00:00,2025-07-29 07:47:00+00:00,59576.818504251525
480,2025-07-29 07:33:00+00:00,2025-07-29 07:50:00+00:00,59716.40230478868
482,2025-07-30 00:12:00+00:00,2025-07-30 00:23:00+00:00,59737.71595333319
483,2025-07-30 00:55:00+00:00,2025-07-30 00:59:00+00:00,59438.8260008288
484,2025-07-31 01:15:00+00:00,2025-07-31 01:23:00+00:00,59458.240667527636
485,2025-07-31 01:18:00+00:00,2025-07-31 01:30:00+00:00,59506.785931898616
486,2025-07-31 01:23:00+00:00,2025-07-31 01:30:00+00:00,59568.84815258602
487,2025-07-31 01:41:00+00:00,2025-07-31 01:52:00+00:00,59345.31519609698
488,2025-07-31 01:44:00+00:00,2025-07-31 01:56:00+00:00,59121.78219559357
489,2025-07-31 07:35:00+00:00,2025-07-31 07:38:00+00:00,58900.194268145344
490,2025-08-06 00:55:00+00:00,2025-08-06 01:00:00+00:00,58605.892734235684
491,2025-08-06 00:58:00+00:00,2025-08-06 01:02:00+00:00,58311.591402822545
492,2025-08-06 01:01:00+00:00,2025-08-06 01:26:00+00:00,58018.76084481737
493,2025-08-06 02:21:00+00:00,2025-08-06 02:24:00+00:00,58087.43264014957
494,2025-08-07 01:00:00+00:00,2025-08-07 01:03:00+00:00,57942.312687156445
495,2025-08-07 02:05:00+00:00,2025-08-07 02:10:00+00:00,58043.75940315417
496,2025-08-07 02:28:00+00:00,2025-08-07 02:37:00+00:00,58145.38389177229
497,2025-08-11 00:01:00+00:00,2025-08-11 00:13:00+00:00,58173.88651499102
498,2025-08-11 00:07:00+00:00,2025-08-11 00:21:00+00:00,58228.31681224878
499,2025-08-11 00:25:00+00:00,2025-08-11 00:57:00+00:00,57937.37232630853
500,2025-08-11 00:31:00+00:00,2025-08-11 00:57:00+00:00,57646.42800264292
501,2025-08-11 02:02:00+00:00,2025-08-11 02:46:00+00:00,57503.42463112061
502,2025-08-11 02:05:00+00:00,2025-08-11 03:23:00+00:00,57214.99751939731
503,2025-08-11 07:09:00+00:00,2025-08-11 07:13:00+00:00,57384.38174462977
504,2025-08-13 01:15:00+00:00,2025-08-13 01:29:00+00:00,57097.65411500408
505,2025-08-13 01:18:00+00:00,2025-08-13 01:34:00+00:00,56810.92646798892
506,2025-08-13 06:25:00+00:00,2025-08-13 06:49:00+00:00,56526.68013573249
507,2025-08-13 06:35:00+00:00,2025-08-13 07:07:00+00:00,56242.433663562544
508,2025-08-13 07:09:00+00:00,2025-08-13 07:13:00+00:00,55971.51776820358
509,2025-08-15 01:00:00+00:00,2025-08-15 01:19:00+00:00,55761.48222931707
510,2025-08-15 01:03:00+00:00,2025-08-15 01:19:00+00:00,55551.44716388749
511,2025-08-18 01:00:00+00:00,2025-08-18 01:19:00+00:00,55343.270847540065
512,2025-08-18 01:03:00+00:00,2025-08-18 01:20:00+00:00,55135.09433398997
513,2025-08-18 07:18:00+00:00,2025-08-18 07:25:00+00:00,55185.61343881328
514,2025-08-19 01:03:00+00:00,2025-08-19 01:22:00+00:00,55236.72265428771
515,2025-08-19 01:34:00+00:00,2025-08-19 01:35:00+00:00,55210.726859383656
516,2025-08-20 00:10:00+00:00,2025-08-20 00:53:00+00:00,55287.55230558863
517,2025-08-20 00:14:00+00:00,2025-08-20 00:53:00+00:00,55364.502770759755
518,2025-08-20 00:57:00+00:00,2025-08-20 01:02:00+00:00,55465.37424575791
519,2025-08-20 01:00:00+00:00,2025-08-20 01:02:00+00:00,55562.21605574709
520,2025-08-20 01:10:00+00:00,2025-08-20 01:16:00+00:00,55659.403802413355
521,2025-08-20 01:30:00+00:00,2025-08-20 01:39:00+00:00,55520.16111885304
522,2025-08-20 01:33:00+00:00,2025-08-20 01:40:00+00:00,55380.91859855559
523,2025-08-21 00:47:00+00:00,2025-08-21 00:50:00+00:00,55431.655944627644
525,2025-08-21 01:22:00+00:00,2025-08-21 01:39:00+00:00,55467.0949904636
524,2025-08-21 01:18:00+00:00,2025-08-21 01:40:00+00:00,55612.67218078404
526,2025-08-21 02:00:00+00:00,2025-08-21 02:06:00+00:00,55758.724636815015
527,2025-08-21 02:03:00+00:00,2025-08-21 02:06:00+00:00,55904.77723949135
528,2025-08-21 02:14:00+00:00,2025-08-21 02:33:00+00:00,56051.457160901904
529,2025-08-21 05:14:00+00:00,2025-08-21 06:00:00+00:00,56071.719339457544
530,2025-08-21 05:36:00+00:00,2025-08-21 06:12:00+00:00,56218.9242057924
531,2025-08-21 06:16:00+00:00,2025-08-21 06:41:00+00:00,56008.24649591124
532,2025-08-21 06:19:00+00:00,2025-08-21 06:41:00+00:00,55797.56868153454
534,2025-08-22 01:16:00+00:00,2025-08-22 01:30:00+00:00,55870.49703732691
533,2025-08-22 01:08:00+00:00,2025-08-22 01:50:00+00:00,55661.39743148365
535,2025-08-22 01:49:00+00:00,2025-08-22 01:50:00+00:00,55452.02440824204
536,2025-08-25 01:17:00+00:00,2025-08-25 01:27:00+00:00,55597.51651319763
537,2025-08-25 01:23:00+00:00,2025-08-25 01:27:00+00:00,55743.00861713655
538,2025-08-25 02:23:00+00:00,2025-08-25 02:43:00+00:00,55889.403168307115
539,2025-08-25 02:29:00+00:00,2025-08-25 02:43:00+00:00,56035.79773873748
541,2025-08-25 04:31:00+00:00,2025-08-25 04:56:00+00:00,55916.25643797723
540,2025-08-25 04:27:00+00:00,2025-08-25 05:12:00+00:00,56063.28027785921
542,2025-08-27 01:00:00+00:00,2025-08-27 01:11:00+00:00,56118.10588065136
543,2025-08-27 01:03:00+00:00,2025-08-27 01:11:00+00:00,56212.27452506761
544,2025-08-27 04:02:00+00:00,2025-08-27 04:49:00+00:00,55931.403709911174
545,2025-08-27 04:08:00+00:00,2025-08-27 04:49:00+00:00,55650.532739472816
546,2025-08-28 01:00:00+00:00,2025-08-28 01:13:00+00:00,55441.70202664528
547,2025-08-28 01:03:00+00:00,2025-08-28 01:31:00+00:00,55232.87093764952
548,2025-08-29 01:02:00+00:00,2025-08-29 01:05:00+00:00,55293.20646606406
549,2025-08-29 01:08:00+00:00,2025-08-29 01:15:00+00:00,55346.587531328376
550,2025-08-29 01:20:00+00:00,2025-08-29 01:26:00+00:00,55139.178959949066
551,2025-08-29 01:23:00+00:00,2025-08-29 01:26:00+00:00,54931.770488961774
552,2025-09-01 00:01:00+00:00,2025-09-01 00:09:00+00:00,54657.29824684701
553,2025-09-01 00:04:00+00:00,2025-09-01 01:06:00+00:00,54382.826486894635
554,2025-09-01 01:06:00+00:00,2025-09-01 01:20:00+00:00,54111.09692148341
555,2025-09-01 01:09:00+00:00,2025-09-01 01:23:00+00:00,53839.36789062037
556,2025-09-01 02:15:00+00:00,2025-09-01 02:23:00+00:00,53569.98842325206
557,2025-09-01 02:18:00+00:00,2025-09-01 02:26:00+00:00,53300.60871406051
558,2025-09-01 04:40:00+00:00,2025-09-01 04:50:00+00:00,53361.58007173352
559,2025-09-01 04:43:00+00:00,2025-09-01 05:05:00+00:00,53442.009792984725
560,2025-09-01 05:05:00+00:00,2025-09-01 05:35:00+00:00,53174.617944157144
561,2025-09-01 05:08:00+00:00,2025-09-01 05:51:00+00:00,52907.22664842769
563,2025-09-01 06:40:00+00:00,2025-09-01 06:51:00+00:00,53092.31365825111
562,2025-09-01 06:36:00+00:00,2025-09-01 06:52:00+00:00,53277.40068003619
564,2025-09-01 08:12:00+00:00,2025-09-01 08:13:00+00:00,53305.38020584447
565,2025-09-02 00:30:00+00:00,2025-09-02 00:53:00+00:00,53492.03760670636
566,2025-09-02 00:43:00+00:00,2025-09-02 00:53:00+00:00,53678.694871176216
567,2025-09-02 01:00:00+00:00,2025-09-02 01:13:00+00:00,53738.71867901316
568,2025-09-02 01:03:00+00:00,2025-09-02 01:30:00+00:00,53940.14985439915
569,2025-09-02 01:15:00+00:00,2025-09-02 01:30:00+00:00,54141.80646592939
570,2025-09-02 01:32:00+00:00,2025-09-02 01:40:00+00:00,53938.91240768284
571,2025-09-02 01:35:00+00:00,2025-09-02 01:40:00+00:00,53736.018691215184
572,2025-09-03 00:59:00+00:00,2025-09-03 01:25:00+00:00,53467.519752800654
573,2025-09-03 01:02:00+00:00,2025-09-03 01:47:00+00:00,53266.14548214214
575,2025-09-03 05:24:00+00:00,2025-09-03 05:34:00+00:00,53405.903055604416
574,2025-09-03 05:21:00+00:00,2025-09-03 05:40:00+00:00,53545.66078318368
576,2025-09-03 06:34:00+00:00,2025-09-03 06:48:00+00:00,53590.088310917985
577,2025-09-03 06:37:00+00:00,2025-09-03 06:48:00+00:00,53634.38322909921
578,2025-09-04 01:34:00+00:00,2025-09-04 01:36:00+00:00,53433.11847786392
579,2025-09-05 00:01:00+00:00,2025-09-05 00:04:00+00:00,53498.404209396926
580,2025-09-05 00:05:00+00:00,2025-09-05 00:06:00+00:00,53566.05374573288
581,2025-09-05 01:56:00+00:00,2025-09-05 02:06:00+00:00,53592.53658668634
583,2025-09-05 02:10:00+00:00,2025-09-05 03:00:00+00:00,53686.2790219792
582,2025-09-05 02:00:00+00:00,2025-09-05 03:09:00+00:00,53703.38210209805
584,2025-09-08 00:04:00+00:00,2025-09-08 00:12:00+00:00,53435.046020721944
585,2025-09-08 00:07:00+00:00,2025-09-08 00:13:00+00:00,53166.710331337235
586,2025-09-08 01:01:00+00:00,2025-09-08 01:08:00+00:00,52967.20091981209
587,2025-09-08 01:04:00+00:00,2025-09-08 01:08:00+00:00,52767.6915538018
589,2025-09-08 02:03:00+00:00,2025-09-08 02:07:00+00:00,52569.67966171419
588,2025-09-08 02:00:00+00:00,2025-09-08 02:28:00+00:00,52623.84003215802
591,2025-09-09 04:32:00+00:00,2025-09-09 04:54:00+00:00,52426.36673507364
590,2025-09-09 04:29:00+00:00,2025-09-09 05:01:00+00:00,52228.89355037918
592,2025-09-10 00:00:00+00:00,2025-09-10 00:07:00+00:00,51967.92617482186
593,2025-09-10 00:03:00+00:00,2025-09-10 00:28:00+00:00,51814.059672895586
594,2025-09-10 01:01:00+00:00,2025-09-10 01:03:00+00:00,51901.18526344987
595,2025-09-10 01:04:00+00:00,2025-09-10 01:29:00+00:00,51641.85558075487
596,2025-09-10 01:07:00+00:00,2025-09-10 01:29:00+00:00,51382.52599524279
597,2025-09-10 01:37:00+00:00,2025-09-10 02:19:00+00:00,51125.43901188779
598,2025-09-10 01:40:00+00:00,2025-09-10 02:19:00+00:00,50868.352233977355
599,2025-09-11 01:00:00+00:00,2025-09-11 01:21:00+00:00,51046.475857996826
600,2025-09-11 01:03:00+00:00,2025-09-11 01:21:00+00:00,51224.59942444271
602,2025-09-11 01:27:00+00:00,2025-09-11 02:14:00+00:00,51403.80013712642
601,2025-09-11 01:24:00+00:00,2025-09-11 02:16:00+00:00,51583.000713348505
603,2025-09-11 05:56:00+00:00,2025-09-11 06:01:00+00:00,51325.26053507479
604,2025-09-11 05:59:00+00:00,2025-09-11 06:01:00+00:00,51067.52063239856
606,2025-09-12 01:30:00+00:00,2025-09-12 01:44:00+00:00,50812.35652368681
605,2025-09-12 01:19:00+00:00,2025-09-12 01:45:00+00:00,50557.19224789395
607,2025-09-15 01:00:00+00:00,2025-09-15 03:26:00+00:00,50304.23541077716
608,2025-09-15 01:03:00+00:00,2025-09-15 03:38:00+00:00,50051.278499175234
609,2025-09-16 00:03:00+00:00,2025-09-16 00:35:00+00:00,50226.37470534852
610,2025-09-16 01:16:00+00:00,2025-09-16 01:40:00+00:00,50402.25012985703
611,2025-09-16 01:19:00+00:00,2025-09-16 01:40:00+00:00,50578.1254884044
612,2025-09-16 01:40:00+00:00,2025-09-16 01:46:00+00:00,50325.063648005234
613,2025-09-16 01:43:00+00:00,2025-09-16 01:46:00+00:00,50072.00173505872
614,2025-09-16 01:48:00+00:00,2025-09-16 02:06:00+00:00,49821.471702250186
615,2025-09-18 01:00:00+00:00,2025-09-18 01:05:00+00:00,49995.76372619403
616,2025-09-18 01:06:00+00:00,2025-09-18 01:15:00+00:00,49745.95552646512
617,2025-09-18 01:10:00+00:00,2025-09-18 01:16:00+00:00,49496.14681263708
618,2025-09-18 03:36:00+00:00,2025-09-18 03:51:00+00:00,49566.47106392638
619,2025-09-19 01:18:00+00:00,2025-09-19 01:32:00+00:00,49696.644435594826
620,2025-09-19 01:51:00+00:00,2025-09-19 02:06:00+00:00,49827.15973491448
621,2025-09-19 02:02:00+00:00,2025-09-19 02:06:00+00:00,49957.674838024264
622,2025-09-22 00:00:00+00:00,2025-09-22 00:54:00+00:00,49708.055507999736
623,2025-09-22 00:04:00+00:00,2025-09-22 00:56:00+00:00,49458.43566947143
624,2025-09-22 01:00:00+00:00,2025-09-22 01:02:00+00:00,49507.84684615893
625,2025-09-22 01:05:00+00:00,2025-09-22 01:09:00+00:00,49559.50379518474
626,2025-09-22 01:09:00+00:00,2025-09-22 01:40:00+00:00,49607.25121470547
627,2025-09-22 01:16:00+00:00,2025-09-22 01:40:00+00:00,49647.55489281553
628,2025-09-22 01:53:00+00:00,2025-09-22 02:06:00+00:00,49399.48465992692
629,2025-09-22 01:56:00+00:00,2025-09-22 02:06:00+00:00,49151.414460763655
631,2025-09-22 02:09:00+00:00,2025-09-22 02:12:00+00:00,48905.82348657161
630,2025-09-22 02:06:00+00:00,2025-09-22 03:00:00+00:00,48660.23249030173
632,2025-09-22 06:03:00+00:00,2025-09-22 06:21:00+00:00,48416.76707366741
633,2025-09-22 06:08:00+00:00,2025-09-22 06:22:00+00:00,48173.302099617984
634,2025-09-22 06:21:00+00:00,2025-09-22 06:42:00+00:00,47931.05482594789
635,2025-09-23 01:00:00+00:00,2025-09-23 02:13:00+00:00,48098.733768010075
636,2025-09-23 01:03:00+00:00,2025-09-23 02:13:00+00:00,48149.93397010196
637,2025-09-23 02:27:00+00:00,2025-09-23 03:08:00+00:00,47909.34746160239
638,2025-09-23 06:45:00+00:00,2025-09-23 07:15:00+00:00,48076.95037958258
639,2025-09-24 00:00:00+00:00,2025-09-24 00:21:00+00:00,48116.9674761614
640,2025-09-24 00:03:00+00:00,2025-09-24 00:21:00+00:00,48154.522948961516
641,2025-09-24 03:31:00+00:00,2025-09-24 04:04:00+00:00,48034.21868593162
642,2025-09-24 03:34:00+00:00,2025-09-24 04:04:00+00:00,47913.91437343664
643,2025-09-25 01:00:00+00:00,2025-09-25 01:16:00+00:00,48039.62888841716
644,2025-09-25 01:03:00+00:00,2025-09-25 01:18:00+00:00,48165.343373710835
645,2025-09-25 01:38:00+00:00,2025-09-25 01:47:00+00:00,47984.84517826283
646,2025-09-25 01:41:00+00:00,2025-09-25 02:07:00+00:00,48111.338274274814
648,2025-09-30 03:53:00+00:00,2025-09-30 04:12:00+00:00,47988.854239069646
647,2025-09-30 03:50:00+00:00,2025-09-30 04:26:00+00:00,47808.315383526606
650,2025-09-30 04:27:00+00:00,2025-09-30 04:29:00+00:00,47933.752898464816
649,2025-09-30 04:22:00+00:00,2025-09-30 04:32:00+00:00,47959.58122599751
651,2025-09-30 04:46:00+00:00,2025-09-30 04:51:00+00:00,47779.611830450805
652,2025-09-30 04:49:00+00:00,2025-09-30 05:00:00+00:00,47599.642527885015
653,2025-10-01 01:19:00+00:00,2025-10-01 01:39:00+00:00,47421.023626609254
654,2025-10-01 01:22:00+00:00,2025-10-01 01:39:00+00:00,47242.40479240451
655,2025-10-01 04:23:00+00:00,2025-10-01 04:32:00+00:00,47065.12630617558
656,2025-10-01 04:30:00+00:00,2025-10-01 04:43:00+00:00,46887.84794150779
657,2025-10-02 01:09:00+00:00,2025-10-02 01:25:00+00:00,46711.89902434522
658,2025-10-02 01:12:00+00:00,2025-10-02 01:35:00+00:00,46535.95027228252
659,2025-10-02 06:44:00+00:00,2025-10-02 06:53:00+00:00,46658.16521374545
660,2025-10-02 08:29:00+00:00,2025-10-02 08:30:00+00:00,46607.522261379425
662,2025-10-03 00:21:00+00:00,2025-10-03 00:48:00+00:00,46669.00185517336
661,2025-10-03 00:18:00+00:00,2025-10-03 00:52:00+00:00,46832.20556545512
663,2025-10-03 00:59:00+00:00,2025-10-03 01:05:00+00:00,46996.19609373225
664,2025-10-03 01:03:00+00:00,2025-10-03 01:05:00+00:00,47171.93555925264
665,2025-10-03 01:09:00+00:00,2025-10-03 01:10:00+00:00,46995.160967456126
666,2025-10-07 00:01:00+00:00,2025-10-07 00:10:00+00:00,46760.341762835065
667,2025-10-07 00:04:00+00:00,2025-10-07 00:11:00+00:00,46525.522240559556
668,2025-10-07 01:05:00+00:00,2025-10-07 01:13:00+00:00,46647.70841306404
669,2025-10-07 01:28:00+00:00,2025-10-07 01:44:00+00:00,46770.10124825636
670,2025-10-07 02:12:00+00:00,2025-10-07 02:17:00+00:00,46834.47217915459
671,2025-10-07 03:42:00+00:00,2025-10-07 04:29:00+00:00,46658.72658146167
672,2025-10-07 03:45:00+00:00,2025-10-07 04:29:00+00:00,46482.98070393775
674,2025-10-07 06:08:00+00:00,2025-10-07 06:10:00+00:00,46605.05510093369
675,2025-10-07 06:11:00+00:00,2025-10-07 06:12:00+00:00,46430.40246751936
673,2025-10-07 06:05:00+00:00,2025-10-07 06:25:00+00:00,46256.20715202607
676,2025-10-09 01:01:00+00:00,2025-10-09 01:04:00+00:00,46429.78125486575
678,2025-10-09 01:29:00+00:00,2025-10-09 01:54:00+00:00,46551.603475766584
677,2025-10-09 01:23:00+00:00,2025-10-09 01:55:00+00:00,46673.42551481145
680,2025-10-09 04:56:00+00:00,2025-10-09 05:08:00+00:00,46708.452821054714
681,2025-10-09 05:09:00+00:00,2025-10-09 05:30:00+00:00,46831.005867954496
679,2025-10-09 04:49:00+00:00,2025-10-09 05:35:00+00:00,46953.467322858305
682,2025-10-09 06:06:00+00:00,2025-10-09 06:09:00+00:00,46777.5070848804
683,2025-10-09 06:09:00+00:00,2025-10-09 06:14:00+00:00,46602.20681974624
684,2025-10-09 06:12:00+00:00,2025-10-09 06:14:00+00:00,46426.90606361768
685,2025-10-10 01:00:00+00:00,2025-10-10 01:07:00+00:00,46252.691499442546
686,2025-10-10 01:04:00+00:00,2025-10-10 01:07:00+00:00,46078.4772216582
687,2025-10-10 06:09:00+00:00,2025-10-10 06:22:00+00:00,46132.766138752304
688,2025-10-10 06:25:00+00:00,2025-10-10 06:31:00+00:00,46169.28508777768
689,2025-10-13 04:17:00+00:00,2025-10-13 04:42:00+00:00,46290.42317487776
691,2025-10-13 05:20:00+00:00,2025-10-13 05:55:00+00:00,46411.87924005422
690,2025-10-13 05:17:00+00:00,2025-10-13 06:00:00+00:00,46430.6260896722
692,2025-10-14 00:02:00+00:00,2025-10-14 00:29:00+00:00,46198.62544345318
693,2025-10-14 01:00:00+00:00,2025-10-14 01:25:00+00:00,46270.822216285065
694,2025-10-14 01:03:00+00:00,2025-10-14 01:25:00+00:00,46331.4710922565
695,2025-10-14 03:44:00+00:00,2025-10-14 04:05:00+00:00,46099.661720562704
696,2025-10-14 03:47:00+00:00,2025-10-14 04:05:00+00:00,45867.85244038777
697,2025-10-15 00:00:00+00:00,2025-10-15 00:04:00+00:00,45928.684140041165
698,2025-10-15 00:35:00+00:00,2025-10-15 00:42:00+00:00,45698.88926359586
699,2025-10-15 00:38:00+00:00,2025-10-15 00:42:00+00:00,45469.09485879664
700,2025-10-16 00:08:00+00:00,2025-10-16 00:10:00+00:00,45241.598964199184
701,2025-10-17 01:01:00+00:00,2025-10-17 01:03:00+00:00,45015.54171638533
702,2025-10-17 03:37:00+00:00,2025-10-17 03:41:00+00:00,44790.314340502715
704,2025-10-20 01:08:00+00:00,2025-10-20 01:12:00+00:00,44622.46232866955
703,2025-10-20 01:05:00+00:00,2025-10-20 01:13:00+00:00,44454.61024194279
706,2025-10-20 03:41:00+00:00,2025-10-20 03:52:00+00:00,44449.758767947955
705,2025-10-20 03:38:00+00:00,2025-10-20 03:53:00+00:00,44282.94369787743
707,2025-10-21 00:00:00+00:00,2025-10-21 00:01:00+00:00,44290.40256728649
708,2025-10-21 00:08:00+00:00,2025-10-21 00:13:00+00:00,44445.34686679541
709,2025-10-21 00:52:00+00:00,2025-10-21 00:56:00+00:00,44600.83324654865
710,2025-10-21 01:08:00+00:00,2025-10-21 01:13:00+00:00,44678.8480927167
711,2025-10-21 04:31:00+00:00,2025-10-21 04:39:00+00:00,44757.07202412089
712,2025-10-21 04:34:00+00:00,2025-10-21 04:44:00+00:00,44765.93885603694
713,2025-10-21 04:44:00+00:00,2025-10-21 04:47:00+00:00,44844.31534438442
714,2025-10-21 04:48:00+00:00,2025-10-21 04:50:00+00:00,44922.828948636066
715,2025-10-21 04:52:00+00:00,2025-10-21 04:56:00+00:00,45001.480066968965
716,2025-10-21 04:55:00+00:00,2025-10-21 04:56:00+00:00,45080.13142254648
717,2025-10-21 05:07:00+00:00,2025-10-21 05:15:00+00:00,44967.505835277836
718,2025-10-21 05:11:00+00:00,2025-10-21 05:15:00+00:00,44931.85113416257
719,2025-10-22 01:00:00+00:00,2025-10-22 01:06:00+00:00,44763.24550151994
721,2025-10-22 04:12:00+00:00,2025-10-22 04:31:00+00:00,44880.80314422406
720,2025-10-22 04:09:00+00:00,2025-10-22 04:34:00+00:00,44920.15853656617
722,2025-10-22 05:57:00+00:00,2025-10-22 06:03:00+00:00,44751.81918779031
723,2025-10-22 06:00:00+00:00,2025-10-22 06:29:00+00:00,44869.78873567892
724,2025-10-23 01:04:00+00:00,2025-10-23 01:15:00+00:00,44701.63787786114
725,2025-10-23 01:08:00+00:00,2025-10-23 01:15:00+00:00,44533.48714908769
726,2025-10-24 00:53:00+00:00,2025-10-24 01:01:00+00:00,44310.966070785085
727,2025-10-24 00:56:00+00:00,2025-10-24 01:07:00+00:00,44088.444721673084
728,2025-10-24 01:02:00+00:00,2025-10-24 01:19:00+00:00,43867.03495673011
729,2025-10-27 00:05:00+00:00,2025-10-27 00:12:00+00:00,43647.84307596756
730,2025-10-27 00:08:00+00:00,2025-10-27 00:14:00+00:00,43428.651699067515
732,2025-10-28 00:04:00+00:00,2025-10-28 00:07:00+00:00,43580.582125514346
731,2025-10-28 00:00:00+00:00,2025-10-28 00:13:00+00:00,43363.296746392676
733,2025-10-28 00:09:00+00:00,2025-10-28 00:13:00+00:00,43145.2516459413
734,2025-10-29 05:15:00+00:00,2025-10-29 05:21:00+00:00,43037.45950088494
735,2025-10-31 00:00:00+00:00,2025-10-31 00:09:00+00:00,42822.41239332186
736,2025-10-31 00:03:00+00:00,2025-10-31 00:50:00+00:00,42607.36535024143
737,2025-10-31 01:03:00+00:00,2025-10-31 01:09:00+00:00,42447.48410411215
738,2025-10-31 01:06:00+00:00,2025-10-31 01:09:00+00:00,42287.60255913873
740,2025-10-31 03:56:00+00:00,2025-10-31 04:04:00+00:00,42328.156362918744
739,2025-10-31 03:53:00+00:00,2025-10-31 04:08:00+00:00,42371.961957055995
741,2025-11-03 01:05:00+00:00,2025-11-03 01:41:00+00:00,42275.993826244056
742,2025-11-03 01:08:00+00:00,2025-11-03 01:52:00+00:00,42198.787091993
744,2025-11-03 03:50:00+00:00,2025-11-03 04:30:00+00:00,42128.90987157367
743,2025-11-03 02:10:00+00:00,2025-11-03 05:09:00+00:00,42276.538287280266
745,2025-11-03 06:11:00+00:00,2025-11-03 06:30:00+00:00,42065.29314098786
747,2025-11-03 06:30:00+00:00,2025-11-03 06:47:00+00:00,42212.588437008846
746,2025-11-03 06:14:00+00:00,2025-11-03 07:24:00+00:00,42001.34334619859
748,2025-11-03 06:52:00+00:00,2025-11-03 07:24:00+00:00,41790.41735236382
749,2025-11-04 00:00:00+00:00,2025-11-04 00:05:00+00:00,41581.6010637987
750,2025-11-04 00:03:00+00:00,2025-11-04 00:05:00+00:00,41372.78484437903
751,2025-11-04 01:07:00+00:00,2025-11-04 01:27:00+00:00,41217.73782461917
752,2025-11-04 01:10:00+00:00,2025-11-04 01:28:00+00:00,41062.69053220951
753,2025-11-04 04:27:00+00:00,2025-11-04 04:34:00+00:00,40908.60594726649
754,2025-11-04 04:30:00+00:00,2025-11-04 04:34:00+00:00,40754.52141951543
756,2025-11-06 01:03:00+00:00,2025-11-06 01:24:00+00:00,40861.45326821006
755,2025-11-06 01:00:00+00:00,2025-11-06 01:47:00+00:00,40872.87255867519
757,2025-11-11 00:00:00+00:00,2025-11-11 00:36:00+00:00,40668.64111520787
758,2025-11-11 00:03:00+00:00,2025-11-11 00:36:00+00:00,40464.40948155101
759,2025-11-11 01:01:00+00:00,2025-11-11 01:10:00+00:00,40312.76668370642
760,2025-11-11 05:47:00+00:00,2025-11-11 06:19:00+00:00,40363.304381107366
761,2025-11-11 05:51:00+00:00,2025-11-11 06:19:00+00:00,40413.73272581895
762,2025-11-12 00:00:00+00:00,2025-11-12 00:02:00+00:00,40555.11618188735
764,2025-11-12 00:07:00+00:00,2025-11-12 00:26:00+00:00,40602.357517255514
763,2025-11-12 00:04:00+00:00,2025-11-12 00:30:00+00:00,40744.23592912377
765,2025-11-12 00:45:00+00:00,2025-11-12 01:13:00+00:00,40540.647178236366
766,2025-11-12 00:55:00+00:00,2025-11-12 02:14:00+00:00,40337.0585161137
767,2025-11-12 01:13:00+00:00,2025-11-12 03:20:00+00:00,40443.52574979314
768,2025-11-12 04:20:00+00:00,2025-11-12 04:22:00+00:00,40291.96122997385
769,2025-11-13 00:01:00+00:00,2025-11-13 00:15:00+00:00,40090.63183513776
770,2025-11-13 00:06:00+00:00,2025-11-13 00:29:00+00:00,40080.390229165685
772,2025-11-13 01:03:00+00:00,2025-11-13 01:25:00+00:00,40073.17978660537
771,2025-11-13 01:00:00+00:00,2025-11-13 01:49:00+00:00,40178.43835594365
773,2025-11-13 01:58:00+00:00,2025-11-13 02:02:00+00:00,40027.67233319399
774,2025-11-13 02:01:00+00:00,2025-11-13 02:19:00+00:00,40133.092970618985
775,2025-11-14 00:13:00+00:00,2025-11-14 00:17:00+00:00,40273.62223882651
776,2025-11-14 01:05:00+00:00,2025-11-14 01:15:00+00:00,40414.643635925495
777,2025-11-14 01:15:00+00:00,2025-11-14 01:27:00+00:00,40212.43969360724
778,2025-11-14 01:18:00+00:00,2025-11-14 01:27:00+00:00,40010.2362907347
779,2025-11-14 01:28:00+00:00,2025-11-14 01:39:00+00:00,40044.22263140227
781,2025-11-14 01:39:00+00:00,2025-11-14 02:15:00+00:00,40077.51034959257
780,2025-11-14 01:31:00+00:00,2025-11-14 03:00:00+00:00,39877.32967853978
782,2025-11-14 06:49:00+00:00,2025-11-14 07:01:00+00:00,40016.96319227358
783,2025-11-14 06:54:00+00:00,2025-11-14 07:02:00+00:00,40156.59699489406
784,2025-11-17 00:09:00+00:00,2025-11-17 00:20:00+00:00,39955.6844952427
785,2025-11-17 00:12:00+00:00,2025-11-17 00:22:00+00:00,39754.77195098616
786,2025-11-17 01:18:00+00:00,2025-11-17 01:41:00+00:00,39859.175054446605
787,2025-11-17 01:39:00+00:00,2025-11-17 02:08:00+00:00,39963.48377066363
788,2025-11-17 01:42:00+00:00,2025-11-17 02:08:00+00:00,40068.06657059651
789,2025-11-17 02:10:00+00:00,2025-11-17 03:00:00+00:00,39917.90888362966
790,2025-11-17 02:13:00+00:00,2025-11-17 03:02:00+00:00,39767.75127810671
791,2025-11-18 01:18:00+00:00,2025-11-18 01:20:00+00:00,39788.14175844799
793,2025-11-18 01:40:00+00:00,2025-11-18 02:09:00+00:00,39892.538466258906
792,2025-11-18 01:37:00+00:00,2025-11-18 02:12:00+00:00,39940.42160389802
795,2025-11-19 02:22:00+00:00,2025-11-19 02:28:00+00:00,39978.34503962884
794,2025-11-19 02:19:00+00:00,2025-11-19 03:03:00+00:00,39828.47235237972
796,2025-11-19 02:28:00+00:00,2025-11-19 03:03:00+00:00,39678.45742290754
797,2025-11-21 00:41:00+00:00,2025-11-21 00:48:00+00:00,39479.93945279009
798,2025-11-21 00:44:00+00:00,2025-11-21 00:49:00+00:00,39281.42162425332
799,2025-11-21 01:35:00+00:00,2025-11-21 01:41:00+00:00,39350.1333009655
800,2025-11-21 01:49:00+00:00,2025-11-21 01:55:00+00:00,39418.965323464436
802,2025-11-24 01:10:00+00:00,2025-11-24 01:29:00+00:00,39471.8741790407
801,2025-11-24 01:02:00+00:00,2025-11-24 03:30:00+00:00,39274.65387004544
803,2025-11-24 01:30:00+00:00,2025-11-24 03:30:00+00:00,39077.1690411137
804,2025-11-24 03:30:00+00:00,2025-11-24 04:56:00+00:00,38881.65847480968
805,2025-11-24 03:35:00+00:00,2025-11-24 04:56:00+00:00,38686.14839687855
806,2025-11-24 07:41:00+00:00,2025-11-24 07:49:00+00:00,38492.81643528023
807,2025-11-24 07:44:00+00:00,2025-11-24 07:51:00+00:00,38299.48454401702
808,2025-11-24 08:14:00+00:00,2025-11-24 08:22:00+00:00,38307.0479545131
809,2025-11-24 08:17:00+00:00,2025-11-24 08:22:00+00:00,38426.77198621786
810,2025-11-24 08:24:00+00:00,2025-11-24 08:31:00+00:00,38218.472522916854
811,2025-11-25 00:00:00+00:00,2025-11-25 00:16:00+00:00,38249.24561760162
812,2025-11-25 00:20:00+00:00,2025-11-25 00:54:00+00:00,38383.17745306621
813,2025-11-25 00:23:00+00:00,2025-11-25 00:54:00+00:00,38517.109536408476
814,2025-11-25 01:02:00+00:00,2025-11-25 01:17:00+00:00,38420.75570492988
815,2025-11-25 06:21:00+00:00,2025-11-25 07:00:00+00:00,38324.642773060456
816,2025-11-25 06:24:00+00:00,2025-11-25 07:00:00+00:00,38228.52972161694
817,2025-11-25 07:34:00+00:00,2025-11-25 07:42:00+00:00,38288.24248991983
818,2025-11-26 01:13:00+00:00,2025-11-26 01:30:00+00:00,38388.79373122706
819,2025-11-26 01:16:00+00:00,2025-11-26 01:30:00+00:00,38489.34534674632
820,2025-11-26 01:32:00+00:00,2025-11-26 01:34:00+00:00,38344.918030606656
821,2025-11-27 00:06:00+00:00,2025-11-27 00:53:00+00:00,38153.071056204106
822,2025-11-27 00:28:00+00:00,2025-11-27 00:53:00+00:00,37961.22406352006
823,2025-11-27 01:50:00+00:00,2025-11-27 02:04:00+00:00,37866.26054918903
824,2025-11-27 03:35:00+00:00,2025-11-27 04:32:00+00:00,37771.53454167871
826,2025-11-28 00:32:00+00:00,2025-11-28 00:37:00+00:00,37903.79411588021
825,2025-11-28 00:28:00+00:00,2025-11-28 00:45:00+00:00,37715.05782023609
827,2025-11-28 00:39:00+00:00,2025-11-28 00:45:00+00:00,37525.66016093528
828,2025-12-01 01:05:00+00:00,2025-12-01 01:06:00+00:00,37624.20908886978
829,2025-12-01 01:14:00+00:00,2025-12-01 01:16:00+00:00,37483.02799167043
830,2025-12-02 00:40:00+00:00,2025-12-02 01:03:00+00:00,37295.73358192775
831,2025-12-02 00:43:00+00:00,2025-12-02 01:06:00+00:00,37108.438823003984
832,2025-12-02 01:03:00+00:00,2025-12-02 01:13:00+00:00,36968.6702162869
833,2025-12-02 01:07:00+00:00,2025-12-02 01:41:00+00:00,37066.12340012593
835,2025-12-03 00:06:00+00:00,2025-12-03 00:49:00+00:00,37115.584901649694
834,2025-12-03 00:01:00+00:00,2025-12-03 00:53:00+00:00,37171.6969998133
836,2025-12-03 01:10:00+00:00,2025-12-03 01:22:00+00:00,36985.71922609525
837,2025-12-03 01:13:00+00:00,2025-12-03 01:22:00+00:00,36799.74153442363
838,2025-12-03 01:27:00+00:00,2025-12-03 02:12:00+00:00,36928.48244747179
839,2025-12-03 01:30:00+00:00,2025-12-03 02:18:00+00:00,37057.22338309383
841,2025-12-03 02:22:00+00:00,2025-12-03 02:53:00+00:00,37186.98172480476
840,2025-12-03 02:19:00+00:00,2025-12-03 03:02:00+00:00,37316.74029094232
842,2025-12-04 01:21:00+00:00,2025-12-04 01:24:00+00:00,37176.89321037322
843,2025-12-04 08:08:00+00:00,2025-12-04 08:10:00+00:00,37037.4080908624
844,2025-12-05 01:00:00+00:00,2025-12-05 01:26:00+00:00,37063.852454292806
845,2025-12-05 01:05:00+00:00,2025-12-05 01:26:00+00:00,37102.95498409469
847,2025-12-05 01:52:00+00:00,2025-12-05 02:05:00+00:00,37200.306066088255
846,2025-12-05 01:47:00+00:00,2025-12-05 02:06:00+00:00,37237.28145321637
848,2025-12-05 04:30:00+00:00,2025-12-05 04:37:00+00:00,37334.98482833755
849,2025-12-05 04:33:00+00:00,2025-12-05 04:52:00+00:00,37195.255182491885
850,2025-12-05 04:37:00+00:00,2025-12-05 05:01:00+00:00,37055.15898533614
851,2025-12-05 05:23:00+00:00,2025-12-05 05:28:00+00:00,36916.11294930116
852,2025-12-08 01:04:00+00:00,2025-12-08 01:19:00+00:00,36777.58879463968
853,2025-12-08 01:07:00+00:00,2025-12-08 01:34:00+00:00,36639.06440066986
854,2025-12-08 07:29:00+00:00,2025-12-08 07:38:00+00:00,36724.964758990805
855,2025-12-08 07:46:00+00:00,2025-12-08 08:00:00+00:00,36587.31714023813
856,2025-12-08 07:49:00+00:00,2025-12-08 08:04:00+00:00,36610.381298922235
857,2025-12-09 01:00:00+00:00,2025-12-09 01:12:00+00:00,36706.5266224231
858,2025-12-09 01:03:00+00:00,2025-12-09 01:12:00+00:00,36802.672007560286
859,2025-12-09 01:55:00+00:00,2025-12-09 02:16:00+00:00,36899.235321935645
860,2025-12-09 01:58:00+00:00,2025-12-09 02:16:00+00:00,36995.798646381656
861,2025-12-09 05:06:00+00:00,2025-12-09 05:07:00+00:00,36857.15349954364
862,2025-12-09 05:56:00+00:00,2025-12-09 06:12:00+00:00,36719.027828130005
863,2025-12-09 05:59:00+00:00,2025-12-09 06:12:00+00:00,36580.902670745585
865,2025-12-10 01:03:00+00:00,2025-12-10 01:37:00+00:00,36594.713288241284
864,2025-12-10 01:00:00+00:00,2025-12-10 02:07:00+00:00,36457.44761506099
866,2025-12-10 01:37:00+00:00,2025-12-10 02:07:00+00:00,36320.13017497041
867,2025-12-12 00:00:00+00:00,2025-12-12 00:02:00+00:00,36447.19307536359
868,2025-12-12 00:06:00+00:00,2025-12-12 00:11:00+00:00,36482.06539734613
869,2025-12-12 01:02:00+00:00,2025-12-12 01:10:00+00:00,36513.246370799985
870,2025-12-12 01:05:00+00:00,2025-12-12 01:15:00+00:00,36609.05478073324
871,2025-12-12 01:54:00+00:00,2025-12-12 03:35:00+00:00,36615.71727558957
872,2025-12-12 02:04:00+00:00,2025-12-12 03:35:00+00:00,36620.96154068216
873,2025-12-12 03:37:00+00:00,2025-12-12 04:16:00+00:00,36541.69577577331
874,2025-12-12 03:42:00+00:00,2025-12-12 04:16:00+00:00,36462.59671835645
875,2025-12-12 06:30:00+00:00,2025-12-12 06:43:00+00:00,36500.53990991456
876,2025-12-12 06:33:00+00:00,2025-12-12 06:43:00+00:00,36531.59579252453
877,2025-12-15 01:00:00+00:00,2025-12-15 01:30:00+00:00,36348.82111384243
878,2025-12-15 01:03:00+00:00,2025-12-15 01:41:00+00:00,36166.046131134106
879,2025-12-15 01:52:00+00:00,2025-12-15 02:08:00+00:00,35985.10022553825
880,2025-12-15 01:55:00+00:00,2025-12-15 02:15:00+00:00,35804.154322508875
881,2025-12-16 00:01:00+00:00,2025-12-16 00:05:00+00:00,35625.018359314534
882,2025-12-17 00:00:00+00:00,2025-12-17 00:02:00+00:00,35619.30991200698
883,2025-12-17 00:41:00+00:00,2025-12-17 00:46:00+00:00,35441.098797016726
884,2025-12-17 00:44:00+00:00,2025-12-17 00:55:00+00:00,35262.887556775335
886,2025-12-17 04:36:00+00:00,2025-12-17 05:49:00+00:00,35174.78734081177
885,2025-12-17 04:33:00+00:00,2025-12-17 06:09:00+00:00,35086.68708262035
887,2025-12-18 00:45:00+00:00,2025-12-18 00:58:00+00:00,35142.4460112423
888,2025-12-18 00:49:00+00:00,2025-12-18 00:58:00+00:00,35265.30457074319
890,2025-12-18 01:08:00+00:00,2025-12-18 01:17:00+00:00,35089.091943653606
889,2025-12-18 01:04:00+00:00,2025-12-18 01:19:00+00:00,35212.46495176988
891,2025-12-18 01:17:00+00:00,2025-12-18 01:36:00+00:00,35037.13241310918
892,2025-12-18 01:20:00+00:00,2025-12-18 01:37:00+00:00,34861.18322213738
894,2025-12-19 01:07:00+00:00,2025-12-19 01:20:00+00:00,34869.28336398107
895,2025-12-19 01:25:00+00:00,2025-12-19 01:52:00+00:00,34906.800517593874
893,2025-12-19 01:04:00+00:00,2025-12-19 02:11:00+00:00,34944.52392016313
896,2025-12-22 01:00:00+00:00,2025-12-22 01:12:00+00:00,34769.69081730631
897,2025-12-22 01:03:00+00:00,2025-12-22 01:13:00+00:00,34594.85751841546
898,2025-12-24 01:20:00+00:00,2025-12-24 01:27:00+00:00,34508.31534829446
899,2025-12-24 01:23:00+00:00,2025-12-24 01:28:00+00:00,34421.77307283549
900,2025-12-26 00:07:00+00:00,2025-12-26 00:17:00+00:00,34465.65875697499
901,2025-12-26 00:11:00+00:00,2025-12-26 00:25:00+00:00,34586.18864682659
902,2025-12-26 00:46:00+00:00,2025-12-26 00:53:00+00:00,34413.36856561086
903,2025-12-26 00:49:00+00:00,2025-12-26 00:54:00+00:00,34240.54859441176
904,2025-12-29 00:03:00+00:00,2025-12-29 00:05:00+00:00,34069.23666991307
906,2025-12-29 02:16:00+00:00,2025-12-29 02:45:00+00:00,34128.88416131953
905,2025-12-29 02:13:00+00:00,2025-12-29 02:49:00+00:00,34152.28067773525
907,2025-12-29 04:05:00+00:00,2025-12-29 04:16:00+00:00,34212.073516970515
909,2025-12-29 05:55:00+00:00,2025-12-29 06:19:00+00:00,34208.880736446656
908,2025-12-29 05:45:00+00:00,2025-12-29 06:27:00+00:00,34123.29611971887
910,2025-12-29 06:19:00+00:00,2025-12-29 06:27:00+00:00,34037.7194957566
912,2025-12-30 02:14:00+00:00,2025-12-30 03:59:00+00:00,34044.61830710629
911,2025-12-30 02:11:00+00:00,2025-12-30 04:38:00+00:00,34104.210709633764
913,2025-12-30 03:59:00+00:00,2025-12-30 04:38:00+00:00,34163.81512370018
914,2025-12-31 01:05:00+00:00,2025-12-31 01:26:00+00:00,34213.60177559249
915,2025-12-31 01:58:00+00:00,2025-12-31 02:59:00+00:00,34107.143915351415
916,2025-12-31 02:01:00+00:00,2025-12-31 03:42:00+00:00,34013.348694487606
918,2026-01-02 01:07:00+00:00,2026-01-02 01:19:00+00:00,34102.593715654366
917,2026-01-02 01:04:00+00:00,2026-01-02 01:36:00+00:00,34191.83843733107
919,2026-01-02 01:23:00+00:00,2026-01-02 01:49:00+00:00,34234.80612481032
920,2026-01-02 04:01:00+00:00,2026-01-02 04:30:00+00:00,34106.507861476515
921,2026-01-02 04:05:00+00:00,2026-01-02 04:31:00+00:00,33978.209539314805
922,2026-01-05 00:00:00+00:00,2026-01-05 00:01:00+00:00,33808.42702643495
923,2026-01-06 01:04:00+00:00,2026-01-06 01:12:00+00:00,33897.13441291186
924,2026-01-06 01:44:00+00:00,2026-01-06 01:55:00+00:00,33769.939478754924
925,2026-01-06 01:47:00+00:00,2026-01-06 02:16:00+00:00,33642.743980276246
926,2026-01-07 00:05:00+00:00,2026-01-07 00:17:00+00:00,33760.54618038145
927,2026-01-07 00:09:00+00:00,2026-01-07 00:17:00+00:00,33878.34834648248
928,2026-01-07 01:01:00+00:00,2026-01-07 01:08:00+00:00,33910.97045051421
929,2026-01-07 03:31:00+00:00,2026-01-07 04:58:00+00:00,33852.95484167738
930,2026-01-07 03:34:00+00:00,2026-01-07 05:05:00+00:00,33725.707467091925
931,2026-01-07 05:02:00+00:00,2026-01-07 05:34:00+00:00,33598.67802570555
932,2026-01-07 05:06:00+00:00,2026-01-07 05:57:00+00:00,33472.12582182101
933,2026-01-08 00:09:00+00:00,2026-01-08 01:28:00+00:00,33304.87202567987
934,2026-01-08 00:14:00+00:00,2026-01-08 01:28:00+00:00,33137.618180561374
935,2026-01-08 01:28:00+00:00,2026-01-08 01:37:00+00:00,32972.03574941683
936,2026-01-08 06:11:00+00:00,2026-01-08 07:17:00+00:00,33022.28779136332
937,2026-01-08 06:14:00+00:00,2026-01-08 07:17:00+00:00,33074.11473248157
939,2026-01-08 07:53:00+00:00,2026-01-08 07:59:00+00:00,32908.65981502047
938,2026-01-08 07:50:00+00:00,2026-01-08 08:00:00+00:00,32743.204708718546
940,2026-01-09 00:00:00+00:00,2026-01-09 00:40:00+00:00,32579.593263906372
941,2026-01-09 00:03:00+00:00,2026-01-09 00:40:00+00:00,32415.982088478944
942,2026-01-09 01:04:00+00:00,2026-01-09 01:21:00+00:00,32254.00568840287
943,2026-01-09 01:07:00+00:00,2026-01-09 01:57:00+00:00,32092.02895694421
944,2026-01-13 00:44:00+00:00,2026-01-13 00:52:00+00:00,31931.67051708491
945,2026-01-13 00:49:00+00:00,2026-01-13 00:52:00+00:00,31771.312348140527
946,2026-01-14 01:00:00+00:00,2026-01-14 01:06:00+00:00,31612.555877215804
947,2026-01-14 01:04:00+00:00,2026-01-14 01:10:00+00:00,31453.799107645922
949,2026-01-14 03:39:00+00:00,2026-01-14 04:09:00+00:00,31563.838753253076
948,2026-01-14 03:36:00+00:00,2026-01-14 04:21:00+00:00,31673.87863681564
951,2026-01-14 04:39:00+00:00,2026-01-14 05:20:00+00:00,31784.68832576303
950,2026-01-14 04:36:00+00:00,2026-01-14 05:27:00+00:00,31846.370072558133
952,2026-01-15 01:00:00+00:00,2026-01-15 01:40:00+00:00,31687.037944271244
953,2026-01-15 01:03:00+00:00,2026-01-15 01:40:00+00:00,31527.70581209994
954,2026-01-15 02:29:00+00:00,2026-01-15 03:04:00+00:00,31370.167275691205
955,2026-01-15 06:12:00+00:00,2026-01-15 06:17:00+00:00,31213.415923050878
957,2026-01-16 01:17:00+00:00,2026-01-16 02:01:00+00:00,31322.614396344903
956,2026-01-16 01:14:00+00:00,2026-01-16 02:02:00+00:00,31431.81281084826
959,2026-01-21 00:34:00+00:00,2026-01-21 00:47:00+00:00,31454.377460602635
958,2026-01-21 00:28:00+00:00,2026-01-21 00:59:00+00:00,31297.11951926476
961,2026-01-21 01:03:00+00:00,2026-01-21 01:11:00+00:00,31140.5352331801
960,2026-01-21 01:00:00+00:00,2026-01-21 01:20:00+00:00,31125.705556265395
962,2026-01-21 05:22:00+00:00,2026-01-21 05:57:00+00:00,30970.175700443517
963,2026-01-21 05:25:00+00:00,2026-01-21 06:39:00+00:00,31020.90002659794
964,2026-01-21 06:49:00+00:00,2026-01-21 07:10:00+00:00,31064.18158861115
965,2026-01-21 06:52:00+00:00,2026-01-21 07:10:00+00:00,31102.729156356123
966,2026-01-23 00:35:00+00:00,2026-01-23 01:03:00+00:00,30947.31371370199
968,2026-01-23 01:03:00+00:00,2026-01-23 01:18:00+00:00,30963.958026864082
967,2026-01-23 00:38:00+00:00,2026-01-23 01:41:00+00:00,30808.54247692894
969,2026-01-23 01:22:00+00:00,2026-01-23 01:55:00+00:00,30653.820375814248
970,2026-01-23 01:41:00+00:00,2026-01-23 02:04:00+00:00,30499.87480687987
971,2026-01-23 05:15:00+00:00,2026-01-23 05:39:00+00:00,30534.813295260567
972,2026-01-23 05:19:00+00:00,2026-01-23 05:39:00+00:00,30641.515365125448
973,2026-01-23 06:47:00+00:00,2026-01-23 06:51:00+00:00,30488.404441578747
974,2026-01-23 06:50:00+00:00,2026-01-23 06:53:00+00:00,30595.69664569824
975,2026-01-27 02:16:00+00:00,2026-01-27 02:25:00+00:00,30649.263273720524
976,2026-01-27 03:48:00+00:00,2026-01-27 04:03:00+00:00,30572.689729615202
978,2026-01-28 01:05:00+00:00,2026-01-28 01:09:00+00:00,30580.233034517696
977,2026-01-28 01:00:00+00:00,2026-01-28 01:12:00+00:00,30465.660626809313
979,2026-01-28 01:09:00+00:00,2026-01-28 01:14:00+00:00,30351.06041670299
980,2026-01-30 00:01:00+00:00,2026-01-30 00:16:00+00:00,30457.240358001243
981,2026-01-30 00:04:00+00:00,2026-01-30 00:16:00+00:00,30563.420454871342
982,2026-01-30 00:31:00+00:00,2026-01-30 00:39:00+00:00,30410.703177726355
983,2026-01-30 00:34:00+00:00,2026-01-30 00:44:00+00:00,30257.98584640052
984,2026-02-03 01:01:00+00:00,2026-02-03 01:03:00+00:00,30363.841001412533
986,2026-02-03 01:07:00+00:00,2026-02-03 01:10:00+00:00,30470.16223354795
985,2026-02-03 01:04:00+00:00,2026-02-03 01:11:00+00:00,30576.483373333678
987,2026-02-03 01:10:00+00:00,2026-02-03 01:11:00+00:00,30424.034899490944
989,2026-02-03 01:23:00+00:00,2026-02-03 01:30:00+00:00,30456.60518697942
988,2026-02-03 01:18:00+00:00,2026-02-03 01:35:00+00:00,30563.1369301037
990,2026-02-03 01:58:00+00:00,2026-02-03 02:48:00+00:00,30605.857015223035
991,2026-02-03 02:01:00+00:00,2026-02-03 02:48:00+00:00,30651.56753243991
992,2026-02-04 01:00:00+00:00,2026-02-04 01:08:00+00:00,30536.698304292717
993,2026-02-05 02:13:00+00:00,2026-02-05 02:17:00+00:00,30616.892820632143
994,2026-02-05 05:54:00+00:00,2026-02-05 06:02:00+00:00,30502.15307328747
995,2026-02-05 05:58:00+00:00,2026-02-05 06:02:00+00:00,30387.413003217953
996,2026-02-05 06:50:00+00:00,2026-02-05 07:13:00+00:00,30273.532766066008
997,2026-02-05 06:53:00+00:00,2026-02-05 07:14:00+00:00,30159.652945753387
998,2026-02-06 00:00:00+00:00,2026-02-06 00:02:00+00:00,30008.758862020706
1000,2026-02-06 01:25:00+00:00,2026-02-06 01:31:00+00:00,29896.154433354208
999,2026-02-06 01:22:00+00:00,2026-02-06 01:40:00+00:00,29895.333800612392
1001,2026-02-06 02:17:00+00:00,2026-02-06 03:00:00+00:00,29973.843908278122
1002,2026-02-06 02:20:00+00:00,2026-02-06 03:00:00+00:00,30052.35413324439
1003,2026-02-06 05:04:00+00:00,2026-02-06 05:32:00+00:00,30131.206192327787
1004,2026-02-06 05:07:00+00:00,2026-02-06 05:32:00+00:00,30210.058185906895
1005,2026-02-06 06:02:00+00:00,2026-02-06 06:07:00+00:00,30096.84294286603
1006,2026-02-06 06:05:00+00:00,2026-02-06 06:57:00+00:00,30119.87366690372
1007,2026-02-12 01:54:00+00:00,2026-02-12 02:02:00+00:00,30128.532428393984
1008,2026-02-12 01:57:00+00:00,2026-02-12 02:02:00+00:00,30131.18690071804
1009,2026-02-12 02:02:00+00:00,2026-02-12 02:04:00+00:00,30055.81001116086
1010,2026-02-13 00:26:00+00:00,2026-02-13 00:36:00+00:00,29905.433123756142
1011,2026-02-13 01:03:00+00:00,2026-02-13 01:04:00+00:00,29793.3616149469
1012,2026-02-16 06:30:00+00:00,2026-02-16 06:39:00+00:00,29813.211171964034
1014,2026-02-17 02:06:00+00:00,2026-02-17 02:17:00+00:00,29833.068561721073
1013,2026-02-17 02:03:00+00:00,2026-02-17 02:22:00+00:00,29885.21770906296
1016,2026-02-17 03:38:00+00:00,2026-02-17 03:56:00+00:00,29901.395415499497
1015,2026-02-17 03:35:00+00:00,2026-02-17 04:00:00+00:00,29921.374280845754
1017,2026-02-17 04:24:00+00:00,2026-02-17 04:34:00+00:00,29846.522336918835
1018,2026-02-17 04:27:00+00:00,2026-02-17 04:40:00+00:00,29771.670251257656
1019,2026-02-18 00:32:00+00:00,2026-02-18 00:52:00+00:00,29622.714899827602
1020,2026-02-18 00:35:00+00:00,2026-02-18 00:52:00+00:00,29473.759557071935
1021,2026-02-18 01:00:00+00:00,2026-02-18 01:15:00+00:00,29363.30523208929
1022,2026-02-18 01:10:00+00:00,2026-02-18 01:15:00+00:00,29252.8512507267
1024,2026-02-18 02:10:00+00:00,2026-02-18 02:17:00+00:00,29143.224847171095
1023,2026-02-18 02:07:00+00:00,2026-02-18 02:18:00+00:00,29033.59848222899
1025,2026-02-19 01:24:00+00:00,2026-02-19 01:36:00+00:00,28924.793404842578
1026,2026-02-19 01:30:00+00:00,2026-02-19 01:36:00+00:00,28815.98790881442
1027,2026-02-20 01:06:00+00:00,2026-02-20 01:12:00+00:00,28866.392830164084
1028,2026-02-20 01:43:00+00:00,2026-02-20 01:45:00+00:00,28916.931773300726
1029,2026-02-20 05:47:00+00:00,2026-02-20 05:54:00+00:00,28930.49168311308
1030,2026-02-20 05:50:00+00:00,2026-02-20 05:55:00+00:00,28981.11882675626
1031,2026-02-20 06:01:00+00:00,2026-02-20 06:06:00+00:00,29031.858438551062
1032,2026-02-20 06:04:00+00:00,2026-02-20 06:06:00+00:00,29082.59794127685
1033,2026-02-24 00:07:00+00:00,2026-02-24 00:54:00+00:00,28937.279105443682
1034,2026-02-24 00:12:00+00:00,2026-02-24 00:54:00+00:00,28791.960656907162
1035,2026-02-24 01:00:00+00:00,2026-02-24 01:17:00+00:00,28684.060966069934
1037,2026-02-26 01:04:00+00:00,2026-02-26 01:10:00+00:00,28759.32267568911
1036,2026-02-26 01:01:00+00:00,2026-02-26 01:16:00+00:00,28779.657433049724
1038,2026-02-26 01:17:00+00:00,2026-02-26 01:24:00+00:00,28671.665104782882
1039,2026-02-26 01:20:00+00:00,2026-02-26 01:24:00+00:00,28563.672413594624
1040,2026-02-26 01:57:00+00:00,2026-02-26 02:06:00+00:00,28456.490170895537
1041,2026-02-26 02:00:00+00:00,2026-02-26 02:20:00+00:00,28477.11058360002
1042,2026-02-26 05:55:00+00:00,2026-02-26 05:58:00+00:00,28511.11865691571
1044,2026-02-27 00:09:00+00:00,2026-02-27 00:13:00+00:00,28538.997321135284
1043,2026-02-27 00:06:00+00:00,2026-02-27 00:17:00+00:00,28638.830699348237
1045,2026-02-27 00:31:00+00:00,2026-02-27 00:33:00+00:00,28670.619091146964
1046,2026-02-27 00:35:00+00:00,2026-02-27 00:38:00+00:00,28770.920917081254
1048,2026-02-27 00:43:00+00:00,2026-02-27 00:45:00+00:00,28795.359105311483
1047,2026-02-27 00:40:00+00:00,2026-02-27 00:47:00+00:00,28832.6850122419
1049,2026-02-27 00:55:00+00:00,2026-02-27 00:58:00+00:00,28933.553646831126
1050,2026-02-27 01:11:00+00:00,2026-02-27 01:15:00+00:00,28942.047808403688
1051,2026-02-27 01:52:00+00:00,2026-02-27 02:13:00+00:00,28992.718862752252
1052,2026-02-27 01:56:00+00:00,2026-02-27 02:13:00+00:00,29043.389999906118
1053,2026-02-27 03:30:00+00:00,2026-02-27 03:36:00+00:00,29059.782765378306
1054,2026-02-27 03:33:00+00:00,2026-02-27 03:47:00+00:00,29065.418333319212
1055,2026-02-27 04:01:00+00:00,2026-02-27 04:16:00+00:00,29086.003062986852
1056,2026-02-27 04:22:00+00:00,2026-02-27 04:25:00+00:00,29013.24184027085
1057,2026-02-27 06:39:00+00:00,2026-02-27 06:45:00+00:00,29039.310931713153
1058,2026-02-27 07:01:00+00:00,2026-02-27 07:15:00+00:00,28966.74991472828
