trade_id,setup_type,date,day_of_week,direction,entry_time_utc,exit_time_utc,entry_price,exit_price,sl_price,tp1_price,tp2_price,sl_pips,pnl_pips,pnl_usd,exit_reason,asian_range_pips,lor_range_pips,MAE_pips,MFE_pips,position_units,trade_duration_minutes,trade_sequence_number,is_reentry,entry_hour_utc
1,D,2025-06-26,Thursday,short,2025-06-26 07:19:00+00:00,2025-06-26 09:21:00+00:00,144.0778646735465,144.0678646735465,144.0678646735465,143.8778646735465,143.67786467354648,20.0,10.498681105094075,525.5655536135228,BE_STOP,,17.799999999999727,15.113532645352734,32.58646735464765,720300,122,1,False,7
2,A,2025-07-01,Tuesday,short,2025-07-01 07:18:00+00:00,2025-07-01 12:00:00+00:00,143.34678327804374,142.7459754423665,143.33678327804375,142.94678327804374,142.54678327804373,40.0,50.040391783862496,1261.9920861028104,TP1_PARTIAL,50.19999999999811,,3.5216721956260244,64.07832780437559,360200,282,1,False,7
3,B,2025-07-02,Wednesday,short,2025-07-02 07:12:00+00:00,2025-07-02 07:23:00+00:00,143.8419515356893,143.949,143.949,143.7349030713786,143.6278546070679,10.704846431070791,-10.704846431070791,-1017.0976153898617,SL_FULL,56.800000000001205,13.899999999998158,10.404846431069359,0.1951535689300954,1367700,11,1,False,7
4,C,2025-07-02,Wednesday,short,2025-07-02 07:12:00+00:00,2025-07-02 07:23:00+00:00,143.8419515356893,143.93800000000002,143.93800000000002,143.7459030713786,143.64985460706788,9.604846431071223,-9.604846431071223,-1017.1509549168297,SL_FULL,56.800000000001205,13.899999999998158,10.404846431069359,0.1951535689300954,1524300,11,2,False,7
6,D,2025-07-02,Wednesday,long,2025-07-02 07:32:00+00:00,2025-07-02 08:08:00+00:00,144.00160603634265,143.80160603634266,143.80160603634266,144.20160603634264,144.40160603634266,20.0,-19.999999999998863,-998.876187541953,SL_FULL,56.800000000001205,13.899999999998158,19.960603634265794,5.139396365734683,718200,36,4,False,7
8,C,2025-07-02,Wednesday,short,2025-07-02 08:24:00+00:00,2025-07-02 08:53:00+00:00,143.83214929454454,143.93800000000002,143.93800000000002,143.72629858908905,143.62044788363357,10.585070545548092,-10.585070545548092,-986.7476036916191,SL_FULL,56.800000000001205,13.899999999998158,9.885070545547592,4.014929454453409,1341800,29,6,True,8
7,B,2025-07-02,Wednesday,short,2025-07-02 07:44:00+00:00,2025-07-02 08:55:00+00:00,143.84225084008088,143.96200000000002,143.96200000000002,143.72250168016174,143.6027525202426,11.974915991913804,-11.974915991913804,-996.6758131667465,SL_FULL,56.800000000001205,13.899999999998158,11.774915991912849,6.225084008087833,1198200,71,5,True,7
5,A,2025-07-02,Wednesday,long,2025-07-02 07:31:00+00:00,2025-07-02 12:00:00+00:00,143.9715834007003,144.1740245576335,143.5715834007003,144.3715834007003,144.7715834007003,40.0,20.24411569331903,504.08785883592356,HARD_CLOSE,56.800000000001205,13.899999999998158,19.158340070029567,27.641659929969364,359000,269,3,False,7
9,D,2025-07-03,Thursday,short,2025-07-03 07:24:00+00:00,2025-07-03 07:49:00+00:00,143.70460405133426,143.848,143.848,143.5612081026685,143.41781215400275,14.339594866575567,-14.339594866575569,-971.7366300496261,SL_FULL,48.500000000001364,7.00000000000216,14.53959486657368,3.0604051334250926,974800,25,1,False,7
11,C,2025-07-03,Thursday,short,2025-07-03 07:58:00+00:00,2025-07-03 10:57:00+00:00,143.868429867165,143.858429867165,143.858429867165,143.75585973432996,143.64328960149493,11.25701328350317,6.128089927146291,524.5978502055009,BE_STOP,48.500000000001364,7.00000000000216,2.8570132835000095,13.042986716499172,1230700,179,3,False,7
10,D,2025-07-03,Thursday,long,2025-07-03 07:51:00+00:00,2025-07-03 12:00:00+00:00,143.86370398642651,143.8560245576335,143.718,144.00940797285304,144.15511195927957,14.570398642652549,-0.7679428793011311,-50.75630943401951,HARD_CLOSE,48.500000000001364,7.00000000000216,12.570398642651526,5.229601357348201,950800,249,2,False,7
12,B,2025-07-09,Wednesday,long,2025-07-09 07:12:00+00:00,2025-07-09 07:18:00+00:00,146.7720484643107,146.678,146.678,146.8660969286214,146.9601453929321,9.404846431070268,-9.404846431070268,-968.3892311625074,SL_FULL,45.40000000000077,10.999999999998522,8.704846431069768,1.9951535689301636,1510300,6,1,False,7
13,D,2025-07-09,Wednesday,short,2025-07-09 07:19:00+00:00,2025-07-09 07:57:00+00:00,146.68075346683966,146.868,146.868,146.49350693367933,146.306260400519,18.72465331603337,-18.72465331603337,-956.8355471364112,SL_FULL,45.40000000000077,10.999999999998522,19.72465331603246,0.0,750500,38,2,False,7
16,D,2025-07-09,Wednesday,long,2025-07-09 07:58:00+00:00,2025-07-09 08:33:00+00:00,146.88857013283499,146.698,146.698,147.07914026566996,147.26971039850494,19.05701328349778,-19.05701328349778,-949.745900527971,SL_FULL,45.40000000000077,10.999999999998522,18.257013283499646,0.0,731100,35,5,False,7
15,C,2025-07-09,Wednesday,long,2025-07-09 07:37:00+00:00,2025-07-09 08:40:00+00:00,146.79169700000736,146.682,146.682,146.90139400001473,147.0110910000221,10.969700000737248,-10.969700000737248,-958.7512715224194,SL_FULL,45.40000000000077,10.999999999998522,12.169700000737294,8.730299999263025,1282000,63,4,False,7
14,B,2025-07-09,Wednesday,long,2025-07-09 07:37:00+00:00,2025-07-09 08:41:00+00:00,146.79169700000736,146.66,146.66,146.92339400001472,147.0550910000221,13.169700000736384,-13.169700000736384,-958.9474042538105,SL_FULL,45.40000000000077,10.999999999998522,16.76970000073652,8.730299999263025,1067900,64,3,True,7
17,D,2025-07-09,Wednesday,short,2025-07-09 08:41:00+00:00,2025-07-09 12:00:00+00:00,146.6612436562633,146.7749754423665,146.8612436562633,146.46124365626332,146.2612436562633,20.0,-11.373178610318746,-528.0751163181565,HARD_CLOSE,45.40000000000077,10.999999999998522,12.075634373670141,12.224365626332201,681500,199,6,True,8
18,D,2025-07-10,Thursday,long,2025-07-10 07:33:00+00:00,2025-07-10 10:42:00+00:00,146.2956273120879,146.0956273120879,146.0956273120879,146.4956273120879,146.6956273120879,20.0,-19.999999999998863,-915.7016021719323,SL_FULL,,18.10000000000116,19.66273120879123,17.037268791210636,668900,189,1,False,7
19,D,2025-07-15,Tuesday,short,2025-07-15 07:47:00+00:00,2025-07-15 11:10:00+00:00,147.6392583124516,147.82,147.82,147.4585166249032,147.27777493735482,18.074168754839093,-18.074168754839093,-904.197523623563,SL_FULL,,9.799999999998477,19.87416875483916,2.725831245160748,739500,203,1,False,7
20,C,2025-07-16,Wednesday,long,2025-07-16 07:04:00+00:00,2025-07-16 07:52:00+00:00,148.67688032033223,148.8906409609967,148.68688032033222,148.78376064066447,148.8906409609967,10.688032033223749,16.032048049835627,1342.8341603549793,TP2_FULL,56.89999999999884,7.999999999998408,5.688032033222612,23.511967966777547,1246800,48,1,False,7
21,D,2025-07-16,Wednesday,long,2025-07-16 07:25:00+00:00,2025-07-16 12:00:00+00:00,148.7574250223999,148.75702455763349,148.59,148.9248500447998,149.0922750671997,16.742502239989676,-0.040046476641464324,-2.143966921367519,HARD_CLOSE,56.89999999999884,7.999999999998408,13.14250223998954,17.257497760010665,796400,275,2,False,7
22,C,2025-07-16,Wednesday,long,2025-07-16 09:54:00+00:00,2025-07-16 12:00:00+00:00,148.69409866741236,148.75702455763349,148.57,148.81819733482473,148.9422960022371,12.409866741236897,6.292589022112338,461.12452930564217,HARD_CLOSE,56.89999999999884,7.999999999998408,6.809866741235737,9.190133258763922,1090100,126,3,True,9
23,D,2025-07-17,Thursday,long,2025-07-17 08:19:00+00:00,2025-07-17 08:52:00+00:00,148.79195989586145,148.59195989586146,148.59195989586146,148.99195989586144,149.19195989586146,20.0,-19.999999999998863,-915.5273279613106,SL_FULL,,14.999999999997726,19.995989586143992,0.0,680200,33,1,False,8
24,C,2025-07-22,Tuesday,short,2025-07-22 07:04:00+00:00,2025-07-22 08:00:00+00:00,147.88911967966777,147.70335903900332,147.87911967966778,147.79623935933554,147.70335903900332,9.288032033222748,13.932370260062154,1359.24594397471,TP2_FULL,53.79999999999825,14.19999999999959,6.08803203322168,24.511967966776638,1441300,56,1,False,7
26,C,2025-07-22,Tuesday,long,2025-07-22 10:14:00+00:00,2025-07-22 11:31:00+00:00,147.43510379848092,147.44510379848091,147.44510379848091,147.52620759696185,147.61731139544278,9.110379848092975,5.054917196228153,509.5071222834052,BE_STOP,53.79999999999825,14.19999999999959,2.1103798480936575,13.489620151906934,1486900,77,3,False,10
25,D,2025-07-22,Tuesday,short,2025-07-22 07:33:00+00:00,2025-07-22 11:39:00+00:00,147.7523726879121,147.3523726879121,147.7423726879121,147.5523726879121,147.3523726879121,20.0,30.001495438911036,1360.883241262009,TP2_FULL,53.79999999999825,14.19999999999959,6.362731208790251,44.837268791209794,668700,246,2,False,7
27,D,2025-07-23,Wednesday,short,2025-07-23 07:31:00+00:00,2025-07-23 07:45:00+00:00,146.6324165992997,146.83241659929968,146.83241659929968,146.4324165992997,146.23241659929968,20.0,-19.999999999998863,-936.169295470465,SL_FULL,,16.499999999999204,19.958340070030545,1.441659929969319,687300,14,1,False,7
28,D,2025-07-23,Wednesday,short,2025-07-23 08:04:00+00:00,2025-07-23 08:33:00+00:00,146.66659491020073,146.86659491020072,146.86659491020072,146.46659491020074,146.26659491020072,20.0,-19.999999999998863,-926.8275068487883,SL_FULL,,16.499999999999204,19.940508979928495,2.3594910200728236,680600,29,2,True,8
29,D,2025-07-24,Thursday,long,2025-07-24 07:36:00+00:00,2025-07-24 12:00:00+00:00,146.39368205573535,146.4740245576335,146.40368205573535,146.59368205573534,146.79368205573536,20.0,14.017125094906644,643.2832204346842,TP1_PARTIAL,,18.999999999999773,8.268205573534715,26.63179442646424,672600,264,1,False,7
32,D,2025-07-29,Tuesday,long,2025-07-29 07:38:00+00:00,2025-07-29 07:58:00+00:00,148.74371017221029,148.5437101722103,148.5437101722103,148.94371017221027,149.1437101722103,20.0,-19.999999999998863,-926.4613078564282,SL_FULL,55.60000000000116,19.300000000001205,19.171017221029274,0.8289827789724313,688100,20,3,False,7
31,B,2025-07-29,Tuesday,short,2025-07-29 07:31:00+00:00,2025-07-29 08:14:00+00:00,148.6524165992997,148.41324979789906,148.6424165992997,148.53283319859938,148.41324979789906,11.958340070032136,17.9375101050482,1389.7807171281008,TP2_FULL,55.60000000000116,19.300000000001205,9.958340070031113,25.241659929969273,1150200,43,2,False,7
30,C,2025-07-29,Tuesday,short,2025-07-29 07:17:00+00:00,2025-07-29 08:19:00+00:00,148.6368127766939,148.38243833008164,148.6268127766939,148.50962555338776,148.38243833008164,12.718722330612309,19.078671617731587,1389.9137459774865,TP2_FULL,55.60000000000116,19.300000000001205,11.518722330612263,28.081277669389237,1081300,62,1,False,7
33,D,2025-07-29,Tuesday,short,2025-07-29 08:13:00+00:00,2025-07-29 11:32:00+00:00,148.43887293264174,148.63887293264173,148.63887293264173,148.23887293264175,148.03887293264174,20.0,-19.999999999998863,-914.70015425645,SL_FULL,55.60000000000116,19.300000000001205,19.61270673582476,8.287293264174878,679800,199,4,False,8
34,D,2025-07-30,Wednesday,long,2025-07-30 07:25:00+00:00,2025-07-30 12:00:00+00:00,148.0334250223999,148.3030245576335,148.0434250223999,148.2334250223999,148.43342502239992,20.0,23.47997676167921,1095.5067273355749,TP1_PARTIAL,,16.800000000000637,17.842502239992086,32.6574977600103,691800,275,1,False,7
35,D,2025-07-31,Thursday,long,2025-07-31 07:18:00+00:00,2025-07-31 07:43:00+00:00,149.08921672195626,149.48921672195627,149.09921672195625,149.28921672195625,149.48921672195627,20.0,30.001418640941694,1415.315601959382,TP2_FULL,,18.099999999998317,5.921672195626115,47.178327804374476,704900,25,1,False,7
36,D,2025-08-05,Tuesday,long,2025-08-05 07:47:00+00:00,2025-08-05 12:00:00+00:00,147.4127416875484,147.6240245576335,147.42274168754838,147.61274168754838,147.8127416875484,20.0,20.564143504255128,985.4504281409816,TP1_PARTIAL,,17.600000000001614,7.674168754837751,36.62583124516061,707400,253,1,False,7
38,B,2025-08-06,Wednesday,short,2025-08-06 09:40:00+00:00,2025-08-06 09:57:00+00:00,147.7064959385712,147.818,147.818,147.5949918771424,147.4834878157136,11.150406142880342,-11.150406142880342,-968.9413123252782,SL_FULL,44.599999999999795,10.099999999999909,12.050406142878956,0.0,1284500,17,2,False,9
37,D,2025-08-06,Wednesday,long,2025-08-06 07:24:00+00:00,2025-08-06 10:16:00+00:00,147.69339594866574,147.70339594866573,147.70339594866573,147.8647918973315,148.03618784599723,17.139594866574726,9.06883156884247,512.4590654654428,BE_STOP,44.599999999999795,10.099999999999909,16.139594866572793,19.260405133425706,835500,172,1,False,7
40,C,2025-08-06,Wednesday,short,2025-08-06 10:17:00+00:00,2025-08-06 11:23:00+00:00,147.69884801082395,147.4925440324718,147.68884801082396,147.59569602164788,147.4925440324718,10.31519891760695,15.473171601640816,1449.3881845990031,TP2_FULL,44.599999999999795,10.099999999999909,5.71519891760488,22.184801082394756,1381900,66,4,False,10
39,B,2025-08-06,Wednesday,short,2025-08-06 10:15:00+00:00,2025-08-06 11:30:00+00:00,147.71088087187113,147.46864261561333,147.70088087187114,147.58976174374223,147.46864261561333,12.111912812889614,18.16838651295417,1441.9277251912863,TP2_FULL,44.599999999999795,10.099999999999909,4.511912812887431,25.98808718711325,1170700,75,3,True,10
41,D,2025-08-07,Thursday,short,2025-08-07 07:37:00+00:00,2025-08-07 08:03:00+00:00,146.76430299999265,146.957,146.957,146.5716059999853,146.37890899997797,19.269700000734247,-19.269700000734247,-992.6143634230302,SL_FULL,,11.699999999999022,18.369700000735634,7.430299999265344,757000,26,1,False,7
42,D,2025-08-07,Thursday,long,2025-08-07 08:06:00+00:00,2025-08-07 10:02:00+00:00,146.98734414176812,147.38734414176812,146.9973441417681,147.1873441417681,147.38734414176812,20.0,29.999999999999716,1472.7062936266143,TP2_FULL,,11.699999999999022,2.834414176811606,41.46558582318676,723200,116,2,False,8
43,D,2025-08-12,Tuesday,short,2025-08-12 07:45:00+00:00,2025-08-12 08:30:00+00:00,148.23025131095918,148.362,148.362,148.09850262191836,147.96675393287754,13.174868904081904,-13.174868904081904,-997.8700871865327,SL_FULL,31.60000000000025,6.19999999999834,14.874868904081495,2.4251310959186867,1123700,45,1,False,7
46,C,2025-08-12,Tuesday,short,2025-08-12 09:34:00+00:00,2025-08-12 11:27:00+00:00,148.35326407200841,148.497,148.497,148.20952814401682,148.06579221602522,14.373592799159951,-14.373592799159951,-987.87778950569,SL_FULL,31.60000000000025,6.19999999999834,13.873592799157564,0.12640720084107215,1020600,113,4,False,9
44,D,2025-08-12,Tuesday,long,2025-08-12 08:31:00+00:00,2025-08-12 12:00:00+00:00,148.38475945258503,148.4330245576335,148.24,148.52951890517005,148.67427835775507,14.475945258502065,4.826510504847192,329.58642878112295,HARD_CLOSE,31.60000000000025,6.19999999999834,3.2759452585025883,11.124054741497957,1013600,209,2,False,8
45,B,2025-08-12,Tuesday,short,2025-08-12 08:59:00+00:00,2025-08-12 12:00:00+00:00,148.4070782432271,148.4489754423665,148.512,148.30215648645418,148.19723472968127,10.492175677291016,-4.189719913941303,-394.73106865013557,HARD_CLOSE,31.60000000000025,6.19999999999834,8.892175677291903,5.507824322708643,1398600,181,3,False,8
47,A,2025-08-13,Wednesday,short,2025-08-13 07:14:00+00:00,2025-08-13 12:00:00+00:00,147.6208982219933,147.2919754423665,147.6108982219933,147.22089822199328,146.82089822199328,40.0,36.44613898133997,893.5002669534415,TP1_PARTIAL,46.79999999999893,,1.1101778006718632,43.98982219932748,361000,286,1,False,7
48,D,2025-08-14,Thursday,long,2025-08-14 07:52:00+00:00,2025-08-14 12:00:00+00:00,146.52968983824485,146.4870245576335,146.32968983824486,146.72968983824484,146.92968983824485,20.0,-4.266528061134522,-210.66574025499847,HARD_CLOSE,,16.200000000000614,10.568983824484235,14.131016175514333,723300,248,1,False,7
49,B,2025-08-19,Tuesday,long,2025-08-19 07:05:00+00:00,2025-08-19 08:25:00+00:00,147.6228966347637,147.63289663476368,147.63289663476368,147.73979326952738,147.85668990429107,11.689663476369105,6.344831738184098,534.2786042614592,BE_STOP,54.09999999999968,11.50000000000091,8.989663476370424,13.210336523630417,1244000,80,1,False,7
50,C,2025-08-19,Tuesday,long,2025-08-19 07:05:00+00:00,2025-08-19 08:25:00+00:00,147.6228966347637,147.63289663476368,147.63289663476368,147.72179326952738,147.82068990429107,9.889663476369037,5.444529471489866,542.0069150902144,BE_STOP,54.09999999999968,11.50000000000091,8.989663476370424,13.210336523630417,1470500,80,2,False,7
51,D,2025-08-19,Tuesday,long,2025-08-19 07:49:00+00:00,2025-08-19 12:00:00+00:00,147.6907267058583,147.7040245576335,147.503,147.87845341171663,148.06618011757496,18.77267058583243,1.329785177517806,69.77355665580868,HARD_CLOSE,54.09999999999968,11.50000000000091,9.072670585831588,13.127329414169253,775000,251,3,False,7
52,C,2025-08-19,Tuesday,long,2025-08-19 10:32:00+00:00,2025-08-19 12:00:00+00:00,147.66940024007656,147.7040245576335,147.524,147.8148004801531,147.96020072022966,14.540024007655461,3.4624317556932738,237.08923898290595,HARD_CLOSE,54.09999999999968,11.50000000000091,2.040024007655461,15.259975992344721,1011400,88,4,True,10
53,D,2025-08-20,Wednesday,long,2025-08-20 07:32:00+00:00,2025-08-20 12:00:00+00:00,147.50160603634265,147.5310245576335,147.30160603634266,147.70160603634264,147.90160603634266,20.0,2.9418521290835997,146.9021495644287,HARD_CLOSE,,12.79999999999859,13.360603634265544,19.43939636573475,736700,268,1,False,7
55,C,2025-08-21,Thursday,short,2025-08-21 07:38:00+00:00,2025-08-21 08:08:00+00:00,147.5112898277897,147.631,147.631,147.39157965557942,147.27186948336913,11.971017221029001,-11.971017221029001,-999.5646529768442,SL_FULL,32.49999999999886,10.300000000000864,11.271017221028501,0.0,1232700,30,2,False,7
56,C,2025-08-21,Thursday,short,2025-08-21 09:14:00+00:00,2025-08-21 09:31:00+00:00,147.50664461849442,147.631,147.631,147.38228923698884,147.25793385548326,12.435538150558045,-12.435538150558045,-989.5801165930998,SL_FULL,32.49999999999886,10.300000000000864,12.93553815055759,2.6644618494430006,1174800,17,3,True,9
54,B,2025-08-21,Thursday,short,2025-08-21 07:15:00+00:00,2025-08-21 09:36:00+00:00,147.53487036267,147.65400000000002,147.65400000000002,147.41574072534,147.29661108800997,11.912963733001902,-11.912963733001902,-999.56457453344,SL_FULL,32.49999999999886,10.300000000000864,12.112963733000015,5.487036267001599,1238900,141,1,False,7
57,D,2025-08-26,Tuesday,short,2025-08-26 07:27:00+00:00,2025-08-26 12:00:00+00:00,147.67351864399228,147.4739754423665,147.6635186439923,147.4735186439923,147.27351864399228,20.0,19.977160081288048,970.7241611920434,TP1_PARTIAL,,19.599999999999795,12.248135600771093,27.451864399228043,716600,273,1,False,7
59,C,2025-08-27,Wednesday,short,2025-08-27 08:24:00+00:00,2025-08-27 09:59:00+00:00,147.91314929454452,148.02200000000002,148.02200000000002,147.80429858908903,147.69544788363353,10.885070545549524,-10.885070545549524,-979.510746150705,SL_FULL,56.60000000000025,8.799999999999386,12.285070545547683,6.4149294544535,1332000,95,2,False,8
60,B,2025-08-27,Wednesday,short,2025-08-27 08:34:00+00:00,2025-08-27 10:00:00+00:00,147.919256213718,148.056,148.056,147.782512427436,147.64576864115398,13.674378628201111,-13.674378628201111,-979.2878140353405,SL_FULL,56.60000000000025,8.799999999999386,16.274378628199315,7.025621371801094,1060300,86,3,False,8
58,D,2025-08-27,Wednesday,long,2025-08-27 07:30:00+00:00,2025-08-27 12:00:00+00:00,147.85255950631722,148.1340245576335,147.8625595063172,148.02111901263444,148.18967851895167,16.855950631722294,22.50122788167488,1306.3901477646546,TP1_PARTIAL,56.60000000000025,8.799999999999386,10.855950631722067,33.144049368277706,859800,270,1,False,7
61,D,2025-08-28,Thursday,long,2025-08-28 07:19:00+00:00,2025-08-28 07:45:00+00:00,147.40324653316034,147.226,147.226,147.58049306632068,147.75773959948103,17.724653316034278,-17.724653316034278,-974.8041643454931,SL_FULL,49.00000000000091,10.300000000000864,17.224653316034733,0.27534668396640427,809700,26,1,False,7
63,B,2025-08-28,Thursday,long,2025-08-28 10:29:00+00:00,2025-08-28 10:43:00+00:00,147.0483600637294,146.94199999999998,146.94199999999998,147.15472012745883,147.26108019118826,10.636006372942575,-10.636006372942575,-964.6394967552211,SL_FULL,49.00000000000091,10.300000000000864,10.236006372940665,1.4639936270583576,1332700,14,3,False,10
64,C,2025-08-28,Thursday,long,2025-08-28 10:35:00+00:00,2025-08-28 10:43:00+00:00,147.05943039344626,146.95,146.95,147.16886078689254,147.2782911803388,10.943039344627437,-10.943039344627437,-964.655540458005,SL_FULL,49.00000000000091,10.300000000000864,11.343039344626504,0.0,1295400,8,4,False,10
62,D,2025-08-28,Thursday,short,2025-08-28 07:59:00+00:00,2025-08-28 12:00:00+00:00,147.18745482981706,146.9359754423665,147.17745482981707,146.98745482981707,146.78745482981705,20.0,22.57396937252736,1089.691567666747,TP1_PARTIAL,49.00000000000091,10.300000000000864,18.35451701829527,37.94548298170639,709400,241,2,False,7
65,D,2025-09-03,Wednesday,long,2025-09-03 07:17:00+00:00,2025-09-03 07:35:00+00:00,148.8301872233061,148.8401872233061,148.8401872233061,149.0301872233061,149.2301872233061,20.0,10.498664041624627,500.97594827247013,BE_STOP,43.59999999999786,16.70000000000016,1.618722330610467,30.78127766939076,711100,18,1,False,7
66,A,2025-09-03,Wednesday,long,2025-09-03 07:21:00+00:00,2025-09-03 07:48:00+00:00,149.08930660332808,148.68930660332808,148.68930660332808,149.4893066033281,149.8893066033281,40.0,-40.00000000000057,-957.9707058558158,SL_FULL,43.59999999999786,16.70000000000016,40.73066033280952,4.869339667192207,356100,27,2,False,7
69,D,2025-09-03,Wednesday,long,2025-09-03 07:41:00+00:00,2025-09-03 08:03:00+00:00,148.8477384884804,148.6477384884804,148.6477384884804,149.04773848848038,149.2477384884804,20.0,-19.999999999998863,-961.8713439832942,SL_FULL,43.59999999999786,16.70000000000016,19.073848848037755,2.6261511519606984,714900,22,5,True,7
68,C,2025-09-03,Wednesday,short,2025-09-03 07:32:00+00:00,2025-09-03 08:09:00+00:00,148.87039396365734,148.659181890972,148.86039396365734,148.76478792731467,148.659181890972,10.560603634266386,15.840905451399578,1435.0038968632953,TP2_FULL,43.59999999999786,16.70000000000016,1.7606036342669995,23.039396365734888,1347000,37,4,False,7
67,B,2025-09-03,Wednesday,short,2025-09-03 07:32:00+00:00,2025-09-03 09:37:00+00:00,148.87039396365734,148.53518189097198,148.86039396365734,148.70278792731466,148.53518189097198,16.760603634267568,25.141892879446257,1436.0172901124536,TP2_FULL,43.59999999999786,16.70000000000016,1.7606036342669995,36.639396365734456,848700,125,3,False,7
70,D,2025-09-03,Wednesday,short,2025-09-03 08:57:00+00:00,2025-09-03 12:00:00+00:00,148.57309243169664,148.6249754423665,148.77309243169663,148.37309243169665,148.17309243169663,20.0,-5.188301066985446,-247.81668871536485,HARD_CLOSE,43.59999999999786,16.70000000000016,16.390756830335818,13.90924316966391,709900,183,6,False,8
71,B,2025-09-03,Wednesday,long,2025-09-03 09:56:00+00:00,2025-09-03 12:00:00+00:00,148.53306684275543,148.6090245576335,148.54306684275542,148.63413368551088,148.73520052826632,10.106684275544353,8.85113982272902,849.0637150705847,TP1_PARTIAL,43.59999999999786,16.70000000000016,5.4066842755418065,20.39331572445633,1425700,124,7,False,9
72,C,2025-09-03,Wednesday,long,2025-09-03 09:58:00+00:00,2025-09-03 12:00:00+00:00,148.55904270745125,148.6090245576335,148.56904270745125,148.6780854149025,148.79712812235377,11.9042707451257,8.451227881674583,688.2293644488161,TP1_PARTIAL,43.59999999999786,16.70000000000016,8.004270745124131,17.795729254874004,1210600,122,8,False,9
74,C,2025-09-04,Thursday,short,2025-09-04 07:05:00+00:00,2025-09-04 07:19:00+00:00,148.1731033652363,148.3231033652363,148.3231033652363,148.0231033652363,147.8731033652363,15.0,-15.000000000000568,-981.977835518662,SL_FULL,49.39999999999998,,14.389663476370629,6.110336523630622,971000,14,2,False,7
73,B,2025-09-04,Thursday,short,2025-09-04 07:04:00+00:00,2025-09-04 07:22:00+00:00,148.22911967966778,148.36200000000002,148.36200000000002,148.09623935933553,147.96335903900328,13.288032033224795,-13.288032033224795,-982.0794492141509,SL_FULL,49.39999999999998,,13.688032033223863,11.711967966778047,1096500,18,1,False,7
77,C,2025-09-04,Thursday,short,2025-09-04 08:48:00+00:00,2025-09-04 09:27:00+00:00,148.23918286317056,148.336,148.336,148.1423657263411,148.04554858951164,9.68171368294577,-9.68171368294577,-962.7148960700714,SL_FULL,49.39999999999998,,10.181713682945315,6.918286317056754,1475000,39,5,True,8
76,B,2025-09-04,Thursday,short,2025-09-04 08:41:00+00:00,2025-09-04 09:30:00+00:00,148.20424365626332,148.376,148.376,148.03248731252663,147.86073096878994,17.175634373668913,-17.175634373668913,-962.1763149966032,SL_FULL,49.39999999999998,,17.175634373668913,3.424365626332815,831200,49,4,True,8
78,C,2025-09-04,Thursday,short,2025-09-04 10:15:00+00:00,2025-09-04 11:04:00+00:00,148.22388087187113,148.336,148.336,148.11176174374225,147.99964261561337,11.211912812888158,-11.211912812888158,-943.3710213141591,SL_FULL,49.39999999999998,,11.111912812887681,1.9880871871123418,1248100,49,6,True,10
75,A,2025-09-04,Thursday,long,2025-09-04 07:23:00+00:00,2025-09-04 12:00:00+00:00,148.3693664366902,148.3380245576335,147.9693664366902,148.7693664366902,149.1693664366902,40.0,-3.1341879056697053,-75.49280381987926,HARD_CLOSE,49.39999999999998,,23.136643669019463,4.6633563309796955,357300,277,3,False,7
79,D,2025-09-09,Tuesday,long,2025-09-09 07:27:00+00:00,2025-09-09 08:15:00+00:00,147.1104813560077,147.1204813560077,147.1204813560077,147.25296271201543,147.39544406802315,14.248135600772116,7.624067800385603,499.247021363534,BE_STOP,,6.200000000001182,24.248135600771548,22.65186439922786,964200,48,1,False,7
80,D,2025-09-09,Tuesday,short,2025-09-09 08:25:00+00:00,2025-09-09 08:33:00+00:00,146.92116696302813,146.58350088908438,146.91116696302814,146.75233392605625,146.58350088908438,16.883303697187557,25.324955545781332,1410.974223743984,TP2_FULL,,6.200000000001182,4.383303697187557,36.216696302813034,817000,8,2,False,8
81,C,2025-09-10,Wednesday,short,2025-09-10 07:01:00+00:00,2025-09-10 08:00:00+00:00,147.5251595269914,147.5151595269914,147.5151595269914,147.41231905398277,147.29947858097415,11.284047300861744,6.141610934831217,519.0474437400076,BE_STOP,31.700000000000728,15.900000000002024,4.8840473008624485,13.215952699138711,1245900,59,1,False,7
82,D,2025-09-11,Thursday,long,2025-09-11 07:31:00+00:00,2025-09-11 12:00:00+00:00,147.81558340070032,147.9580245576335,147.626,148.00516680140063,148.19475020210095,18.958340070031454,14.244115693318804,719.2431006223139,HARD_CLOSE,46.999999999999886,9.799999999998477,4.5583400700309085,17.741659929967568,747100,269,1,False,7
83,D,2025-09-16,Tuesday,long,2025-09-16 08:04:00+00:00,2025-09-16 12:00:00+00:00,146.94740508979925,146.9500245576335,146.74740508979926,147.14740508979924,147.34740508979925,20.0,0.26194678342505995,12.64367624590121,HARD_CLOSE,,19.10000000000025,7.940508979925198,16.85949102007669,709300,236,1,False,8
85,B,2025-09-17,Wednesday,short,2025-09-17 07:48:00+00:00,2025-09-17 07:57:00+00:00,146.56626481766415,146.66400000000002,146.66400000000002,146.46852963532828,146.3707944529924,9.773518233586742,-9.773518233586742,-964.8637055044348,SL_FULL,39.19999999999959,13.000000000002387,10.4735182335844,0.0,1447900,9,2,False,7
84,D,2025-09-17,Wednesday,long,2025-09-17 07:23:00+00:00,2025-09-17 08:43:00+00:00,146.66936643669018,146.4693664366902,146.4693664366902,146.86936643669017,147.0693664366902,20.0,-19.999999999998863,-966.7550522326936,SL_FULL,39.19999999999959,13.000000000002387,21.236643669018918,1.263356330980514,708000,80,1,False,7
86,B,2025-09-17,Wednesday,short,2025-09-17 08:28:00+00:00,2025-09-17 09:45:00+00:00,146.56421082019565,146.32063246058695,146.55421082019566,146.4424216403913,146.32063246058695,12.178917980435244,18.268906350726777,1435.8124106954883,TP2_FULL,39.19999999999959,13.000000000002387,1.17891798043388,28.421082019565347,1150300,77,3,True,8
88,B,2025-09-17,Wednesday,long,2025-09-17 10:05:00+00:00,2025-09-17 10:30:00+00:00,146.26001824479664,146.27001824479663,146.27001824479663,146.36603648959328,146.47205473438993,10.601824479664401,5.800912239831746,525.24506676324,BE_STOP,39.19999999999959,13.000000000002387,1.7018244796645376,12.998175520334598,1325200,25,5,False,10
87,D,2025-09-17,Wednesday,short,2025-09-17 08:46:00+00:00,2025-09-17 12:00:00+00:00,146.41520321947814,146.3479754423665,146.40520321947815,146.21520321947816,146.01520321947814,20.0,13.36043048815766,632.810901337474,TP1_PARTIAL,39.19999999999959,13.000000000002387,4.279678052185432,21.120321947813636,692700,194,4,False,8
89,C,2025-09-17,Wednesday,long,2025-09-17 10:06:00+00:00,2025-09-17 12:00:00+00:00,146.2830219588617,146.3320245576335,146.164,146.4020439177234,146.5210658765851,11.90219588617083,4.9002598771807016,395.3506984194695,HARD_CLOSE,39.19999999999959,13.000000000002387,6.902195886169693,10.69780411382908,1180600,114,6,False,10
90,D,2025-09-23,Tuesday,short,2025-09-23 08:44:00+00:00,2025-09-23 12:00:00+00:00,147.6052216222489,147.7739754423665,147.8052216222489,147.40522162224892,147.2052216222489,20.0,-16.87538201175869,-822.6770082403538,HARD_CLOSE,,15.200000000001523,19.07783777510872,9.72216222488953,720400,196,1,False,8
91,C,2025-09-24,Wednesday,short,2025-09-24 07:04:00+00:00,2025-09-24 08:27:00+00:00,148.03111967966777,148.15900000000002,148.15900000000002,147.90323935933552,147.77535903900326,12.78803203322525,-12.78803203322525,-967.0496621889705,SL_FULL,59.30000000000177,8.599999999998431,12.288032033222862,2.3119679667757964,1120400,83,1,False,7
92,D,2025-09-24,Wednesday,long,2025-09-24 08:26:00+00:00,2025-09-24 11:28:00+00:00,148.13481687299583,148.44845061898747,148.14481687299582,148.29163374599165,148.44845061898747,15.681687299581881,23.52338852824735,1449.325623318769,TP2_FULL,59.30000000000177,8.599999999998431,2.281687299583268,32.71831270041616,914300,182,2,False,8
93,D,2025-09-25,Thursday,short,2025-09-25 07:16:00+00:00,2025-09-25 07:59:00+00:00,148.64784184354923,148.834,148.834,148.46168368709846,148.27552553064768,18.615815645077305,-18.615815645077305,-971.4785607812424,SL_FULL,30.400000000000205,10.599999999999454,18.215815645078237,0.0,776700,43,1,False,7
94,C,2025-09-25,Thursday,short,2025-09-25 08:03:00+00:00,2025-09-25 12:00:00+00:00,148.7805652454627,148.8489754423665,148.91400000000002,148.64713049092538,148.51369573638806,13.343475453731912,-6.841019690381245,-493.4668055143157,HARD_CLOSE,30.400000000000205,10.599999999999454,11.443475453731367,11.556524546270452,1073700,237,2,False,8
95,D,2025-09-30,Tuesday,short,2025-09-30 07:37:00+00:00,2025-09-30 07:41:00+00:00,147.99830299999266,148.138,148.138,147.85860599998531,147.71890899997797,13.96970000073452,-13.96970000073452,-957.1646370779637,SL_FULL,,6.60000000000025,18.269700000735156,0.030299999266958366,1015000,4,1,False,7
96,D,2025-09-30,Tuesday,long,2025-09-30 07:42:00+00:00,2025-09-30 07:43:00+00:00,148.1697440455168,148.012,148.012,148.32748809103362,148.48523213655042,15.774404551680732,-15.774404551680732,-949.4782190019974,SL_FULL,,6.60000000000025,16.374404551680755,0.0,890900,1,2,False,7
97,D,2025-09-30,Tuesday,short,2025-09-30 07:45:00+00:00,2025-09-30 09:55:00+00:00,147.99425131095916,147.98425131095917,147.98425131095917,147.8505026219183,147.70675393287746,14.374868904084792,7.68674267233241,502.55745573737187,BE_STOP,,6.60000000000025,11.374868904084678,16.12513109591589,966700,130,3,True,7
99,C,2025-10-02,Thursday,long,2025-10-02 08:20:00+00:00,2025-10-02 08:48:00+00:00,146.97093548183318,146.844,146.844,147.09787096366637,147.22480644549955,12.693548183318626,-12.693548183318626,-944.8154616032837,SL_FULL,48.799999999999955,14.900000000000091,14.99354818331824,2.5064518166828975,1093000,28,2,False,8
98,D,2025-10-02,Thursday,short,2025-10-02 08:07:00+00:00,2025-10-02 12:00:00+00:00,146.99868688980834,146.8039754423665,146.98868688980835,146.79868688980835,146.59868688980833,20.0,19.73557237209178,932.7261075923989,TP1_PARTIAL,48.799999999999955,14.900000000000091,2.9313110191651504,39.86868898083458,693800,233,1,False,8
100,C,2025-10-07,Tuesday,short,2025-10-07 07:08:00+00:00,2025-10-07 08:16:00+00:00,150.6470458700386,150.6370458700386,150.6370458700386,150.5430917400772,150.43913761011578,10.395412996140863,5.6977064980699765,517.6522085047097,BE_STOP,45.09999999999934,10.499999999998977,6.595412996139771,12.104587003858569,1367800,68,1,False,7
102,D,2025-10-07,Tuesday,short,2025-10-07 07:19:00+00:00,2025-10-07 08:39:00+00:00,150.56675346683966,150.743,150.743,150.39050693367932,150.21426040051898,17.6246533160338,-17.6246533160338,-942.714286482162,SL_FULL,45.09999999999934,10.499999999998977,17.824653316034755,4.0753466839646535,806300,80,3,False,7
101,B,2025-10-07,Tuesday,short,2025-10-07 07:13:00+00:00,2025-10-07 08:41:00+00:00,150.6479253138883,150.763,150.763,150.53285062777658,150.41777594166487,11.507468611171134,-11.507468611171134,-943.1112551463592,SL_FULL,45.09999999999934,10.499999999998977,11.607468611171612,12.192531388828343,1235600,88,2,False,7
103,D,2025-10-07,Tuesday,long,2025-10-07 08:40:00+00:00,2025-10-07 12:00:00+00:00,150.75275088611804,150.8900245576335,150.76275088611803,150.92750177223607,151.1022526583541,17.475088611803358,15.60122788167462,838.0008317451061,TP1_PARTIAL,45.09999999999934,10.499999999998977,4.4750886118038125,19.924911388196165,810600,200,4,False,8
104,D,2025-10-08,Wednesday,long,2025-10-08 07:16:00+00:00,2025-10-08 09:03:00+00:00,152.49615815645078,152.88447446935234,152.50615815645077,152.69031631290156,152.88447446935234,19.415815645078283,29.12372346761742,1404.924162668063,TP2_FULL,59.00000000000034,12.300000000001887,14.6158156450781,39.78418435492301,737200,107,1,False,7
105,D,2025-10-15,Wednesday,long,2025-10-15 07:17:00+00:00,2025-10-15 12:00:00+00:00,151.1991872233061,151.4920245576335,151.2091872233061,151.3991872233061,151.5991872233061,20.0,24.64186671636952,1171.7771081727942,TP1_PARTIAL,,17.199999999999704,10.81872233060892,31.281277669390306,720200,283,1,False,7
106,D,2025-10-16,Thursday,short,2025-10-16 07:42:00+00:00,2025-10-16 07:56:00+00:00,151.0022559544832,151.20225595448318,151.20225595448318,150.8022559544832,150.60225595448318,20.0,-19.999999999998863,-963.080868607067,SL_FULL,,18.000000000000682,30.974404551682255,6.125595448318677,728100,14,1,False,7
107,D,2025-10-16,Thursday,long,2025-10-16 07:59:00+00:00,2025-10-16 08:05:00+00:00,151.32154517018296,151.12154517018297,151.12154517018297,151.52154517018295,151.72154517018296,20.0,-19.999999999998863,-955.9192889227714,SL_FULL,,18.000000000000682,20.954517018296315,0.0,722300,6,2,False,7
108,D,2025-10-21,Tuesday,short,2025-10-21 07:26:00+00:00,2025-10-21 08:17:00+00:00,151.07554646730512,151.2755464673051,151.2755464673051,150.87554646730513,150.6755464673051,20.0,-19.999999999998863,-943.8405831893699,SL_FULL,,14.000000000001478,19.645353269487487,1.354646730510467,713900,51,1,False,7
109,D,2025-10-21,Tuesday,long,2025-10-21 08:27:00+00:00,2025-10-21 09:12:00+00:00,151.34180224599936,151.74180224599937,151.35180224599935,151.54180224599935,151.74180224599937,20.0,29.999999999999716,1400.3619069976126,TP2_FULL,,14.000000000001478,0.9802245999367187,41.41977540006394,708000,45,2,False,8
110,C,2025-10-22,Wednesday,short,2025-10-22 08:06:00+00:00,2025-10-22 11:00:00+00:00,151.8606558582319,151.8506558582319,151.8506558582319,151.71931171646378,151.57796757469566,14.13441417681156,7.5672070884053255,508.90929606029727,BE_STOP,46.399999999999864,,1.2344141768096506,22.96558582318937,1020400,174,1,False,8
111,D,2025-10-23,Thursday,short,2025-10-23 07:17:00+00:00,2025-10-23 10:44:00+00:00,152.4998127766939,152.678,152.678,152.32162555338778,152.14343833008166,17.81872233061108,-17.81872233061108,-953.6199070162246,SL_FULL,,10.599999999999454,18.81872233061017,12.081277669389578,817100,207,1,False,7
112,D,2025-10-28,Tuesday,short,2025-10-28 08:20:00+00:00,2025-10-28 12:00:00+00:00,151.9790645181668,152.0439754423665,152.1790645181668,151.77906451816682,151.5790645181668,20.0,-6.491092419969391,-306.6581014932349,HARD_CLOSE,,12.20000000000141,10.593548183319967,15.5064518166796,718300,220,1,False,8
113,D,2025-11-04,Tuesday,short,2025-11-04 08:16:00+00:00,2025-11-04 08:30:00+00:00,153.4129603783082,153.6129603783082,153.6129603783082,153.21296037830822,153.0129603783082,20.0,-19.999999999998863,-940.9362311879669,SL_FULL,,13.2000000000005,19.903962169178158,2.596037830821274,722700,14,1,False,8
114,D,2025-11-04,Tuesday,long,2025-11-04 08:32:00+00:00,2025-11-04 09:51:00+00:00,153.65675269204573,153.45675269204574,153.45675269204574,153.85675269204572,154.05675269204573,20.0,-19.999999999998863,-933.9439124429009,SL_FULL,,13.2000000000005,22.075269204572123,10.12473079542815,716600,79,2,False,8
115,D,2025-11-04,Tuesday,short,2025-11-04 09:53:00+00:00,2025-11-04 10:58:00+00:00,153.4068825915742,153.6068825915742,153.6068825915742,153.2068825915742,153.0068825915742,20.0,-19.999999999998863,-922.2243014764655,SL_FULL,,13.2000000000005,19.611740842580616,8.888259157419043,708300,65,3,True,9
116,D,2025-11-05,Wednesday,short,2025-11-05 08:51:00+00:00,2025-11-05 09:42:00+00:00,153.4531507054714,153.65315070547138,153.65315070547138,153.2531507054714,153.05315070547138,20.0,-19.999999999998863,-912.965333648683,SL_FULL,,15.399999999999636,19.284929452859956,3.3150705471399533,701400,51,1,False,8
117,A,2025-11-06,Thursday,short,2025-11-06 08:27:00+00:00,2025-11-06 13:00:00+00:00,153.68219775400064,153.62075331841723,154.08219775400065,153.28219775400063,152.88219775400063,40.0,6.144443558341096,139.07125040631266,HARD_CLOSE,36.7999999999995,16.800000000000637,9.480224599934672,15.119775400063418,347700,273,1,False,8
118,D,2025-11-06,Thursday,short,2025-11-06 08:28:00+00:00,2025-11-06 13:00:00+00:00,153.66321082019564,153.62075331841723,153.86321082019563,153.46321082019566,153.26321082019564,20.0,4.245750177841501,192.19373749269408,HARD_CLOSE,36.7999999999995,16.800000000000637,11.378917980434267,13.221082019563823,695400,272,2,False,8
119,D,2025-11-11,Tuesday,long,2025-11-11 08:19:00+00:00,2025-11-11 13:00:00+00:00,154.31495989586148,154.18524668158278,154.139,154.49091979172294,154.6668796875844,17.595989586146743,-12.971321427869498,-670.1649393719263,HARD_CLOSE,40.99999999999966,9.299999999998931,14.295989586148039,12.804010413853462,796600,281,1,False,8
120,D,2025-11-12,Wednesday,long,2025-11-12 09:12:00+00:00,2025-11-12 13:00:00+00:00,154.8003856283371,154.79524668158277,154.6003856283371,155.00038562833709,155.2003856283371,20.0,-0.5138946754328799,-23.16912835975848,HARD_CLOSE,,12.999999999999545,9.438562833710762,10.961437166290011,697900,228,1,False,9
121,C,2025-11-13,Thursday,long,2025-11-13 08:02:00+00:00,2025-11-13 08:32:00+00:00,154.73946371449517,154.58946371449517,154.58946371449517,154.88946371449518,155.03946371449518,15.0,-15.000000000000568,-902.2930583264997,SL_FULL,39.400000000000546,10.80000000000041,15.146371449517915,3.653628550483745,929900,30,1,False,8
123,B,2025-11-13,Thursday,long,2025-11-13 08:40:00+00:00,2025-11-13 08:46:00+00:00,154.66375088611804,154.554,154.554,154.77350177223607,154.8832526583541,10.975088611803585,-10.975088611803585,-893.1097834456156,SL_FULL,39.400000000000546,10.80000000000041,10.175088611802607,2.7249113881964604,1257700,6,3,False,8
122,D,2025-11-13,Thursday,short,2025-11-13 08:33:00+00:00,2025-11-13 10:31:00+00:00,154.61325252047573,154.60325252047573,154.60325252047573,154.42050504095144,154.22775756142715,19.274747952428584,10.136097628403219,469.886374179944,BE_STOP,39.400000000000546,10.80000000000041,7.774747952427674,29.025252047571826,715900,118,2,False,8
124,A,2025-11-13,Thursday,short,2025-11-13 08:58:00+00:00,2025-11-13 13:00:00+00:00,154.54708487977652,154.62175331841723,154.94708487977653,154.14708487977651,153.7470848797765,40.0,-7.466843864071394,-164.8172883901724,HARD_CLOSE,39.400000000000546,10.80000000000041,21.891512022347115,22.408487977651248,341300,242,4,False,8
125,D,2025-11-18,Tuesday,long,2025-11-18 08:35:00+00:00,2025-11-18 12:58:00+00:00,155.158743786282,155.168743786282,155.168743786282,155.358743786282,155.558743786282,20.0,10.499999999998977,464.8802455778404,BE_STOP,56.60000000000025,17.199999999999704,7.474378628199929,28.32562137180048,687800,263,1,False,8
126,D,2025-11-19,Wednesday,long,2025-11-19 08:21:00+00:00,2025-11-19 09:47:00+00:00,155.59891228691615,155.89473686074845,155.60891228691614,155.7468245738323,155.89473686074845,14.791228691615288,22.18763190295315,1334.714002771408,TP2_FULL,36.69999999999902,5.299999999999727,4.191228691615834,34.50877130838421,937500,86,1,False,8
127,A,2025-11-19,Wednesday,long,2025-11-19 08:30:00+00:00,2025-11-19 13:00:00+00:00,155.67076778126523,156.23824668158278,155.68076778126522,156.07076778126523,156.47076778126524,40.0,48.37394501587795,1074.2265406269605,TP1_PARTIAL,36.69999999999902,5.299999999999727,11.376778126523845,62.52322187347659,346800,270,2,False,8
128,D,2025-11-20,Thursday,short,2025-11-20 08:33:00+00:00,2025-11-20 11:29:00+00:00,157.2592525204757,157.4592525204757,157.4592525204757,157.05925252047572,156.8592525204757,20.0,-19.999999999998863,-914.1412631898156,SL_FULL,,19.999999999998863,20.47474795242863,14.92525204756987,719700,176,1,False,8
129,C,2025-11-25,Tuesday,long,2025-11-25 08:17:00+00:00,2025-11-25 08:49:00+00:00,156.6040120554535,156.476,156.476,156.732024110907,156.8600361663605,12.801205545349603,-12.801205545349603,-906.9388575611961,SL_FULL,45.79999999999984,13.399999999998613,13.601205545350581,8.798794454651215,1108600,32,1,False,8
130,D,2025-11-25,Tuesday,short,2025-11-25 08:43:00+00:00,2025-11-25 11:39:00+00:00,156.52622981364792,156.51622981364793,156.51622981364793,156.32622981364793,156.1262298136479,20.0,10.499999999998977,476.3224667238587,BE_STOP,45.79999999999984,13.399999999998613,2.177018635208583,38.22298136479105,709200,176,2,False,8
131,A,2025-11-25,Tuesday,short,2025-11-25 09:01:00+00:00,2025-11-25 13:00:00+00:00,156.42456812532612,156.31175331841723,156.82456812532612,156.0245681253261,155.6245681253261,40.0,11.281480690888657,253.18271610081464,HARD_CLOSE,45.79999999999984,13.399999999998613,9.743187467387315,28.056812532611275,350800,239,3,False,9
132,D,2025-11-26,Wednesday,long,2025-11-26 08:57:00+00:00,2025-11-26 13:00:00+00:00,156.50190756830335,156.46824668158277,156.30190756830336,156.70190756830334,156.90190756830336,20.0,-3.3660886720582535,-152.2469257333362,HARD_CLOSE,,11.999999999997613,17.590756830335863,8.809243169665137,707700,243,1,False,8
134,C,2025-11-27,Thursday,short,2025-11-27 08:22:00+00:00,2025-11-27 08:56:00+00:00,156.2211096162545,156.352,156.352,156.09021923250899,155.95932884876348,13.08903837455091,-13.08903837455091,-902.1149555116698,SL_FULL,58.19999999999936,13.399999999998613,14.289038374550955,7.910961625449886,1077600,34,2,False,8
135,B,2025-11-27,Thursday,short,2025-11-27 08:26:00+00:00,2025-11-27 08:56:00+00:00,156.25018312700416,156.35500000000002,156.35500000000002,156.1453662540083,156.04054938101245,10.481687299585474,-10.481687299585474,-902.2610684987424,SL_FULL,58.19999999999936,13.399999999998613,11.381687299584087,10.818312700416755,1345900,30,3,False,8
137,B,2025-11-27,Thursday,short,2025-11-27 10:29:00+00:00,2025-11-27 12:47:00+00:00,156.25763993627058,156.36100000000002,156.36100000000002,156.15427987254114,156.0509198088117,10.336006372943984,-10.336006372943984,-884.2662636518804,SL_FULL,58.19999999999936,13.399999999998613,11.13600637294212,0.6639936270573799,1337700,138,5,True,10
133,D,2025-11-27,Thursday,long,2025-11-27 08:21:00+00:00,2025-11-27 13:00:00+00:00,156.26691228691615,156.36624668158277,156.06691228691616,156.46691228691614,156.66691228691616,20.0,9.933439466661298,448.1176947382845,HARD_CLOSE,58.19999999999936,13.399999999998613,12.491228691615675,13.708771308384371,705400,279,1,False,8
136,A,2025-11-27,Thursday,long,2025-11-27 09:06:00+00:00,2025-11-27 13:00:00+00:00,156.38443455978435,156.36624668158277,155.98443455978435,156.78443455978436,157.18443455978436,40.0,-1.818787820158718,-40.233664255816656,HARD_CLOSE,58.19999999999936,13.399999999998613,13.343455978434804,1.9565440215643548,345900,234,4,False,9
138,D,2025-12-02,Tuesday,long,2025-12-02 08:21:00+00:00,2025-12-02 11:35:00+00:00,155.88691228691613,155.89691228691612,155.89691228691612,156.03782457383227,156.1887368607484,15.091228691613878,8.044839335978544,468.7308583482115,BE_STOP,37.79999999999859,7.800000000000296,2.8912286916124685,19.908771308388395,909100,194,1,False,8
139,A,2025-12-02,Tuesday,long,2025-12-02 08:27:00+00:00,2025-12-02 13:00:00+00:00,155.92580224599936,155.99824668158277,155.52580224599936,156.32580224599937,156.72580224599938,40.0,7.244443558340663,159.28667106001578,HARD_CLOSE,37.79999999999859,7.800000000000296,3.3802245999368097,16.019775400064873,343000,273,2,False,8
141,C,2025-12-03,Wednesday,long,2025-12-03 10:24:00+00:00,2025-12-03 11:01:00+00:00,155.56927741816915,155.462,155.462,155.6765548363383,155.78383225450747,10.727741816916136,-10.727741816916136,-886.9284170589798,SL_FULL,30.299999999999727,6.999999999999318,11.027741816914727,0.37225818308570524,1285300,37,2,False,10
140,D,2025-12-03,Wednesday,short,2025-12-03 09:01:00+00:00,2025-12-03 13:00:00+00:00,155.62956812532613,155.42875331841722,155.61956812532614,155.48513625065226,155.3407043759784,14.44318746738702,17.26262924682943,1060.6169031248487,TP1_PARTIAL,30.299999999999727,6.999999999999318,5.343187467386201,26.756812532613594,955100,239,1,False,9
142,A,2025-12-04,Thursday,short,2025-12-04 08:11:00+00:00,2025-12-04 13:00:00+00:00,154.89081177782597,154.6817533184172,155.29081177782598,154.49081177782597,154.09081177782596,40.0,20.90584594087659,464.79434482925774,HARD_CLOSE,52.00000000000102,,16.718822217401907,38.18117778259875,343900,289,1,False,8
144,D,2025-12-09,Tuesday,long,2025-12-09 08:25:00+00:00,2025-12-09 09:14:00+00:00,156.3388330369719,156.154,156.154,156.5236660739438,156.70849911091568,18.483303697189513,-18.483303697189513,-893.780666633439,SL_FULL,45.599999999998886,10.200000000000387,18.083303697190445,9.516696302810601,755100,49,2,False,8
145,B,2025-12-09,Tuesday,short,2025-12-09 09:15:00+00:00,2025-12-09 10:06:00+00:00,156.15066238853643,156.14066238853644,156.14066238853644,156.01732477707284,155.88398716560926,13.333761146358825,7.166880573178958,475.41595932509614,BE_STOP,45.599999999998886,10.200000000000387,1.3337611463555277,17.266238853642335,1035000,51,3,False,9
146,C,2025-12-09,Tuesday,short,2025-12-09 09:15:00+00:00,2025-12-09 10:06:00+00:00,156.15066238853643,156.14066238853644,156.14066238853644,156.05132477707286,155.9519871656093,9.933761146356801,5.466559052946665,486.6535431723473,BE_STOP,45.599999999998886,10.200000000000387,1.3337611463555277,17.266238853642335,1389300,51,4,False,9
149,C,2025-12-09,Tuesday,short,2025-12-09 10:40:00+00:00,2025-12-09 12:00:00+00:00,156.07454623173953,156.22454623173954,156.22454623173954,155.92454623173953,155.77454623173952,15.0,-15.000000000000568,-892.5614019269643,SL_FULL,45.599999999998886,10.200000000000387,15.245376826047163,2.9546231739544737,929600,80,7,True,10
148,B,2025-12-09,Tuesday,short,2025-12-09 10:31:00+00:00,2025-12-09 12:06:00+00:00,156.14861214408415,156.25400000000002,156.25400000000002,156.0432242881683,155.93783643225242,10.538785591586475,-10.538785591586475,-892.7893357983165,SL_FULL,45.599999999998886,10.200000000000387,9.838785591585975,10.361214408416686,1323700,95,6,True,10
147,D,2025-12-09,Tuesday,short,2025-12-09 09:16:00+00:00,2025-12-09 12:41:00+00:00,156.13768190346042,156.316,156.316,155.95936380692083,155.78104571038125,17.83180965395843,-17.83180965395843,-882.7154168628314,SL_FULL,45.599999999998886,10.200000000000387,18.031809653959385,15.968190346040956,773800,205,5,False,9
143,A,2025-12-09,Tuesday,long,2025-12-09 08:05:00+00:00,2025-12-09 13:00:00+00:00,156.28437484378267,156.34424668158277,155.88437484378267,156.68437484378268,157.08437484378268,40.0,5.987183780010241,133.5725328429099,HARD_CLOSE,45.599999999998886,10.200000000000387,30.637484378266322,14.962515621732564,348800,295,1,False,8
150,C,2025-12-10,Wednesday,long,2025-12-10 08:07:00+00:00,2025-12-10 13:00:00+00:00,156.64931311019166,156.7042466815828,156.65931311019165,156.78862622038332,156.927939330575,13.931311019166515,9.71190185119804,604.7142201682209,TP1_PARTIAL,37.999999999999545,11.600000000001387,5.031311019166651,24.06868898083303,976100,293,1,False,8
151,D,2025-12-10,Wednesday,long,2025-12-10 09:14:00+00:00,2025-12-10 13:00:00+00:00,156.74235538150558,156.7042466815828,156.551,156.93371076301116,157.12506614451675,19.135538150558773,-3.8108699922787532,-172.90715611657004,HARD_CLOSE,37.999999999999545,11.600000000001387,6.935538150557363,14.76446184944109,711000,226,2,False,9
152,D,2025-12-11,Thursday,short,2025-12-11 08:31:00+00:00,2025-12-11 13:00:00+00:00,155.88824054741497,155.5997533184172,155.87824054741498,155.68824054741498,155.48824054741496,20.0,24.424361449887044,1067.1418541751357,TP1_PARTIAL,,14.19999999999959,14.575945258502543,36.824054741495615,680000,269,1,False,8
153,D,2025-12-16,Tuesday,short,2025-12-16 08:23:00+00:00,2025-12-16 13:00:00+00:00,154.7971301625263,154.62075331841723,154.7871301625263,154.62226032505257,154.44739048757884,17.486983747372165,17.562343718429197,887.8767684269908,TP1_PARTIAL,43.80000000000166,9.600000000000364,13.686983747371073,19.51301625262829,781700,277,1,False,8
154,C,2025-12-18,Thursday,short,2025-12-18 08:04:00+00:00,2025-12-18 13:00:00+00:00,155.86159491020075,155.83575331841723,156.006,155.7171898204015,155.57278473060225,14.44050897992497,2.584159178351797,159.64051817531538,HARD_CLOSE,53.000000000000114,10.80000000000041,11.640508979925812,13.95949102007421,962700,296,1,False,8
155,D,2025-12-23,Tuesday,short,2025-12-23 09:01:00+00:00,2025-12-23 10:37:00+00:00,155.84756812532612,156.0475681253261,156.0475681253261,155.64756812532613,155.44756812532611,20.0,-19.999999999998863,-892.4201874658409,SL_FULL,,16.30000000000109,19.843187467387224,19.756812532611434,696300,96,1,False,9
157,C,2025-12-30,Tuesday,long,2025-12-30 08:09:00+00:00,2025-12-30 08:28:00+00:00,156.01225056609945,155.86999999999998,155.86999999999998,156.15450113219893,156.2967516982984,14.225056609947728,-14.225056609947728,-885.426953420882,SL_FULL,42.00000000000159,14.699999999999136,14.925056609945386,1.6749433900542954,970200,19,2,False,8
158,C,2025-12-30,Tuesday,long,2025-12-30 09:36:00+00:00,2025-12-30 10:02:00+00:00,155.9816575347707,155.86999999999998,155.86999999999998,156.09331506954143,156.20497260431216,11.165753477072826,-11.165753477072826,-876.3830630558091,SL_FULL,42.00000000000159,14.699999999999136,12.165753477069075,0.0,1223400,26,3,True,9
156,B,2025-12-30,Tuesday,long,2025-12-30 08:09:00+00:00,2025-12-30 10:06:00+00:00,156.01225056609945,155.838,155.838,156.1865011321989,156.36075169829837,17.425056609945955,-17.425056609945955,-885.5763571835622,SL_FULL,42.00000000000159,14.699999999999136,18.22505660994409,1.6749433900542954,792000,117,1,False,8
159,D,2025-12-31,Wednesday,long,2025-12-31 09:56:00+00:00,2025-12-31 13:00:00+00:00,156.64506684275543,156.58924668158278,156.5,156.79013368551085,156.93520052826628,14.506684275542625,-5.582016117264743,-330.3097909893611,HARD_CLOSE,32.20000000000027,6.399999999999295,9.306684275543375,3.093315724456147,926600,184,1,False,9
160,B,2026-01-06,Tuesday,long,2026-01-06 08:05:00+00:00,2026-01-06 08:08:00+00:00,156.28537484378268,156.171,156.171,156.39974968756536,156.51412453134805,11.437484378268437,-11.437484378268437,-855.4805631170551,SL_FULL,56.60000000000025,,12.137484378268937,0.0,1168100,3,1,False,8
161,B,2026-01-06,Tuesday,long,2026-01-06 08:21:00+00:00,2026-01-06 10:10:00+00:00,156.28691228691613,156.29691228691613,156.29691228691613,156.4118245738323,156.53673686074845,12.491228691615675,6.7456143458073825,456.65637576672515,BE_STOP,56.60000000000025,,5.4912286916135145,19.70877130838744,1058800,109,2,True,8
162,C,2026-01-06,Tuesday,long,2026-01-06 08:21:00+00:00,2026-01-06 10:10:00+00:00,156.28691228691613,156.29691228691613,156.29691228691613,156.39182457383228,156.49673686074843,10.491228691614651,5.7452379188737535,463.1574750434078,BE_STOP,56.60000000000025,,5.4912286916135145,19.70877130838744,1260700,109,3,False,8
163,D,2026-01-07,Wednesday,long,2026-01-07 08:38:00+00:00,2026-01-07 09:30:00+00:00,156.5807433399752,156.431,156.431,156.73048667995036,156.88023001992553,14.97433399751742,-14.97433399751742,-856.2587825162105,SL_FULL,51.59999999999911,7.299999999997908,14.274333997519761,0.5256660024826942,894500,52,1,False,8
164,B,2026-01-08,Thursday,long,2026-01-08 08:02:00+00:00,2026-01-08 09:46:00+00:00,156.51946371449517,156.73839114348553,156.52946371449517,156.62892742899035,156.73839114348553,10.946371449517756,16.41955717427663,1268.9115756588958,TP2_FULL,48.70000000000232,9.999999999999432,3.9463714495184377,23.353628550481176,1211000,104,1,False,8
165,C,2026-01-08,Thursday,long,2026-01-08 08:07:00+00:00,2026-01-08 13:00:00+00:00,156.54331311019166,156.71224668158277,156.55331311019165,156.66862622038335,156.79393933057503,12.531311019168356,14.712334079139566,993.3808928366038,TP1_PARTIAL,48.70000000000232,9.999999999999432,5.731311019167151,24.06868898083303,1058000,293,2,False,8
166,D,2026-01-08,Thursday,long,2026-01-08 08:27:00+00:00,2026-01-08 13:00:00+00:00,156.60680224599938,156.71224668158277,156.43,156.78360449199874,156.9604067379981,17.680224599936878,10.544443558339367,504.77494420325024,HARD_CLOSE,48.70000000000232,9.999999999999432,4.280224599938265,17.71977540006162,750200,273,3,False,8
167,D,2026-01-13,Tuesday,long,2026-01-13 08:51:00+00:00,2026-01-13 09:33:00+00:00,159.0378492945286,158.84,158.84,159.2356985890572,159.4335478835858,19.7849294528595,-19.7849294528595,-875.6487915739252,SL_FULL,,11.7999999999995,19.18492945285948,1.2150705471412948,703000,42,1,False,8
168,D,2026-01-13,Tuesday,short,2026-01-13 09:36:00+00:00,2026-01-13 13:00:00+00:00,158.8163424652293,158.90575331841723,159.0163424652293,158.6163424652293,158.4163424652293,20.0,-8.94108531879283,-386.8328256405321,HARD_CLOSE,,11.7999999999995,12.965753477070052,1.334246522930016,687500,204,2,False,9
170,C,2026-01-14,Wednesday,long,2026-01-14 08:14:00+00:00,2026-01-14 08:30:00+00:00,159.15909723413145,159.03199999999998,159.03199999999998,159.28619446826292,159.4132917023944,12.70972341314689,-12.70972341314689,-862.648740640296,SL_FULL,37.10000000000093,17.599999999998772,12.909723413145002,3.390276586856089,1079400,16,2,False,8
169,B,2026-01-14,Wednesday,long,2026-01-14 08:07:00+00:00,2026-01-14 08:34:00+00:00,159.12531311019168,158.964,158.964,159.28662622038337,159.44793933057505,16.131311019168493,-16.131311019168493,-862.8654135275262,SL_FULL,37.10000000000093,17.599999999998772,24.131311019169743,6.768688980832849,850300,27,1,False,8
172,D,2026-01-14,Wednesday,short,2026-01-14 08:35:00+00:00,2026-01-14 12:00:00+00:00,158.93825842487465,158.53825842487464,158.92825842487466,158.73825842487466,158.53825842487464,20.0,30.001489646953384,1269.8224082654438,TP2_FULL,37.10000000000093,17.599999999998772,14.974157512534703,80.22584248746512,671300,205,4,False,8
171,A,2026-01-14,Wednesday,short,2026-01-14 08:35:00+00:00,2026-01-14 13:00:00+00:00,158.93825842487465,158.5697533184172,158.92825842487466,158.53825842487464,158.13825842487464,40.0,38.425255322871976,813.3233992590442,TP1_PARTIAL,37.10000000000093,17.599999999998772,14.974157512534703,80.22584248746512,335600,265,3,False,8
173,C,2026-01-15,Thursday,short,2026-01-15 08:14:00+00:00,2026-01-15 09:15:00+00:00,158.64890276586854,158.63890276586855,158.63890276586855,158.51380553173706,158.37870829760558,13.509723413147867,7.254861706573479,465.1607892839727,BE_STOP,50.80000000000098,16.100000000000136,6.509723413145707,31.890276586852906,1016400,61,1,False,8
174,D,2026-01-15,Thursday,short,2026-01-15 09:16:00+00:00,2026-01-15 13:00:00+00:00,158.44568190346044,158.60875331841723,158.64568190346043,158.24568190346045,158.04568190346043,20.0,-16.307141495678934,-708.7971572761646,HARD_CLOSE,50.80000000000098,16.100000000000136,16.03180965395552,14.268190346044207,689400,224,2,False,9
176,C,2026-01-21,Wednesday,long,2026-01-21 08:29:00+00:00,2026-01-21 11:26:00+00:00,157.94277768947669,157.95277768947668,157.95277768947668,158.07755537895338,158.21233306843007,13.477768947669233,7.238884473834162,463.1781675937452,BE_STOP,42.199999999999704,15.299999999999159,10.877768947668187,14.622231052331358,1011400,177,2,False,8
175,B,2026-01-21,Wednesday,long,2026-01-21 08:25:00+00:00,2026-01-21 11:40:00+00:00,157.90683303697188,157.91683303697187,157.91683303697187,158.02466607394376,158.14249911091565,11.783303697188785,6.391651848593938,467.8370536818083,BE_STOP,42.199999999999704,15.299999999999159,7.283303697187193,18.216696302812352,1156600,195,1,False,8
177,D,2026-01-21,Wednesday,long,2026-01-21 09:57:00+00:00,2026-01-21 12:13:00+00:00,158.03105380740058,157.8310538074006,157.8310538074006,158.23105380740057,158.4310538074006,20.0,-19.999999999998863,-864.215227039158,SL_FULL,42.199999999999704,15.299999999999159,19.90538074005883,5.794619259941669,682000,136,3,False,9
178,D,2026-01-22,Thursday,short,2026-01-22 09:12:00+00:00,2026-01-22 13:00:00+00:00,158.6896143716629,158.83275331841722,158.888,158.49122874332582,158.29284311498873,19.83856283370926,-14.31389467543056,-622.6341623272897,HARD_CLOSE,,12.5,13.838562833709034,15.361437166291125,690900,228,1,False,9
179,D,2026-01-27,Tuesday,long,2026-01-27 08:33:00+00:00,2026-01-27 09:15:00+00:00,154.8327474795243,154.6327474795243,154.6327474795243,155.0327474795243,155.2327474795243,20.0,-19.999999999998863,-858.6796921368452,SL_FULL,,14.900000000000091,20.07474795242956,4.725252047569484,663900,42,1,False,8
180,D,2026-01-27,Tuesday,short,2026-01-27 09:28:00+00:00,2026-01-27 09:52:00+00:00,154.58603456296274,154.18603456296273,154.57603456296275,154.38603456296275,154.18603456296273,20.0,29.999999999999716,1276.2179977507765,TP2_FULL,,14.900000000000091,2.796543703726684,132.90345629627325,656200,24,2,False,9
181,D,2026-01-29,Thursday,long,2026-01-29 08:36:00+00:00,2026-01-29 09:35:00+00:00,153.40874080060934,153.20874080060935,153.20874080060935,153.60874080060933,153.80874080060934,20.0,-19.999999999998863,-862.8750507912713,SL_FULL,,15.800000000001546,22.274080060932988,5.125919939067103,661000,59,1,False,8
183,C,2026-02-03,Tuesday,short,2026-02-03 08:22:00+00:00,2026-02-03 09:10:00+00:00,155.5341096162545,155.668,155.668,155.40021923250902,155.26632884876352,13.3890383745495,-13.3890383745495,-852.361245032926,SL_FULL,32.30000000000075,9.499999999999886,12.589038374548522,9.410961625451364,991000,48,2,False,8
182,D,2026-02-03,Tuesday,long,2026-02-03 08:17:00+00:00,2026-02-03 10:47:00+00:00,155.5250120554535,155.90103616636048,155.53501205545348,155.71302411090699,155.90103616636048,18.80120554534983,28.203140414209056,1277.154124165753,TP2_FULL,32.30000000000075,9.499999999999886,8.501205545348967,39.09879445465094,705700,150,1,False,8
184,A,2026-02-03,Tuesday,long,2026-02-03 09:16:00+00:00,2026-02-03 13:00:00+00:00,155.70231809653956,155.86724668158277,155.30231809653955,156.10231809653956,156.50231809653957,40.0,16.49285850432136,347.8089660135762,HARD_CLOSE,32.30000000000075,9.499999999999886,9.031809653956202,28.268190346045685,328700,224,3,False,9
185,D,2026-02-04,Wednesday,long,2026-02-04 09:32:00+00:00,2026-02-04 13:00:00+00:00,156.53581405136788,156.61824668158278,156.54581405136787,156.70662810273575,156.87744215410362,17.081405136786998,12.662334079138304,637.4895496601243,TP1_PARTIAL,,6.89999999999884,4.18140513678793,32.2185948632125,788800,208,1,False,9
187,D,2026-02-05,Thursday,short,2026-02-05 08:25:00+00:00,2026-02-05 09:19:00+00:00,157.01616696302813,157.194,157.194,156.83833392605626,156.6605008890844,17.78330369718617,-17.78330369718617,-866.2338028764108,SL_FULL,50.900000000001455,10.799999999997567,17.883303697186648,1.4166963028117152,765700,54,2,False,8
186,C,2026-02-05,Thursday,short,2026-02-05 08:03:00+00:00,2026-02-05 09:21:00+00:00,157.10056524546272,157.247,157.247,156.95413049092542,156.80769573638813,14.643475453729593,-14.643475453729593,-866.3329166600723,SL_FULL,50.900000000001455,10.799999999997567,13.843475453728615,9.856524546270862,930300,78,1,False,8
189,B,2026-02-05,Thursday,short,2026-02-05 11:27:00+00:00,2026-02-05 12:18:00+00:00,157.1590466876307,157.25,157.25,157.0680933752614,156.97714006289212,9.095331236929383,-9.095331236929383,-849.3795816490174,SL_FULL,50.900000000001455,10.799999999997567,10.495331236930383,3.7046687630692077,1468500,51,4,False,11
188,D,2026-02-05,Thursday,long,2026-02-05 09:21:00+00:00,2026-02-05 12:30:00+00:00,157.21419554815066,157.026,157.026,157.4023910963013,157.59058664445195,18.81955481506452,-18.81955481506452,-859.5636845722539,SL_FULL,50.900000000001455,10.799999999997567,22.01955481506559,12.480445184934297,717200,189,3,False,9
190,D,2026-02-10,Tuesday,short,2026-02-10 09:04:00+00:00,2026-02-10 10:45:00+00:00,155.4605622334935,155.0605622334935,155.4505622334935,155.26056223349352,155.0605622334935,20.0,30.001544878726737,1251.8762196821094,TP2_FULL,,12.20000000000141,2.1437766506494427,41.05622334934935,647300,101,1,False,9
191,D,2026-02-17,Tuesday,short,2026-02-17 08:17:00+00:00,2026-02-17 10:24:00+00:00,153.0049879445465,152.99498794454652,152.99498794454652,152.80498794454653,152.6049879445465,20.0,10.499999999998975,444.28513718743767,BE_STOP,,12.199999999998568,4.501205545349762,30.49879445465251,646600,127,1,False,8
192,D,2026-02-18,Wednesday,long,2026-02-18 08:43:00+00:00,2026-02-18 12:35:00+00:00,153.75077018635207,153.558,153.558,153.94354037270415,154.13631055905623,19.27701863520781,-19.27701863520781,-850.7557749567158,SL_FULL,,12.000000000000455,19.077018635206855,10.722981364793327,677700,232,1,False,8
193,D,2026-02-19,Thursday,short,2026-02-19 08:36:00+00:00,2026-02-19 12:55:00+00:00,154.81325919939067,154.80325919939068,154.80325919939068,154.61325919939068,154.41325919939067,20.0,10.498540930731584,442.08371297287084,BE_STOP,,15.599999999997749,16.27408006093276,26.925919939066034,651100,259,1,False,8
194,D,2026-02-24,Tuesday,long,2026-02-24 08:23:00+00:00,2026-02-24 08:35:00+00:00,156.23186983747374,156.03186983747375,156.03186983747375,156.43186983747373,156.63186983747374,20.0,-19.999999999998863,-846.7500911038982,SL_FULL,,19.700000000000273,21.58698374737469,5.013016252627267,660600,12,1,False,8
195,D,2026-02-24,Tuesday,short,2026-02-24 08:52:00+00:00,2026-02-24 12:04:00+00:00,155.91914003318803,155.90914003318804,155.90914003318804,155.71914003318804,155.51914003318802,20.0,10.499999999998977,440.0167089458492,BE_STOP,,19.700000000000273,11.185996681197707,24.114003318803157,652600,192,2,False,8
196,D,2026-02-25,Wednesday,long,2026-02-25 08:26:00+00:00,2026-02-25 09:20:00+00:00,156.14781687299583,156.54781687299584,156.15781687299582,156.34781687299582,156.54781687299584,20.0,29.999999999999716,1259.577088490845,TP2_FULL,,17.600000000001614,4.881687299584314,42.61831270041796,657000,54,1,False,8
197,D,2026-02-26,Thursday,short,2026-02-26 08:44:00+00:00,2026-02-26 13:00:00+00:00,155.9752216222489,156.0877533184172,156.1752216222489,155.77522162224892,155.5752216222489,20.0,-11.253169616830405,-480.22577828252275,HARD_CLOSE,53.600000000000136,15.199999999998681,17.67783777510772,5.722162224890326,666100,256,1,False,8
