trade_id,setup_type,date,day_of_week,direction,entry_time_utc,exit_time_utc,entry_price,exit_price,sl_price,tp1_price,tp2_price,sl_pips,risk_pct,pnl_pips,pnl_usd,exit_reason,asian_range_pips,lor_range_pips,MAE_pips,MFE_pips,position_units,trade_duration_minutes,trade_sequence_number,is_reentry,margin_used_pct,entry_hour_utc
1,D,2025-06-30,Monday,long,2025-06-30 07:43:00+00:00,2025-06-30 12:00:00+00:00,144.0337476088545,144.3250245576335,144.0437476088545,144.2337476088545,144.4337476088545,20.0,0.0075,24.56469243940101,919.5084335229047,TP1_PARTIAL,,18.900000000002137,1.9747608854487453,31.425239114551573,540100,257,1,False,23.573523358649183,7
2,A,2025-07-01,Tuesday,short,2025-07-01 07:18:00+00:00,2025-07-01 12:00:00+00:00,143.34678327804374,142.7459754423665,143.33678327804375,142.94678327804374,142.54678327804373,40.0,0.02,50.04177992042878,2534.2151091963005,TP1_PARTIAL,50.19999999999811,,3.5216721956260244,64.07832780437559,723300,282,1,False,31.13274041568764,7
4,D,2025-07-02,Wednesday,long,2025-07-02 07:32:00+00:00,2025-07-02 08:08:00+00:00,144.00160603634265,143.80160603634266,143.80160603634266,144.20160603634264,144.40160603634266,20.0,0.0075,-19.999999999998863,-776.9037014215189,SL_FULL,56.800000000001205,13.899999999998158,19.960603634265794,5.139396365734683,558600,36,2,False,23.561785647434082,7
3,A,2025-07-02,Wednesday,long,2025-07-02 07:31:00+00:00,2025-07-02 12:00:00+00:00,143.9715834007003,144.1740245576335,143.5715834007003,144.3715834007003,144.7715834007003,40.0,0.02,20.24411569331903,1045.6663745824853,HARD_CLOSE,56.800000000001205,13.899999999998158,19.158340070029567,27.641659929969364,744700,269,1,False,31.404947263538645,7
5,D,2025-07-03,Thursday,long,2025-07-03 07:51:00+00:00,2025-07-03 12:00:00+00:00,143.86370398642651,143.8560245576335,143.718,144.00940797285304,144.15511195927957,14.570398642652549,0.0075,-0.7679428793011311,-40.99794451548904,HARD_CLOSE,48.500000000001364,7.00000000000216,12.570398642651526,5.229601357348201,768000,249,1,False,32.279410853611694,7
6,D,2025-07-07,Monday,long,2025-07-07 07:43:00+00:00,2025-07-07 12:00:00+00:00,145.1697476088545,145.4840245576335,145.17974760885448,145.36974760885448,145.5697476088545,20.0,0.0075,25.713847438949244,997.8643604745781,TP1_PARTIAL,,9.600000000000364,5.774760885449837,36.225239114551755,564400,257,1,False,23.94682632196768,7
7,D,2025-07-09,Wednesday,long,2025-07-09 07:58:00+00:00,2025-07-09 08:33:00+00:00,146.88857013283499,146.698,146.698,147.07914026566996,147.26971039850494,19.05701328349778,0.0075,-19.05701328349778,-786.0638003138768,SL_FULL,45.40000000000077,10.999999999998522,18.257013283499646,0.0,605100,35,1,False,25.730023813329733,7
8,D,2025-07-10,Thursday,long,2025-07-10 07:33:00+00:00,2025-07-10 10:42:00+00:00,146.2956273120879,146.0956273120879,146.0956273120879,146.4956273120879,146.6956273120879,20.0,0.0075,-19.999999999998863,-780.1739319446617,SL_FULL,,18.10000000000116,19.66273120879123,17.037268791210636,569900,189,1,False,24.318039982047868,7
9,D,2025-07-14,Monday,long,2025-07-14 08:00:00+00:00,2025-07-14 08:08:00+00:00,147.38151903863636,147.206,147.206,147.55703807727272,147.7325571159091,17.551903863636653,0.0075,-17.551903863636653,-774.1838769248047,SL_FULL,,9.600000000000364,18.151903863636676,0.14809613636543872,649300,8,1,False,28.122931235034386,8
10,D,2025-07-16,Wednesday,long,2025-07-16 07:25:00+00:00,2025-07-16 12:00:00+00:00,148.7574250223999,148.75702455763349,148.59,148.9248500447998,149.0922750671997,16.742502239989676,0.0075,-0.040046476641464324,-1.835724565143786,HARD_CLOSE,56.89999999999884,7.999999999998408,13.14250223998954,17.257497760010665,681900,275,1,False,30.0361681164451,7
11,D,2025-07-17,Thursday,long,2025-07-17 08:19:00+00:00,2025-07-17 08:52:00+00:00,148.79195989586145,148.59195989586146,148.59195989586146,148.99195989586144,149.19195989586146,20.0,0.0075,-19.999999999998863,-768.5476393206532,SL_FULL,,14.999999999997726,19.995989586143992,0.0,571000,33,1,False,25.15756171724557,8
12,D,2025-07-24,Thursday,long,2025-07-24 07:36:00+00:00,2025-07-24 12:00:00+00:00,146.39368205573535,146.4740245576335,146.40368205573535,146.59368205573534,146.79368205573536,20.0,0.0075,14.016051933488692,533.1593218388664,TP1_PARTIAL,,18.999999999999773,8.268205573534715,26.63179442646424,557500,264,1,False,24.34972291436202,7
13,D,2025-07-28,Monday,long,2025-07-28 07:40:00+00:00,2025-07-28 11:55:00+00:00,148.08973096513014,148.09973096513014,148.09973096513014,148.28973096513013,148.48973096513015,20.0,0.0075,10.499999999998977,401.5020911336682,BE_STOP,,17.600000000001614,1.0730965130136383,35.52690348698491,567000,255,1,False,24.9207472360915,7
14,D,2025-07-29,Tuesday,long,2025-07-29 07:38:00+00:00,2025-07-29 07:58:00+00:00,148.74371017221029,148.5437101722103,148.5437101722103,148.94371017221027,149.1437101722103,20.0,0.0075,-19.999999999998863,-769.7397612287749,SL_FULL,55.60000000000116,19.300000000001205,19.171017221029274,0.8289827789724313,571700,20,1,False,25.139428486585775,7
15,D,2025-07-30,Wednesday,long,2025-07-30 07:25:00+00:00,2025-07-30 12:00:00+00:00,148.0334250223999,148.3030245576335,148.0434250223999,148.2334250223999,148.43342502239992,20.0,0.0075,23.480593013983388,894.2596998077217,TP1_PARTIAL,,16.800000000000637,17.842502239992086,32.6574977600103,564700,275,1,False,24.900024835454698,7
16,D,2025-07-31,Thursday,long,2025-07-31 07:18:00+00:00,2025-07-31 07:43:00+00:00,149.08921672195626,149.48921672195627,149.09921672195625,149.28921672195625,149.48921672195627,20.0,0.0075,30.00174307129133,1151.9014408271928,TP2_FULL,,18.099999999998317,5.921672195626115,47.178327804374476,573700,25,1,False,25.25529375375025,7
17,D,2025-08-05,Tuesday,long,2025-08-05 07:47:00+00:00,2025-08-05 12:00:00+00:00,147.4127416875484,147.6240245576335,147.42274168754838,147.61274168754838,147.8127416875484,20.0,0.0075,20.564143504255128,799.0590409692777,TP1_PARTIAL,,17.600000000001614,7.674168754837751,36.62583124516061,573600,253,1,False,24.68983038923446,7
18,D,2025-08-06,Wednesday,long,2025-08-06 07:24:00+00:00,2025-08-06 10:16:00+00:00,147.69339594866574,147.70339594866573,147.70339594866573,147.8647918973315,148.03618784599723,17.139594866574726,0.0075,9.069797433286908,414.5502286998858,BE_STOP,44.599999999999795,10.099999999999909,16.139594866572793,19.260405133425706,675800,172,1,False,28.921587576009088,7
19,D,2025-08-07,Thursday,long,2025-08-07 08:06:00+00:00,2025-08-07 10:02:00+00:00,146.98734414176812,147.38734414176812,146.9973441417681,147.1873441417681,147.38734414176812,20.0,0.0075,30.001728011058987,1178.5178836180708,TP2_FULL,,11.699999999999022,2.834414176811606,41.46558582318676,578700,116,1,False,24.55037604008976,8
20,D,2025-08-12,Tuesday,long,2025-08-12 08:31:00+00:00,2025-08-12 12:00:00+00:00,148.38475945258503,148.4330245576335,148.24,148.52951890517005,148.67427835775507,14.475945258502065,0.0075,4.826510504847192,265.3990165461252,HARD_CLOSE,31.60000000000025,6.19999999999834,3.2759452585025883,11.124054741497957,816200,209,1,False,34.567099574641766,8
21,A,2025-08-13,Wednesday,short,2025-08-13 07:14:00+00:00,2025-08-13 12:00:00+00:00,147.6208982219933,147.2919754423665,147.6108982219933,147.22089822199328,146.82089822199328,40.0,0.02,36.44613898133997,1944.4149853701485,TP1_PARTIAL,46.79999999999893,,1.1101778006718632,43.98982219932748,785600,286,1,False,33.01734245220434,7
22,D,2025-08-14,Thursday,long,2025-08-14 07:52:00+00:00,2025-08-14 12:00:00+00:00,146.52968983824485,146.4870245576335,146.32968983824486,146.72968983824484,146.92968983824485,20.0,0.0075,-4.266528061134522,-173.44317478480795,HARD_CLOSE,,16.200000000000614,10.568983824484235,14.131016175514333,595500,248,1,False,24.397089083921546,7
23,A,2025-08-18,Monday,short,2025-08-18 07:14:00+00:00,2025-08-18 11:55:00+00:00,147.13689822199328,147.53689822199328,147.53689822199328,146.73689822199327,146.33689822199327,40.0,0.02,-40.00000000000057,-2158.104201980171,SL_FULL,35.69999999999993,,41.11017780067243,1.6898221993272955,796000,281,1,False,32.799017821608636,7
24,D,2025-08-19,Tuesday,long,2025-08-19 07:49:00+00:00,2025-08-19 12:00:00+00:00,147.6907267058583,147.7040245576335,147.503,147.87845341171663,148.06618011757496,18.77267058583243,0.0075,1.329785177517806,56.332018580050956,HARD_CLOSE,54.09999999999968,11.50000000000091,9.072670585831588,13.127329414169253,625700,251,1,False,26.40551671927993,7
25,D,2025-08-20,Wednesday,long,2025-08-20 07:32:00+00:00,2025-08-20 12:00:00+00:00,147.50160603634265,147.5310245576335,147.30160603634266,147.70160603634264,147.90160603634266,20.0,0.0075,2.9418521290835997,117.03118172846912,HARD_CLOSE,,12.79999999999859,13.360603634265544,19.43939636573475,586900,268,1,False,24.72324757333729,7
26,D,2025-08-25,Monday,long,2025-08-25 07:39:00+00:00,2025-08-25 12:00:00+00:00,147.29772151152366,147.3120245576335,147.128,147.46744302304734,147.637164534571,16.972151152367587,0.0075,1.4303046109830575,67.13047431147004,HARD_CLOSE,43.00000000000068,9.100000000000819,7.572151152365336,15.227848847632686,691400,261,1,False,29.053022302353938,7
27,D,2025-08-27,Wednesday,long,2025-08-27 07:30:00+00:00,2025-08-27 12:00:00+00:00,147.85255950631722,148.1340245576335,147.8625595063172,148.02111901263444,148.18967851895167,16.855950631722294,0.0075,22.50122788167488,1062.3726347023103,TP1_PARTIAL,56.60000000000025,8.799999999999386,10.855950631722067,33.144049368277706,699200,270,1,False,29.47282759616211,7
28,D,2025-08-28,Thursday,long,2025-08-28 07:19:00+00:00,2025-08-28 07:45:00+00:00,147.40324653316034,147.226,147.226,147.58049306632068,147.75773959948103,17.724653316034278,0.0075,-17.724653316034278,-806.0162875500897,SL_FULL,49.00000000000091,10.300000000000864,17.224653316034733,0.27534668396640427,669500,26,1,False,27.85671800351455,7
29,D,2025-09-01,Monday,long,2025-09-01 07:30:00+00:00,2025-09-01 09:01:00+00:00,147.14955950631722,146.94955950631723,146.94955950631723,147.3495595063172,147.54955950631722,20.0,0.0075,-19.999999999998863,-800.1384991898437,SL_FULL,59.199999999998454,19.599999999999795,20.955950631721976,5.444049368279025,587900,91,1,False,24.604116417421736,7
30,D,2025-09-03,Wednesday,long,2025-09-03 07:17:00+00:00,2025-09-03 07:35:00+00:00,148.8301872233061,148.8401872233061,148.8401872233061,149.0301872233061,149.2301872233061,20.0,0.0075,10.498390103371287,415.71958148135286,BE_STOP,43.59999999999786,16.70000000000016,1.618722330610467,30.78127766939076,590100,18,1,False,25.167248227220224,7
31,A,2025-09-03,Wednesday,long,2025-09-03 07:21:00+00:00,2025-09-03 07:48:00+00:00,149.08930660332808,148.68930660332808,148.68930660332808,149.4893066033281,149.8893066033281,40.0,0.02,-40.00000000000057,-2120.3945811725753,SL_FULL,43.59999999999786,16.70000000000016,40.73066033280952,4.869339667192207,788200,27,2,False,33.6745666294342,7
32,D,2025-09-03,Wednesday,long,2025-09-03 07:41:00+00:00,2025-09-03 08:03:00+00:00,148.8477384884804,148.6477384884804,148.6477384884804,149.04773848848038,149.2477384884804,20.0,0.0075,-19.999999999998863,-797.1866992727679,SL_FULL,43.59999999999786,16.70000000000016,19.073848848037755,2.6261511519606984,592500,22,3,True,25.173621673486263,7
33,A,2025-09-04,Thursday,long,2025-09-04 07:23:00+00:00,2025-09-04 12:00:00+00:00,148.3693664366902,148.3380245576335,147.9693664366902,148.7693664366902,149.1693664366902,40.0,0.02,-3.134187905669705,-161.8246248128898,HARD_CLOSE,49.39999999999998,,23.136643669019463,4.6633563309796955,765900,277,1,False,33.352920862480765,7
34,D,2025-09-09,Tuesday,long,2025-09-09 07:27:00+00:00,2025-09-09 08:15:00+00:00,147.1104813560077,147.1204813560077,147.1204813560077,147.25296271201543,147.39544406802315,14.248135600772116,0.0075,7.624067800385603,413.2949309815109,BE_STOP,,6.200000000001182,24.248135600771548,22.65186439922786,798200,48,1,False,34.51867703950106,7
35,D,2025-09-11,Thursday,long,2025-09-11 07:31:00+00:00,2025-09-11 12:00:00+00:00,147.81558340070032,147.9580245576335,147.626,148.00516680140063,148.19475020210095,18.958340070031454,0.0075,14.244115693318804,582.6340844553933,HARD_CLOSE,46.999999999999886,9.799999999998477,4.5583400700309085,17.741659929967568,605200,269,1,False,26.19269531833704,7
36,D,2025-09-16,Tuesday,long,2025-09-16 08:04:00+00:00,2025-09-16 12:00:00+00:00,146.94740508979925,146.9500245576335,146.74740508979926,147.14740508979924,147.34740508979925,20.0,0.0075,0.26194678342505995,10.222963946178407,HARD_CLOSE,,19.10000000000025,7.940508979925198,16.85949102007669,573500,236,1,False,24.536825981359677,8
37,D,2025-09-17,Wednesday,long,2025-09-17 07:23:00+00:00,2025-09-17 08:43:00+00:00,146.66936643669018,146.4693664366902,146.4693664366902,146.86936643669017,147.0693664366902,20.0,0.0075,-19.999999999998863,-781.7334285356173,SL_FULL,39.19999999999959,13.000000000002387,21.236643669018918,1.263356330980514,572500,80,1,False,24.44529544804162,7
38,A,2025-09-22,Monday,short,2025-09-22 07:27:00+00:00,2025-09-22 12:00:00+00:00,147.91051864399228,147.8499754423665,148.31051864399228,147.51051864399227,147.11051864399226,40.0,0.02,6.054320162576232,312.8509551908117,HARD_CLOSE,38.09999999999718,11.299999999999955,21.948135600771934,16.85186439922859,764000,273,1,False,33.14719332916937,7
39,D,2025-09-24,Wednesday,long,2025-09-24 08:26:00+00:00,2025-09-24 11:28:00+00:00,148.13481687299583,148.44845061898747,148.14481687299582,148.29163374599165,148.44845061898747,15.681687299581881,0.0075,23.52359903868624,1163.6874635570034,TP2_FULL,59.30000000000177,8.599999999998431,2.281687299583268,32.71831270041616,734100,182,1,False,31.801931988191228,8
40,D,2025-09-30,Tuesday,long,2025-09-30 07:42:00+00:00,2025-09-30 07:43:00+00:00,148.1697440455168,148.012,148.012,148.32748809103362,148.48523213655042,15.774404551680732,0.0075,-15.774404551680734,-786.6313541871976,SL_FULL,,6.60000000000025,16.374404551680755,0.0,738100,1,1,False,31.627567880578994,7
41,D,2025-10-06,Monday,long,2025-10-06 07:39:00+00:00,2025-10-06 12:00:00+00:00,150.16872151152364,150.3640245576335,150.17872151152363,150.36872151152363,150.56872151152365,20.0,0.0075,19.76515230549296,769.751295544944,TP1_PARTIAL,,17.40000000000066,18.372151152362903,30.82784884763612,585600,261,1,False,25.623841184543522,7
42,D,2025-10-07,Tuesday,long,2025-10-07 08:40:00+00:00,2025-10-07 12:00:00+00:00,150.75275088611804,150.8900245576335,150.76275088611803,150.92750177223607,151.1022526583541,17.475088611803358,0.0075,15.601227881674616,700.7117736945878,TP1_PARTIAL,45.09999999999934,10.499999999998977,4.4750886118038125,19.924911388196165,677800,200,1,False,29.55478732773487,8
43,D,2025-10-08,Wednesday,long,2025-10-08 07:16:00+00:00,2025-10-08 09:03:00+00:00,152.49615815645078,152.88447446935234,152.50615815645077,152.69031631290156,152.88447446935234,19.415815645078283,0.0075,29.123723467617427,1183.8563345759642,TP2_FULL,59.00000000000034,12.300000000001887,14.6158156450781,39.78418435492301,621200,107,1,False,27.218009786318998,7
44,A,2025-10-13,Monday,long,2025-10-13 07:10:00+00:00,2025-10-13 12:00:00+00:00,152.19499901381087,152.1000245576335,151.79499901381087,152.59499901381088,152.99499901381088,40.0,0.02,-9.497445617736844,-506.71767747631475,HARD_CLOSE,35.20000000000039,,21.699901381086306,25.700098618912648,811500,290,1,False,35.09192614541969,7
45,D,2025-10-15,Wednesday,long,2025-10-15 07:17:00+00:00,2025-10-15 12:00:00+00:00,151.1991872233061,151.4920245576335,151.2091872233061,151.3991872233061,151.5991872233061,20.0,0.0075,24.641866716369524,979.138383363493,TP1_PARTIAL,,17.199999999999704,10.81872233060892,31.281277669390306,601800,283,1,False,25.976955703687203,7
46,D,2025-10-16,Thursday,long,2025-10-16 07:59:00+00:00,2025-10-16 08:05:00+00:00,151.32154517018296,151.12154517018297,151.12154517018297,151.52154517018295,151.72154517018296,20.0,0.0075,-19.999999999998863,-804.3856345109517,SL_FULL,,18.000000000000682,20.954517018296315,0.0,607800,6,1,False,26.01718322675442,7
47,D,2025-10-21,Tuesday,long,2025-10-21 08:27:00+00:00,2025-10-21 09:12:00+00:00,151.34180224599936,151.74180224599937,151.35180224599935,151.54180224599935,151.74180224599937,20.0,0.0075,30.001657550140607,1193.3403038388349,TP2_FULL,,14.000000000001478,0.9802245999367187,41.41977540006394,603300,45,1,False,26.02342316414368,8
48,D,2025-11-04,Tuesday,long,2025-11-04 08:32:00+00:00,2025-11-04 09:51:00+00:00,153.65675269204573,153.45675269204574,153.45675269204574,153.85675269204572,154.05675269204573,20.0,0.0075,-19.999999999998863,-807.3935999977352,SL_FULL,,13.2000000000005,22.075269204572123,10.12473079542815,619500,79,1,False,26.82982000843317,8
49,A,2025-11-06,Thursday,short,2025-11-06 08:27:00+00:00,2025-11-06 13:00:00+00:00,153.68219775400064,153.62075331841723,154.08219775400065,153.28219775400063,152.88219775400063,40.0,0.02,6.144443558341095,327.93936786924286,HARD_CLOSE,36.7999999999995,16.800000000000637,9.480224599934672,15.119775400063418,819900,273,1,False,35.78351399759471,8
50,D,2025-11-10,Monday,long,2025-11-10 08:57:00+00:00,2025-11-10 13:00:00+00:00,154.15490756830334,154.10824668158278,153.95490756830335,154.35490756830333,154.55490756830335,20.0,0.0075,-4.666088672055935,-187.32995304046997,HARD_CLOSE,,14.6000000000015,11.490756830335158,9.509243169665638,618700,243,1,False,27.00246023563237,8
51,D,2025-11-11,Tuesday,long,2025-11-11 08:19:00+00:00,2025-11-11 13:00:00+00:00,154.31495989586148,154.18524668158278,154.139,154.49091979172294,154.6668796875844,17.595989586146743,0.0075,-12.971321427869498,-591.168595150204,HARD_CLOSE,40.99999999999966,9.299999999998931,14.295989586148039,12.804010413853462,702700,281,1,False,30.75421278325076,8
52,D,2025-11-12,Wednesday,long,2025-11-12 09:12:00+00:00,2025-11-12 13:00:00+00:00,154.8003856283371,154.79524668158277,154.6003856283371,155.00038562833709,155.2003856283371,20.0,0.0075,-0.5138946754328799,-20.476742186988147,HARD_CLOSE,,12.999999999999545,9.438562833710762,10.961437166290011,616800,228,1,False,27.230311495109415,9
53,A,2025-11-13,Thursday,short,2025-11-13 08:58:00+00:00,2025-11-13 13:00:00+00:00,154.54708487977652,154.62175331841723,154.94708487977653,154.14708487977651,153.7470848797765,40.0,0.02,-7.466843864071393,-396.42107248606067,HARD_CLOSE,39.400000000000546,10.80000000000041,21.891512022347115,22.408487977651248,820900,242,1,False,36.18853329423452,8
54,D,2025-11-17,Monday,long,2025-11-17 08:32:00+00:00,2025-11-17 13:00:00+00:00,154.78875269204573,154.8352466815828,154.59799999999998,154.97950538409148,155.17025807613723,19.07526920457485,0.0075,4.649398953705486,193.41060451437326,HARD_CLOSE,39.49999999999818,11.50000000000091,13.275269204572737,8.524730795426194,644100,268,1,False,28.545406758490188,8
55,D,2025-11-18,Tuesday,long,2025-11-18 08:35:00+00:00,2025-11-18 12:58:00+00:00,155.158743786282,155.168743786282,155.168743786282,155.358743786282,155.558743786282,20.0,0.0075,10.498460042145194,416.8981797995592,BE_STOP,56.60000000000025,17.199999999999704,7.474378628199929,28.32562137180048,616900,263,1,False,27.355310461289196,8
56,D,2025-11-19,Wednesday,long,2025-11-19 08:21:00+00:00,2025-11-19 09:47:00+00:00,155.59891228691615,155.89473686074845,155.60891228691614,155.7468245738323,155.89473686074845,14.791228691615288,0.0075,22.186843037422932,1195.576551918426,TP2_FULL,36.69999999999902,5.299999999999727,4.191228691615834,34.50877130838421,839800,86,1,False,37.198791150237646,8
57,D,2025-11-24,Monday,long,2025-11-24 08:52:00+00:00,2025-11-24 09:33:00+00:00,156.88085996681198,156.680859966812,156.680859966812,157.08085996681197,157.280859966812,20.0,0.0075,-19.999999999998863,-808.2672001341938,SL_FULL,39.19999999999959,17.199999999999704,19.78599668119898,5.714003318800565,633200,41,1,False,27.96447550352974,8
58,A,2025-11-25,Tuesday,short,2025-11-25 09:01:00+00:00,2025-11-25 13:00:00+00:00,156.42456812532612,156.31175331841723,156.82456812532612,156.0245681253261,155.6245681253261,40.0,0.02,11.281480690888657,603.0050151146826,HARD_CLOSE,45.79999999999984,13.399999999998613,9.743187467387315,28.056812532611275,835500,239,1,False,37.06982370659463,9
59,D,2025-11-26,Wednesday,long,2025-11-26 08:57:00+00:00,2025-11-26 13:00:00+00:00,156.50190756830335,156.46824668158277,156.30190756830336,156.70190756830334,156.90190756830336,20.0,0.0075,-3.3660886720582535,-135.63895248674365,HARD_CLOSE,,11.999999999997613,17.590756830335863,8.809243169665137,630500,243,1,False,27.831041965387943,8
60,D,2025-11-27,Thursday,long,2025-11-27 08:21:00+00:00,2025-11-27 13:00:00+00:00,156.26691228691615,156.36624668158277,156.06691228691616,156.46691228691614,156.66691228691616,20.0,0.0075,9.933439466661298,399.3926774623752,HARD_CLOSE,58.19999999999936,13.399999999998613,12.491228691615675,13.708771308384371,628700,279,1,False,27.744944717816487,8
61,D,2025-12-01,Monday,long,2025-12-01 08:37:00+00:00,2025-12-01 09:47:00+00:00,155.48474140928298,155.284741409283,155.284741409283,155.68474140928296,155.88474140928298,20.0,0.0075,-19.999999999998863,-808.7079185005207,SL_FULL,,13.100000000000023,20.57414092829788,7.92585907170178,627900,70,1,False,27.468702582307262,8
62,D,2025-12-02,Tuesday,long,2025-12-02 08:21:00+00:00,2025-12-02 11:35:00+00:00,155.88691228691613,155.89691228691612,155.89691228691612,156.03782457383227,156.1887368607484,15.091228691613878,0.0075,8.044763528955162,426.9633336484407,BE_STOP,37.79999999999859,7.800000000000296,2.8912286916124685,19.908771308388395,828100,194,1,False,36.595326408623016,8
63,A,2025-12-04,Thursday,short,2025-12-04 08:11:00+00:00,2025-12-04 13:00:00+00:00,154.89081177782597,154.6817533184172,155.29081177782598,154.49081177782597,154.09081177782596,40.0,0.02,20.90584594087659,1123.264262831044,HARD_CLOSE,52.00000000000102,,16.718822217401907,38.18117778259875,831100,289,1,False,36.34803089148744,8
64,A,2025-12-08,Monday,long,2025-12-08 08:27:00+00:00,2025-12-08 13:00:00+00:00,155.45080224599937,155.54824668158278,155.05080224599936,155.85080224599938,156.25080224599938,40.0,0.02,9.744443558341231,527.9787593994384,HARD_CLOSE,45.69999999999936,12.79999999999859,7.780224599937924,20.91977540006269,842800,273,1,False,36.609817398816716,8
65,D,2025-12-08,Monday,long,2025-12-08 08:27:00+00:00,2025-12-08 13:00:00+00:00,155.45080224599937,155.54824668158278,155.46080224599936,155.65080224599936,155.85080224599938,20.0,0.0075,14.871410550215636,604.0604553809385,TP1_PARTIAL,45.69999999999936,12.79999999999859,7.780224599937924,20.91977540006269,632100,273,2,False,27.457363049112537,8
67,D,2025-12-09,Tuesday,long,2025-12-09 08:25:00+00:00,2025-12-09 09:14:00+00:00,156.3388330369719,156.154,156.154,156.5236660739438,156.70849911091568,18.483303697189513,0.0075,-18.483303697189513,-822.7611460427804,SL_FULL,45.599999999998886,10.200000000000387,18.083303697190445,9.516696302810601,695100,49,2,False,30.052745770305528,8
66,A,2025-12-09,Tuesday,long,2025-12-09 08:05:00+00:00,2025-12-09 13:00:00+00:00,156.28437484378267,156.34424668158277,155.88437484378267,156.68437484378268,157.08437484378268,40.0,0.02,5.987183780010241,327.88074145670714,HARD_CLOSE,45.599999999998886,10.200000000000387,30.637484378266322,14.962515621732564,856200,295,1,False,37.0050321969505,8
68,D,2025-12-10,Wednesday,long,2025-12-10 09:14:00+00:00,2025-12-10 13:00:00+00:00,156.74235538150558,156.7042466815828,156.551,156.93371076301116,157.12506614451675,19.135538150558773,0.0075,-3.8108699922787537,-162.96073883785317,HARD_CLOSE,37.999999999999545,11.600000000001387,6.935538150557363,14.76446184944109,670100,226,1,False,29.178424801254614,9
69,D,2025-12-22,Monday,long,2025-12-22 08:41:00+00:00,2025-12-22 10:04:00+00:00,157.54275634373667,157.386,157.386,157.69951268747334,157.85626903121002,15.675634373667435,0.0075,-15.675634373667435,-817.6158144525942,SL_FULL,43.300000000002115,8.400000000000318,16.075634373666503,2.824365626332792,820900,83,1,False,35.98105108292061,8
70,D,2025-12-29,Monday,long,2025-12-29 08:19:00+00:00,2025-12-29 13:00:00+00:00,156.25195989586146,156.32124668158278,156.05195989586147,156.45195989586145,156.65195989586147,20.0,0.0075,6.928678572131729,280.743987189893,HARD_CLOSE,46.000000000000796,12.899999999999068,14.19598958614472,17.204010413854576,633400,281,1,False,27.743490123864877,8
71,D,2025-12-31,Wednesday,long,2025-12-31 09:56:00+00:00,2025-12-31 13:00:00+00:00,156.64506684275543,156.58924668158278,156.5,156.79013368551085,156.93520052826628,14.506684275542625,0.0075,-5.582016117264743,-312.878160534602,HARD_CLOSE,32.20000000000027,6.399999999999295,9.306684275543375,3.093315724456147,877700,184,1,False,38.44093617976807,9
72,A,2026-01-05,Monday,short,2026-01-05 08:19:00+00:00,2026-01-05 13:00:00+00:00,156.84104010413853,156.66175331841723,157.24104010413853,156.44104010413852,156.04104010413852,40.0,0.02,17.928678572130252,969.7811942104129,HARD_CLOSE,37.60000000000048,13.700000000000045,15.99598958614763,37.304010413853916,847400,281,1,False,37.267894154054964,8
73,D,2026-01-07,Wednesday,long,2026-01-07 08:38:00+00:00,2026-01-07 09:30:00+00:00,156.5807433399752,156.431,156.431,156.73048667995036,156.88023001992553,14.97433399751742,0.0075,-14.97433399751742,-818.5431916485317,SL_FULL,51.59999999999911,7.299999999997908,14.274333997519761,0.5256660024826942,855100,52,1,False,37.21020526022467,8
74,D,2026-01-08,Thursday,long,2026-01-08 08:27:00+00:00,2026-01-08 13:00:00+00:00,156.60680224599938,156.71224668158277,156.43,156.78360449199874,156.9604067379981,17.680224599936878,0.0075,10.544443558339367,483.71461928514606,HARD_CLOSE,48.70000000000232,9.999999999999432,4.280224599938265,17.71977540006162,718900,273,1,False,31.525242143605393,8
75,D,2026-01-12,Monday,long,2026-01-12 09:53:00+00:00,2026-01-12 13:00:00+00:00,157.9021174084258,157.84424668158277,157.7021174084258,158.10211740842578,158.3021174084258,20.0,0.0075,-5.787072684302075,-235.9642532382142,HARD_CLOSE,,13.2000000000005,11.41174084257841,6.088259157419884,643600,187,1,False,28.329992260055086,9
76,D,2026-01-13,Tuesday,long,2026-01-13 08:51:00+00:00,2026-01-13 09:33:00+00:00,159.0378492945286,158.84,158.84,159.2356985890572,159.4335478835858,19.7849294528595,0.0075,-19.7849294528595,-814.4903909106539,SL_FULL,,11.7999999999995,19.18492945285948,1.2150705471412948,653900,42,1,False,29.053472817486742,8
77,A,2026-01-14,Wednesday,short,2026-01-14 08:35:00+00:00,2026-01-14 13:00:00+00:00,158.93825842487465,158.5697533184172,158.92825842487466,158.53825842487464,158.13825842487464,40.0,0.02,38.425071249853026,2073.2861347975922,TP1_PARTIAL,37.10000000000093,17.599999999998772,14.974157512534703,80.22584248746512,855500,265,1,False,38.27437762887148,8
78,D,2026-01-21,Wednesday,long,2026-01-21 09:57:00+00:00,2026-01-21 12:13:00+00:00,158.03105380740058,157.8310538074006,157.8310538074006,158.23105380740057,158.4310538074006,20.0,0.0075,-19.999999999998863,-823.9189745173908,SL_FULL,42.199999999999704,15.299999999999159,19.90538074005883,5.794619259941669,650200,136,1,False,28.376873006012833,9
79,D,2026-01-27,Tuesday,long,2026-01-27 08:33:00+00:00,2026-01-27 09:15:00+00:00,154.8327474795243,154.6327474795243,154.6327474795243,155.0327474795243,155.2327474795243,20.0,0.0075,-19.999999999998863,-817.8086599459665,SL_FULL,,14.900000000000091,20.07474795242956,4.725252047569484,632300,42,1,False,27.241718177286117,8
80,D,2026-01-29,Thursday,long,2026-01-29 08:36:00+00:00,2026-01-29 09:35:00+00:00,153.40874080060934,153.20874080060935,153.20874080060935,153.60874080060933,153.80874080060934,20.0,0.0075,-19.999999999998863,-811.5724948213818,SL_FULL,,15.800000000001546,22.274080060932988,5.125919939067103,621700,59,1,False,26.73949071108742,8
81,D,2026-02-03,Tuesday,long,2026-02-03 08:17:00+00:00,2026-02-03 10:47:00+00:00,155.5250120554535,155.90103616636048,155.53501205545348,155.71302411090699,155.90103616636048,18.80120554534983,0.0075,28.203220880424848,1204.4048330824344,TP2_FULL,32.30000000000075,9.499999999999886,8.501205545348967,39.09879445465094,665500,150,1,False,29.23773621938166,8
82,D,2026-02-04,Wednesday,long,2026-02-04 09:32:00+00:00,2026-02-04 13:00:00+00:00,156.53581405136788,156.61824668158278,156.54581405136787,156.70662810273575,156.87744215410362,17.081405136786998,0.0075,12.661741313067525,602.4673264456887,TP1_PARTIAL,,6.89999999999884,4.18140513678793,32.2185948632125,745500,208,1,False,32.5992753081791,9
83,D,2026-02-05,Thursday,long,2026-02-05 09:21:00+00:00,2026-02-05 12:30:00+00:00,157.21419554815066,157.026,157.026,157.4023910963013,157.59058664445195,18.81955481506452,0.0075,-18.81955481506452,-819.0544088631877,SL_FULL,50.900000000001455,10.799999999997567,22.01955481506559,12.480445184934297,683400,189,1,False,29.847501424261807,9
84,D,2026-02-09,Monday,long,2026-02-09 08:20:00+00:00,2026-02-09 09:00:00+00:00,156.7359354818332,156.5359354818332,156.5359354818332,156.93593548183318,157.1359354818332,20.0,0.0075,-19.999999999998863,-812.976263937567,SL_FULL,,9.999999999999432,19.293548183318876,4.606451816681556,636300,40,1,False,27.91547798721346,8
85,D,2026-02-09,Monday,long,2026-02-09 09:56:00+00:00,2026-02-09 11:38:00+00:00,156.7010668427554,156.53,156.53,156.87213368551082,157.04320052826623,17.10668427554083,0.0075,-17.10668427554083,-806.6468832668936,SL_FULL,,9.999999999999432,16.70668427554176,4.79331572445858,738100,102,2,True,32.61935204179798,9
86,D,2026-02-16,Monday,long,2026-02-16 08:24:00+00:00,2026-02-16 13:00:00+00:00,153.46285070545548,153.36224668158277,153.2628507054555,153.66285070545547,153.8628507054555,20.0,0.0075,-10.060402387270528,-402.5807575632867,HARD_CLOSE,,19.50000000000216,16.685070545548797,17.5149294544525,613700,276,1,False,26.762103652891795,8
87,D,2026-02-18,Wednesday,long,2026-02-18 08:43:00+00:00,2026-02-18 12:35:00+00:00,153.75077018635207,153.558,153.558,153.94354037270415,154.13631055905623,19.27701863520781,0.0075,-19.27701863520781,-797.7796886306519,SL_FULL,,12.000000000000455,19.077018635206855,10.722981364793327,635500,232,1,False,27.86995861411279,8
88,D,2026-02-23,Monday,long,2026-02-23 08:38:00+00:00,2026-02-23 13:00:00+00:00,154.69374333997519,154.89024668158277,154.70374333997518,154.89374333997517,155.0937433399752,20.0,0.0075,19.825167080378492,782.808109620036,TP1_PARTIAL,,19.10000000000025,6.774333997518056,35.22566600248069,611600,262,1,False,27.190503866769163,8
89,D,2026-02-24,Tuesday,long,2026-02-24 08:23:00+00:00,2026-02-24 08:35:00+00:00,156.23186983747374,156.03186983747375,156.03186983747375,156.43186983747373,156.63186983747374,20.0,0.0075,-19.999999999998863,-797.6575563032937,SL_FULL,,19.700000000000273,21.58698374737469,5.013016252627267,622300,12,1,False,27.73537916071177,8
90,D,2026-02-25,Wednesday,long,2026-02-25 08:26:00+00:00,2026-02-25 09:20:00+00:00,156.14781687299583,156.54781687299584,156.15781687299582,156.34781687299582,156.54781687299584,20.0,0.0075,30.001619957880813,1183.529453649558,TP2_FULL,,17.600000000001614,4.881687299584314,42.61831270041796,617300,54,1,False,27.705780583990908,8
