trade_id,entry_datetime,signal_datetime,confirmation_delay_candles,exit_datetime,direction,entry_price,exit_price,sl_price,tp_price,exit_reason,pips,usd,pnl_usd,confluence_score,position_size_units,position_units,partial_tp_pips,initial_sl_pips,regime_label,regime,confluence_combo,quality_label,size_mult_total,size_mult_regime,size_mult_quality,size_mult_hour,size_mult_dd,dd_tier,signal_strength_score,signal_strength_tier,entry_delay_type,mfe_pips,mae_pips,rejection_confirmed,divergence_present,inside_ir,quality_markers,sl_source,tp_source,distance_to_ir_boundary_pips,distance_to_midpoint_pips,distance_to_pivot_pips,entry_session_day,duration_minutes,equity_before,equity_after,entry_regime,entry_signal_mode,entry_session,pivot_P,pivot_R1,pivot_R2,pivot_S1,pivot_S2,bb_upper,bb_mid,bb_middle,bb_lower,sar_value,sar_direction,rsi_m5,rsi_value,atr_m15,atr_value,hour_utc,day_of_week
1,2024-11-06 20:50:00+00:00,2024-11-06 20:47:00+00:00,3,2024-11-06 22:04:00+00:00,short,154.55450000000002,154.5975,154.67450000000002,151.83466666666666,session_close,-4.2999999999977945,-139.07081291734326,-139.07081291734326,5,500000,500000,6.0,12.0,neutral,neutral,ABCDE,medium,0.75,1.0,0.75,1.0,1.0,full,6,moderate,immediate,3.300000000001546,11.799999999996658,False,False,False,,pivot,pivot,0.0,0.0,272.63333333333435,2024-11-07,74.0,100000.0,99860.92918708266,TOKYO_MEANREV,tokyo_meanrev,tokyo,151.83466666666666,152.29612266666666,152.58121066666666,151.37321066666667,151.08812266666666,154.54667799733383,154.4576,154.4576,154.3685220026662,154.49112,bullish,87.05882352941589,87.05882352941589,0.11728571428571806,0.11728571428571806,20,Wednesday
2,2024-11-06 21:05:00+00:00,2024-11-06 21:02:00+00:00,3,2024-11-06 22:04:00+00:00,short,154.6225,154.5975,154.7425,151.83466666666666,session_close,2.5000000000005684,80.85512378921291,80.85512378921291,5,500000,500000,6.0,12.0,neutral,neutral,ABCDE,medium,0.75,1.0,0.75,1.0,1.0,full,7,strong,immediate,4.099999999999682,4.999999999998295,False,False,False,,pivot,pivot,0.0,0.0,276.8333333333345,2024-11-07,59.0,99860.92918708266,99941.78431087187,TOKYO_MEANREV,tokyo_meanrev,tokyo,151.83466666666666,152.29612266666666,152.58121066666666,151.37321066666667,151.08812266666666,154.58653415895344,154.47367999999997,154.47367999999997,154.3608258410465,154.5180672,bullish,93.81443298969012,93.81443298969012,0.11228571428571651,0.11228571428571651,21,Wednesday
3,2024-11-08 20:44:00+00:00,2024-11-08 20:40:00+00:00,4,2024-11-10 22:04:00+00:00,long,152.6135,152.6845,152.6335,153.43866666666668,tp1_then_session_close,6.6071428571447655,216.3723310374365,216.3723310374365,3,500000,500000,6.1142857142855735,35.0,neutral,neutral,ABC,medium,0.75,1.0,0.75,1.0,1.0,full,2,weak,immediate,7.1000000000026375,18.399999999996908,False,False,False,,pivot,pivot,0.0,0.0,80.86666666666815,2024-11-09,2960.0,99941.78431087187,100158.1566419093,TOKYO_MEANREV,tokyo_meanrev,tokyo,153.43866666666668,154.21107066666667,154.68826266666667,152.66626266666668,152.18907066666668,152.82020301704407,152.72468,152.72468,152.62915698295595,152.6141782272,bullish,30.434782608693354,30.434782608693354,0.12228571428571147,0.12228571428571147,20,Friday
5,2024-11-20 20:48:00+00:00,2024-11-20 20:47:00+00:00,1,2024-11-20 21:21:00+00:00,short,155.48950000000002,155.4695,155.4695,154.245,tp1_then_be_stop,4.000000000000625,128.66742525742018,128.66742525742018,4,500000,500000,6.0,35.0,neutral,neutral,ABCE,medium,0.75,1.0,0.75,1.0,1.0,full,4,moderate,immediate,6.70000000000357,6.399999999996453,False,False,False,,pivot,pivot,0.0,0.0,126.99999999999818,2024-11-21,33.0,100158.1566419093,100286.82406716672,TOKYO_MEANREV,tokyo_meanrev,tokyo,154.245,154.82525800000002,155.183742,153.664742,153.306258,155.50956069782524,155.36368,155.36368,155.21779930217474,155.519218,bearish,69.02654867256666,69.02654867256666,0.09785714285714116,0.09785714285714116,20,Wednesday
4,2024-11-20 20:10:00+00:00,2024-11-20 20:09:00+00:00,1,2024-11-20 22:04:00+00:00,short,155.3965,155.4375,155.7465,154.245,session_close,-4.099999999999682,-131.8858061921892,-131.8858061921892,4,500000,500000,6.0,35.0,neutral,neutral,ABCE,medium,0.75,1.0,0.75,1.0,1.0,full,5,moderate,immediate,3.499999999999659,15.699999999998226,False,False,False,,pivot,pivot,0.0,0.0,117.09999999999923,2024-11-21,114.0,100286.82406716672,100154.93826097452,TOKYO_MEANREV,tokyo_meanrev,tokyo,154.245,154.82525800000002,155.183742,153.664742,153.306258,155.41502061908898,155.33232,155.33232,155.24961938091104,155.457,bearish,65.77380952381078,65.77380952381078,0.1090714285714256,0.1090714285714256,20,Wednesday
6,2024-12-17 17:11:00+00:00,2024-12-17 17:09:00+00:00,2,2024-12-17 20:58:00+00:00,long,153.3315,153.5035,153.35150000000002,153.98666666666665,tp1_then_trailing_stop,12.462499999999467,406.0130746121503,406.0130746121503,4,500000,500000,7.72500000000014,35.0,neutral,neutral,ABCE,medium,0.75,1.0,0.75,1.0,1.0,full,6,moderate,immediate,22.90000000000134,17.900000000000205,False,False,False,,pivot,pivot,0.0,0.0,66.46666666666476,2024-12-18,227.0,100154.93826097452,100560.95133558667,TOKYO_MEANREV,tokyo_meanrev,tokyo,153.98666666666665,154.42825866666664,154.70107466666664,153.54507466666666,153.27225866666666,153.65638907148443,153.49708,153.49708,153.3377709285156,153.255,bullish,30.19197207679221,30.19197207679221,0.1545000000000028,0.1545000000000028,17,Tuesday
7,2024-12-24 19:06:00+00:00,2024-12-24 19:05:00+00:00,1,2024-12-24 20:37:00+00:00,short,157.36950000000002,157.2755,157.3495,156.927,tp1_then_trailing_stop,7.700000000001238,244.77275852546586,244.77275852546586,4,500000,500000,6.0,35.0,neutral,neutral,ABCE,medium,0.75,1.0,0.75,1.0,1.0,full,4,moderate,immediate,14.800000000002456,2.199999999996294,False,False,False,,pivot,pivot,0.0,0.0,45.09999999999934,2024-12-25,91.0,100560.95133558667,100805.72409411213,TOKYO_MEANREV,tokyo_meanrev,tokyo,156.927,157.283788,157.504212,156.570212,156.349788,157.36526458582395,157.29268,157.29268,157.22009541417603,157.31,bullish,65.0793650793649,65.0793650793649,0.06278571428571768,0.06278571428571768,19,Tuesday
8,2024-12-27 20:00:00+00:00,2024-12-27 19:58:00+00:00,2,2024-12-27 20:48:00+00:00,short,157.9215,157.9015,157.9015,157.729,tp1_then_be_stop,4.000000000000625,126.68531204625378,126.68531204625378,3,500000,500000,6.0,35.0,neutral,neutral,ABC,medium,0.75,1.0,0.75,1.0,1.0,full,2,weak,immediate,6.200000000001182,3.099999999997749,False,False,False,,pivot,pivot,0.0,0.0,20.09999999999934,2024-12-28,48.0,100805.72409411213,100932.40940615837,TOKYO_MEANREV,tokyo_meanrev,tokyo,157.729,158.11482,158.35318,157.34318000000002,157.10482000000002,157.929428349129,157.84476,157.84476,157.760091650871,157.93291168256,bearish,67.63285024155067,67.63285024155067,0.09035714285714189,0.09035714285714189,20,Friday
9,2025-01-10 21:19:00+00:00,2025-01-10 21:16:00+00:00,3,2025-01-10 21:43:00+00:00,long,157.7235,157.7435,157.7435,158.03033333333335,tp1_then_be_stop,4.000000000000625,126.76400181950939,126.76400181950939,5,500000,500000,6.0,35.0,neutral,neutral,ABCDE,medium,0.75,1.0,0.75,1.0,1.0,full,7,strong,immediate,7.30000000000075,1.9000000000005457,False,False,False,,pivot,pivot,0.0,0.0,31.233333333335622,2025-01-11,24.0,100932.40940615837,101059.17340797788,TOKYO_MEANREV,tokyo_meanrev,tokyo,158.03033333333335,158.34586533333334,158.54080133333335,157.71480133333336,157.51986533333334,157.97146942557916,157.84456,157.84456,157.71765057442084,157.686,bullish,29.36893203883679,29.36893203883679,0.1052142857142765,0.1052142857142765,21,Friday
10,2025-01-14 17:27:00+00:00,2025-01-14 17:26:00+00:00,1,2025-01-14 18:54:00+00:00,short,158.1425,158.0375,158.1225,157.45166666666668,tp1_then_trailing_stop,9.566071428572798,302.63581014369174,302.63581014369174,4,500000,500000,8.632142857142863,35.0,neutral,neutral,ABCE,medium,0.75,1.0,0.75,1.0,1.0,full,5,moderate,immediate,15.700000000001069,6.299999999998818,False,False,False,,pivot,pivot,0.0,0.0,69.93333333333283,2025-01-15,87.0,101059.17340797788,101361.80921812158,TOKYO_MEANREV,tokyo_meanrev,tokyo,157.45166666666668,157.85429466666668,158.1030386666667,157.0490386666667,156.80029466666667,158.1560377863294,158.00320000000002,158.00320000000002,157.85036221367065,158.0524944797614,bullish,65.98837209302411,65.98837209302411,0.17264285714285726,0.17264285714285726,17,Tuesday
11,2025-01-15 18:21:00+00:00,2025-01-15 18:20:00+00:00,1,2025-01-15 18:54:00+00:00,long,156.4465,156.4665,156.4665,157.765,tp1_then_be_stop,4.707142857142799,150.37917063307793,150.37917063307793,4,500000,500000,7.4142857142855885,12.0,neutral,neutral,ABCE,medium,0.75,1.0,0.75,1.0,1.0,full,5,moderate,immediate,8.600000000001273,2.6999999999986812,False,False,False,,pivot,pivot,0.0,0.0,133.59999999999843,2025-01-16,33.0,101361.80921812158,101512.18838875466,TOKYO_MEANREV,tokyo_meanrev,tokyo,157.765,158.176796,158.43120399999998,157.35320399999998,157.098796,156.70828314469176,156.57139999999998,156.57139999999998,156.4345168553082,156.5616,bearish,32.89036544849962,32.89036544849962,0.14828571428571177,0.14828571428571177,18,Wednesday
13,2025-02-11 19:35:00+00:00,2025-02-11 19:34:00+00:00,1,2025-02-11 19:40:00+00:00,short,152.5295,152.4075,152.5095,151.924,tp1_then_trailing_stop,9.10000000000082,298.5017169065318,298.5017169065318,4,500000,500000,6.0,35.0,neutral,neutral,ABCE,medium,0.75,1.0,0.75,1.0,1.0,full,4,moderate,immediate,20.000000000001705,1.3999999999981583,False,False,False,,pivot,pivot,0.0,0.0,61.69999999999902,2025-02-12,5.0,101512.18838875466,101810.69010566118,TOKYO_MEANREV,tokyo_meanrev,tokyo,151.924,152.42212800000001,152.729872,151.425872,151.118128,152.55834248394802,152.42152,152.42152,152.28469751605195,152.50688,bullish,66.08187134503197,66.08187134503197,0.09092857142857318,0.09092857142857318,19,Tuesday
12,2025-02-11 18:30:00+00:00,2025-02-11 18:28:00+00:00,2,2025-02-11 19:43:00+00:00,short,152.4495,152.4295,152.4295,151.924,tp1_then_be_stop,4.046428571429317,132.75798917509033,132.75798917509033,3,500000,500000,6.0928571428571034,35.0,neutral,neutral,ABC,medium,0.75,1.0,0.75,1.0,1.0,full,4,moderate,immediate,14.799999999999613,11.699999999999022,False,False,False,,pivot,pivot,0.0,0.0,53.000000000000114,2025-02-12,73.0,101810.69010566118,101943.44809483628,TOKYO_MEANREV,tokyo_meanrev,tokyo,151.924,152.42212800000001,152.729872,151.425872,151.118128,152.4486781124417,152.35072,152.35072,152.25276188755828,152.458,bearish,67.08074534161386,67.08074534161386,0.12185714285714207,0.12185714285714207,18,Tuesday
14,2025-02-14 19:44:00+00:00,2025-02-14 19:42:00+00:00,2,2025-02-14 21:02:00+00:00,long,152.2085,152.2935,152.2285,153.39499999999998,tp1_then_trailing_stop,7.250000000000512,238.04340142513462,238.04340142513462,5,500000,500000,6.0,35.0,neutral,neutral,ABCDE,medium,0.75,1.0,0.75,1.0,1.0,full,6,moderate,immediate,13.800000000003365,3.7999999999982492,False,False,False,,pivot,pivot,0.0,0.0,117.4999999999983,2025-02-15,78.0,101943.44809483628,102181.49149626141,TOKYO_MEANREV,tokyo_meanrev,tokyo,153.39499999999998,154.147922,154.61307799999997,152.64207799999997,152.176922,152.39003421711564,152.31204,152.31204,152.23404578288435,152.26344,bearish,21.07623318386399,21.07623318386399,0.07349999999999568,0.07349999999999568,19,Friday
15,2025-02-14 19:59:00+00:00,2025-02-14 19:58:00+00:00,1,2025-02-14 21:02:00+00:00,long,152.2225,152.2935,152.2425,153.39499999999998,tp1_then_trailing_stop,6.550000000000011,215.05240547069144,215.05240547069144,5,500000,500000,6.0,35.0,neutral,neutral,ABCDE,medium,0.75,1.0,0.75,1.0,1.0,full,6,moderate,immediate,12.400000000002365,1.3999999999981583,False,False,False,,pivot,pivot,0.0,0.0,120.09999999999934,2025-02-15,63.0,102181.49149626141,102396.5439017321,TOKYO_MEANREV,tokyo_meanrev,tokyo,153.39499999999998,154.147922,154.61307799999997,152.64207799999997,152.176922,152.40445026480504,152.30292,152.30292,152.20138973519497,152.2454912,bearish,21.739130434784997,21.739130434784997,0.06849999999999616,0.06849999999999616,19,Friday
16,2025-02-25 20:59:00+00:00,2025-02-25 20:58:00+00:00,1,2025-02-25 21:30:00+00:00,long,148.9585,148.9785,148.9785,149.47966666666665,tp1_then_be_stop,4.000000000000625,134.22053285729788,134.22053285729788,5,500000,500000,6.0,35.0,neutral,neutral,ABCDE,medium,0.75,1.0,0.75,1.0,1.0,full,6,moderate,immediate,7.500000000001705,2.899999999996794,False,False,False,,pivot,pivot,0.0,0.0,53.36666666666474,2025-02-26,31.0,102396.5439017321,102530.76443458941,TOKYO_MEANREV,tokyo_meanrev,tokyo,149.47966666666665,149.87274466666665,150.11558866666664,149.08658866666664,148.84374466666665,149.16790891933488,149.05924,149.05924,148.9505710806651,148.9119488,bullish,16.95652173913382,16.95652173913382,0.11592857142857074,0.11592857142857074,20,Tuesday
17,2025-03-28 20:11:00+00:00,2025-03-28 20:04:00+00:00,7,2025-03-28 20:55:00+00:00,long,149.7175,149.8285,149.7375,150.75833333333333,tp1_then_trailing_stop,8.549999999999612,285.3603124654932,285.3603124654932,5,500000,500000,6.0,13.616666666666788,neutral,neutral,ABCDE,medium,0.75,1.0,0.75,1.0,1.0,full,7,strong,immediate,16.70000000000016,4.099999999999682,False,False,False,,pivot,pivot,0.0,0.0,98.1333333333339,2025-03-29,44.0,102530.76443458941,102816.1247470549,TOKYO_MEANREV,tokyo_meanrev,tokyo,150.75833333333333,151.17738733333331,151.43627933333332,150.33927933333334,150.08038733333333,150.14297540668917,149.95028,149.95028,149.7575845933108,149.711,bullish,17.589576547225008,17.589576547225008,0.11214285714285056,0.11214285714285056,20,Friday
18,2025-04-16 17:41:00+00:00,2025-04-16 17:40:00+00:00,1,2025-04-16 18:01:00+00:00,long,142.36849999999998,142.3885,142.3885,143.13133333333334,tp1_then_be_stop,4.664285714285654,163.73916960350377,163.73916960350377,4,500000,500000,7.328571428571504,31.416666666666515,neutral,neutral,ABCE,medium,0.75,1.0,0.75,1.0,1.0,full,6,moderate,immediate,7.400000000001228,6.999999999996476,False,False,False,,pivot,pivot,0.0,0.0,77.73333333333312,2025-04-17,20.0,102816.1247470549,102979.8639166584,TOKYO_MEANREV,tokyo_meanrev,tokyo,143.13133333333334,143.51218733333334,143.74747933333336,142.75047933333335,142.51518733333333,142.73047876890288,142.57544,142.57544,142.4204012310971,142.60062434849183,bearish,34.398976982096286,34.398976982096286,0.14657142857143007,0.14657142857143007,17,Wednesday
19,2025-04-30 18:24:00+00:00,2025-04-30 18:22:00+00:00,2,2025-04-30 19:21:00+00:00,short,142.91750000000002,142.7815,142.8975,142.34533333333334,tp1_then_trailing_stop,11.189285714287678,391.78058942785907,391.78058942785907,5,500000,500000,8.778571428571626,30.283333333332507,neutral,neutral,ABCDE,medium,0.75,1.0,0.75,1.0,1.0,full,6,moderate,immediate,19.400000000001683,4.79999999999734,False,False,False,,pivot,pivot,0.0,0.0,56.96666666666488,2025-05-01,57.0,102979.8639166584,103371.64450608626,TOKYO_MEANREV,tokyo_meanrev,tokyo,142.34533333333334,142.64902333333333,142.83664333333334,142.04164333333335,141.85402333333334,142.9176207869125,142.71831999999998,142.71831999999998,142.51901921308746,142.9544760604095,bearish,74.87684729064097,74.87684729064097,0.17557142857143251,0.17557142857143251,18,Wednesday
20,2025-04-30 20:14:00+00:00,2025-04-30 20:13:00+00:00,1,2025-04-30 21:55:00+00:00,short,143.0525,143.0155,143.0325,142.34533333333334,tp1_then_trailing_stop,4.850000000000421,169.5789107750952,169.5789107750952,5,500000,500000,6.0,16.783333333333417,neutral,neutral,ABCDE,medium,0.75,1.0,0.75,1.0,1.0,full,8,strong,immediate,11.000000000001364,14.699999999999136,False,False,False,,pivot,pivot,0.0,0.0,72.46666666666499,2025-05-01,101.0,103371.64450608626,103541.22341686135,TOKYO_MEANREV,tokyo_meanrev,tokyo,142.34533333333334,142.64902333333333,142.83664333333334,142.04164333333335,141.85402333333334,143.03935866943092,142.86344,142.86344,142.68752133056907,143.094,bearish,84.30851063829355,84.30851063829355,0.11607142857142858,0.11607142857142858,20,Wednesday
21,2025-05-20 18:14:00+00:00,2025-05-20 18:13:00+00:00,1,2025-05-20 22:00:00+00:00,long,144.6025,144.4845,144.2525,145.00733333333332,session_close,-11.7999999999995,-408.34830033669704,-408.34830033669704,5,500000,500000,6.0,35.0,neutral,neutral,ABCDE,medium,0.75,1.0,0.75,1.0,1.0,full,7,strong,immediate,2.000000000001023,17.799999999999727,False,False,False,,pivot,pivot,0.0,0.0,42.9333333333318,2025-05-21,226.0,103541.22341686135,103132.87511652465,TOKYO_MEANREV,tokyo_meanrev,tokyo,145.00733333333332,145.31904533333332,145.51162133333332,144.69562133333332,144.50304533333332,144.93604702497473,144.75616,144.75616,144.57627297502526,144.67821320064002,bearish,24.812030075188872,24.812030075188872,0.10985714285713957,0.10985714285713957,18,Tuesday
22,2025-05-21 17:12:00+00:00,2025-05-21 17:10:00+00:00,2,2025-05-21 19:08:00+00:00,long,143.5955,143.6155,143.6155,144.69933333333333,tp1_then_be_stop,4.510714285714812,156.9986253177546,156.9986253177546,4,500000,500000,7.021428571428499,35.0,neutral,neutral,ABCE,medium,0.75,1.0,0.75,1.0,1.0,full,5,moderate,immediate,8.00000000000125,32.09999999999695,False,False,False,,pivot,pivot,0.0,0.0,112.5333333333316,2025-05-22,116.0,103132.87511652465,103289.8737418424,TOKYO_MEANREV,tokyo_meanrev,tokyo,144.69933333333333,145.24253733333333,145.57812933333332,144.15612933333333,143.82053733333333,143.76951260594322,143.68048000000002,143.68048000000002,143.59144739405681,143.65319209764863,bearish,34.69387755102251,34.69387755102251,0.14042857142857,0.14042857142857,17,Wednesday
23,2025-05-23 17:48:00+00:00,2025-05-23 17:46:00+00:00,2,2025-05-23 18:03:00+00:00,long,142.54649999999998,142.5665,142.5665,143.76366666666664,tp1_then_be_stop,4.2660714285716494,149.58049348908548,149.58049348908548,4,500000,500000,6.532142857142784,35.0,neutral,neutral,ABCE,medium,0.75,1.0,0.75,1.0,1.0,full,6,moderate,immediate,7.00000000000216,2.7999999999963165,False,False,False,,pivot,pivot,0.0,0.0,121.56666666666354,2025-05-24,15.0,103289.8737418424,103439.45423533149,TOKYO_MEANREV,tokyo_meanrev,tokyo,143.76366666666664,144.38021466666663,144.76111866666665,143.14711866666664,142.76621466666663,142.7565831070657,142.65687999999997,142.65687999999997,142.55717689293425,142.528,bullish,30.94339622641428,30.94339622641428,0.13064285714285567,0.13064285714285567,17,Friday
24,2025-05-23 18:26:00+00:00,2025-05-23 18:24:00+00:00,2,2025-05-25 21:04:00+00:00,long,142.5195,142.5395,142.5395,143.76366666666664,tp1_then_be_stop,4.000000000000625,140.2824608014482,140.2824608014482,5,500000,500000,6.0,35.0,neutral,neutral,ABCDE,medium,0.75,1.0,0.75,1.0,1.0,full,7,strong,immediate,6.30000000000166,6.599999999997408,False,False,False,,pivot,pivot,0.0,0.0,125.96666666666465,2025-05-24,3038.0,103439.45423533149,103579.73669613294,TOKYO_MEANREV,tokyo_meanrev,tokyo,143.76366666666664,144.38021466666663,144.76111866666665,143.14711866666664,142.76621466666663,142.76216152188834,142.61787999999999,142.61787999999999,142.47359847811163,142.422,bullish,27.621483375955492,27.621483375955492,0.11892857142856883,0.11892857142856883,18,Friday
25,2025-05-30 16:44:00+00:00,2025-05-30 16:43:00+00:00,1,2025-05-30 20:58:00+00:00,long,143.9905,144.0105,144.0105,144.79599999999996,tp1_then_be_stop,5.660714285714618,196.45602243282468,196.45602243282468,3,500000,500000,9.321428571428621,35.0,neutral,neutral,ABC,medium,0.75,1.0,0.75,1.0,1.0,full,2,weak,immediate,9.800000000001319,20.39999999999793,False,False,False,,pivot,pivot,0.0,0.0,84.49999999999704,2025-05-31,254.0,103579.73669613294,103776.19271856577,TOKYO_MEANREV,tokyo_meanrev,tokyo,144.79599999999996,145.68529599999997,146.23470399999997,143.90670399999996,143.35729599999996,144.3596822988494,144.15308,144.15308,143.94647770115057,144.04044,bearish,33.39960238568432,33.39960238568432,0.18642857142857241,0.18642857142857241,16,Friday
26,2025-06-03 20:02:00+00:00,2025-06-03 20:01:00+00:00,1,2025-06-03 20:50:00+00:00,short,144.05450000000002,144.0115,144.0345,143.06866666666667,tp1_then_trailing_stop,5.150000000000432,178.81746180668952,178.81746180668952,5,500000,500000,6.0,35.0,neutral,neutral,ABCDE,medium,0.75,1.0,0.75,1.0,1.0,full,7,strong,immediate,9.500000000002728,1.799999999997226,False,False,False,,pivot,pivot,0.0,0.0,101.03333333333353,2025-06-04,48.0,103776.19271856577,103955.01018037245,TOKYO_MEANREV,tokyo_meanrev,tokyo,143.06866666666667,143.62256666666667,143.9647666666667,142.51476666666667,142.17256666666665,144.08014433174793,143.94191999999998,143.94191999999998,143.80369566825203,144.109,bearish,80.31496062992724,80.31496062992724,0.07478571428571204,0.07478571428571204,20,Tuesday
27,2025-06-06 20:54:00+00:00,2025-06-06 20:52:00+00:00,2,2025-06-08 21:04:00+00:00,short,144.8605,144.89249999999998,144.9805,143.35066666666665,session_close,-3.1999999999982265,-110.42669565361308,-110.42669565361308,4,500000,500000,6.0,12.0,neutral,neutral,ABCE,medium,0.75,1.0,0.75,1.0,1.0,full,4,moderate,immediate,0.40000000000190994,3.1999999999982265,False,False,False,,pivot,pivot,0.0,0.0,152.13333333333594,2025-06-07,2890.0,103955.01018037245,103844.58348471884,TOKYO_MEANREV,tokyo_meanrev,tokyo,143.35066666666665,143.90342066666665,144.24491266666666,142.79791266666666,142.45642066666665,144.8684768012285,144.81948,144.81948,144.7704831987715,144.8722137031072,bearish,65.86826347306143,65.86826347306143,0.06514285714285352,0.06514285714285352,20,Friday
28,2025-06-11 18:06:00+00:00,2025-06-11 18:05:00+00:00,1,2025-06-11 18:35:00+00:00,long,144.4195,144.4395,144.4395,144.86233333333334,tp1_then_be_stop,4.000000000000625,138.43752686565094,138.43752686565094,4,500000,500000,6.0,35.0,neutral,neutral,ABCE,medium,0.75,1.0,0.75,1.0,1.0,full,6,moderate,immediate,6.100000000000705,9.899999999998954,False,False,False,,pivot,pivot,0.0,0.0,45.83333333333428,2025-06-12,29.0,103844.58348471884,103983.02101158448,TOKYO_MEANREV,tokyo_meanrev,tokyo,144.86233333333334,145.20307733333334,145.41358933333336,144.52158933333334,144.31107733333332,144.66017395567897,144.54752,144.54752,144.434866044321,144.52537200098618,bearish,30.170777988614006,30.170777988614006,0.11950000000000216,0.11950000000000216,18,Wednesday
29,2025-06-17 17:11:00+00:00,2025-06-17 17:10:00+00:00,1,2025-06-17 17:36:00+00:00,short,145.2185,145.1985,145.1985,144.418,tp1_then_be_stop,4.358928571429033,150.13999197128908,150.13999197128908,4,500000,500000,6.717857142857245,35.0,neutral,neutral,ABCE,medium,0.75,1.0,0.75,1.0,1.0,full,5,moderate,immediate,8.100000000001728,6.499999999999773,False,False,False,,pivot,pivot,0.0,0.0,83.29999999999984,2025-06-18,25.0,103983.02101158448,104133.16100355577,TOKYO_MEANREV,tokyo_meanrev,tokyo,144.418,144.88709599999999,145.176904,143.94890400000003,143.659096,145.2431559019737,145.07039999999998,145.07039999999998,144.89764409802626,145.173166732272,bullish,69.15077989601613,69.15077989601613,0.1343571428571449,0.1343571428571449,17,Tuesday
30,2025-06-17 18:51:00+00:00,2025-06-17 18:48:00+00:00,3,2025-06-17 20:03:00+00:00,short,145.3245,145.2755,145.3045,144.418,tp1_then_trailing_stop,5.450000000000443,187.58246131710501,187.58246131710501,5,500000,500000,6.0,35.0,neutral,neutral,ABCDE,medium,0.75,1.0,0.75,1.0,1.0,full,6,moderate,immediate,11.199999999999477,6.399999999999295,False,False,False,,pivot,pivot,0.0,0.0,92.59999999999877,2025-06-18,72.0,104133.16100355577,104320.74346487287,TOKYO_MEANREV,tokyo_meanrev,tokyo,144.418,144.88709599999999,145.176904,143.94890400000003,143.659096,145.33284171903364,145.22019999999998,145.22019999999998,145.10755828096632,145.220112,bullish,70.49808429117903,70.49808429117903,0.11228571428571651,0.11228571428571651,18,Tuesday
31,2025-06-17 19:04:00+00:00,2025-06-17 19:03:00+00:00,1,2025-06-17 20:03:00+00:00,short,145.31050000000002,145.2755,145.2905,144.418,tp1_then_trailing_stop,4.750000000001364,163.50025810761878,163.50025810761878,5,500000,500000,6.0,35.0,neutral,neutral,ABCDE,medium,0.75,1.0,0.75,1.0,1.0,full,6,moderate,immediate,9.800000000001319,7.799999999997453,False,False,False,,pivot,pivot,0.0,0.0,92.79999999999973,2025-06-18,59.0,104320.74346487287,104484.2437229805,TOKYO_MEANREV,tokyo_meanrev,tokyo,144.418,144.88709599999999,145.176904,143.94890400000003,143.659096,145.36169736591236,145.24676000000002,145.24676000000002,145.13182263408768,145.378,bearish,71.30177514792481,71.30177514792481,0.1132857142857152,0.1132857142857152,19,Tuesday
33,2025-06-20 20:03:00+00:00,2025-06-20 20:02:00+00:00,1,2025-06-20 20:40:00+00:00,short,146.1635,146.1265,146.1435,145.32966666666667,tp1_then_trailing_stop,4.850000000000421,165.96826270209232,165.96826270209232,5,500000,500000,6.0,28.016666666667334,neutral,neutral,ABCDE,medium,0.75,1.0,0.75,1.0,1.0,full,7,strong,immediate,9.200000000001296,1.8000000000000682,False,False,False,,pivot,pivot,0.0,0.0,85.93333333333248,2025-06-21,37.0,104484.2437229805,104650.21198568259,TOKYO_MEANREV,tokyo_meanrev,tokyo,145.32966666666667,145.72465466666665,145.96867866666668,144.93467866666668,144.69065466666666,146.18159941450745,145.989,145.989,145.79640058549256,146.218,bearish,87.41007194244689,87.41007194244689,0.0688571428571448,0.0688571428571448,20,Friday
32,2025-06-20 18:56:00+00:00,2025-06-20 18:54:00+00:00,2,2025-06-22 21:04:00+00:00,short,145.96550000000002,146.31550000000001,146.31550000000001,145.32966666666667,sl,-34.99999999999943,-1196.0455317447377,-1196.0455317447377,5,500000,500000,6.0,35.0,neutral,neutral,ABCDE,medium,0.75,1.0,0.75,1.0,1.0,full,7,strong,immediate,0.0,74.59999999999809,False,False,False,,pivot,pivot,0.0,0.0,64.83333333333405,2025-06-21,3008.0,104650.21198568259,103454.16645393785,TOKYO_MEANREV,tokyo_meanrev,tokyo,145.32966666666667,145.72465466666665,145.96867866666668,144.93467866666668,144.69065466666666,145.98243259080488,145.87876,145.87876,145.77508740919512,145.996,bearish,70.06578947368172,70.06578947368172,0.06749999999999952,0.06749999999999952,18,Friday
34,2025-07-23 18:30:00+00:00,2025-07-23 18:25:00+00:00,5,2025-07-23 19:48:00+00:00,long,146.4185,146.5195,146.4385,146.95633333333333,tp1_then_trailing_stop,8.237499999999898,281.1335887632224,281.1335887632224,3,500000,500000,6.375000000000293,35.0,neutral,neutral,ABC,medium,0.75,1.0,0.75,1.0,1.0,full,4,moderate,immediate,15.600000000000591,4.999999999998295,False,False,False,,pivot,pivot,0.0,0.0,55.63333333333276,2025-07-24,78.0,103454.16645393785,103735.30004270107,TOKYO_MEANREV,tokyo_meanrev,tokyo,146.95633333333333,147.58434133333333,147.97232533333332,146.32832533333334,145.94034133333335,146.63586084136028,146.52864,146.52864,146.4214191586397,146.4605152,bearish,34.71074380165186,34.71074380165186,0.12750000000000586,0.12750000000000586,18,Wednesday
35,2025-09-02 17:58:00+00:00,2025-09-02 17:57:00+00:00,1,2025-09-02 18:48:00+00:00,short,148.3665,148.4865,148.4865,147.12,sl,-12.000000000000455,-404.07713832572165,-404.07713832572165,4,500000,500000,6.0,12.0,neutral,neutral,ABCE,medium,0.75,1.0,0.75,1.0,1.0,full,6,moderate,immediate,0.0,14.099999999999113,False,False,False,,pivot,pivot,0.0,0.0,128.0000000000001,2025-09-03,50.0,103735.30004270107,103331.22290437535,TOKYO_MEANREV,tokyo_meanrev,tokyo,147.12,147.346144,147.48585599999998,146.893856,146.75414400000003,148.40104772395307,148.2956,148.2956,148.19015227604694,148.422,bearish,68.14159292034961,68.14159292034961,0.10878571428570995,0.10878571428570995,17,Tuesday
36,2025-09-10 19:25:00+00:00,2025-09-10 19:24:00+00:00,1,2025-09-10 22:00:00+00:00,short,147.3765,147.4005,147.7265,147.07366666666667,session_close,-2.400000000000091,-81.41085003104098,-81.41085003104098,3,500000,500000,6.0,35.0,neutral,neutral,ABC,medium,0.75,1.0,0.75,1.0,1.0,full,3,weak,immediate,0.0,10.099999999999909,False,False,False,,pivot,pivot,0.0,0.0,31.833333333332803,2025-09-11,155.0,103331.22290437535,103249.81205434431,TOKYO_MEANREV,tokyo_meanrev,tokyo,147.07366666666667,147.54161666666667,147.8307166666667,146.60571666666667,146.31661666666665,147.39179590274102,147.3264,147.3264,147.261004097259,147.415,bearish,66.15969581749168,66.15969581749168,0.07078571428570715,0.07078571428570715,19,Wednesday
37,2025-09-10 19:36:00+00:00,2025-09-10 19:28:00+00:00,8,2025-09-10 22:00:00+00:00,short,147.4325,147.4005,147.7825,147.07366666666667,session_close,3.2000000000010687,108.54780004142012,108.54780004142012,3,500000,500000,6.0,35.0,neutral,neutral,ABC,medium,0.75,1.0,0.75,1.0,1.0,full,2,weak,immediate,4.700000000002547,4.4999999999987494,False,False,False,,pivot,pivot,0.0,0.0,32.433333333332826,2025-09-11,144.0,103249.81205434431,103358.35985438572,TOKYO_MEANREV,tokyo_meanrev,tokyo,147.07366666666667,147.54161666666667,147.8307166666667,146.60571666666667,146.31661666666665,147.3988515560975,147.32916,147.32916,147.2594684439025,147.41070083583998,bearish,65.9090909090838,65.9090909090838,0.07078571428570715,0.07078571428570715,19,Wednesday
38,2025-09-24 18:47:00+00:00,2025-09-24 18:45:00+00:00,2,2025-09-24 22:00:00+00:00,short,148.8205,148.8225,148.94050000000001,147.66133333333335,session_close,-0.1999999999981128,-6.719414067029946,-6.719414067029946,4,500000,500000,6.0,12.0,neutral,neutral,ABCE,medium,0.75,1.0,0.75,1.0,1.0,full,5,moderate,immediate,3.300000000001546,10.499999999998977,False,False,False,,pivot,pivot,0.0,0.0,116.26666666666665,2025-09-25,193.0,103358.35985438572,103351.64044031869,TOKYO_MEANREV,tokyo_meanrev,tokyo,147.66133333333335,147.83972733333334,147.94993933333336,147.48293933333335,147.37272733333333,148.81426107258133,148.76112,148.76112,148.70797892741868,148.77641559999998,bullish,67.60000000000446,67.60000000000446,0.053428571428568716,0.053428571428568716,18,Wednesday
39,2025-10-01 18:35:00+00:00,2025-10-01 18:33:00+00:00,2,2025-10-01 19:48:00+00:00,long,147.0435,147.0905,147.0635,148.12366666666668,tp1_then_trailing_stop,5.349999999999967,181.85181505750737,181.85181505750737,4,500000,500000,6.0,19.48333333333494,neutral,neutral,ABCE,medium,0.75,1.0,0.75,1.0,1.0,full,6,moderate,immediate,10.80000000000041,2.6999999999986812,False,False,False,,pivot,pivot,0.0,0.0,108.56666666666683,2025-10-02,73.0,103351.64044031869,103533.4922553762,TOKYO_MEANREV,tokyo_meanrev,tokyo,148.12366666666668,148.58015666666668,148.8621766666667,147.66717666666668,147.38515666666666,147.26152811800472,147.15456,147.15456,147.0475918819953,147.025,bullish,33.670033670035224,33.670033670035224,0.10364285714285058,0.10364285714285058,18,Wednesday
40,2025-10-14 19:45:00+00:00,2025-10-14 19:43:00+00:00,2,2025-10-14 19:54:00+00:00,long,151.6455,151.6655,151.6655,152.14133333333334,tp1_then_be_stop,4.000000000000625,131.8430689161935,131.8430689161935,5,500000,500000,6.0,31.216666666668402,neutral,neutral,ABCDE,medium,0.75,1.0,0.75,1.0,1.0,full,7,strong,immediate,6.900000000001683,1.4999999999986358,False,False,False,,pivot,pivot,0.0,0.0,48.833333333334394,2025-10-15,9.0,103533.4922553762,103665.33532429239,TOKYO_MEANREV,tokyo_meanrev,tokyo,152.14133333333334,152.41942933333334,152.59123733333334,151.86323733333333,151.69142933333333,151.81757454771716,151.75096,151.75096,151.68434545228283,151.606,bullish,26.43171806167456,26.43171806167456,0.09421428571428489,0.09421428571428489,19,Tuesday
41,2025-10-15 17:12:00+00:00,2025-10-15 17:11:00+00:00,1,2025-10-15 17:33:00+00:00,long,151.1225,151.2565,151.1425,151.9896666666667,tp1_then_trailing_stop,10.203571428570513,337.34262128980583,337.34262128980583,5,500000,500000,7.00714285714292,22.283333333331257,neutral,neutral,ABCDE,medium,0.75,1.0,0.75,1.0,1.0,full,6,moderate,immediate,18.39999999999975,2.5000000000005684,False,False,False,,pivot,pivot,0.0,0.0,89.76666666666802,2025-10-16,21.0,103665.33532429239,104002.6779455822,TOKYO_MEANREV,tokyo_meanrev,tokyo,151.9896666666667,152.3754866666667,152.6138466666667,151.6038466666667,151.3654866666667,151.34920370988473,151.217,151.217,151.0847962901153,151.23584,bearish,28.61538461538234,28.61538461538234,0.1401428571428584,0.1401428571428584,17,Wednesday
43,2025-10-15 20:46:00+00:00,2025-10-15 20:41:00+00:00,5,2025-10-15 21:18:00+00:00,long,151.1435,151.1635,151.1635,151.9896666666667,tp1_then_be_stop,4.000000000000625,132.28082068680916,132.28082068680916,5,500000,500000,6.0,24.383333333329915,neutral,neutral,ABCDE,medium,0.75,1.0,0.75,1.0,1.0,full,6,moderate,immediate,6.0000000000030695,9.499999999997044,False,False,False,,pivot,pivot,0.0,0.0,82.7666666666687,2025-10-16,32.0,104002.6779455822,104134.958766269,TOKYO_MEANREV,tokyo_meanrev,tokyo,151.9896666666667,152.3754866666667,152.6138466666667,151.6038466666667,151.3654866666667,151.35753162853547,151.261,151.261,151.16446837146452,151.112,bullish,28.716216216212814,28.716216216212814,0.08749999999999959,0.08749999999999959,20,Wednesday
42,2025-10-15 20:06:00+00:00,2025-10-15 20:05:00+00:00,1,2025-10-15 22:00:00+00:00,long,151.2225,151.0325,150.8996666666667,151.9896666666667,session_close,-18.999999999999773,-629.0036912584965,-629.0036912584965,5,500000,500000,6.0,32.28333333333069,neutral,neutral,ABCDE,medium,0.75,1.0,0.75,1.0,1.0,full,6,moderate,immediate,3.6000000000001364,20.79999999999984,False,False,False,,pivot,pivot,0.0,0.0,79.16666666666856,2025-10-16,114.0,104134.958766269,103505.95507501051,TOKYO_MEANREV,tokyo_meanrev,tokyo,151.9896666666667,152.3754866666667,152.6138466666667,151.6038466666667,151.3654866666667,151.3599695700912,151.28748,151.28748,151.21499042990877,151.2729552,bearish,23.106060606056616,23.106060606056616,0.08721428571428598,0.08721428571428598,20,Wednesday
44,2025-10-21 16:49:00+00:00,2025-10-21 16:48:00+00:00,1,2025-10-21 17:04:00+00:00,short,151.9105,151.8825,151.8905,150.72133333333332,tp1_then_trailing_stop,5.203571428572218,171.34217752313725,171.34217752313725,4,500000,500000,7.607142857142739,12.0,neutral,neutral,ABCE,medium,0.75,1.0,0.75,1.0,1.0,full,4,moderate,immediate,8.40000000000316,4.899999999997817,False,False,False,,pivot,pivot,0.0,0.0,120.86666666666872,2025-10-22,15.0,103505.95507501051,103677.29725253365,TOKYO_MEANREV,tokyo_meanrev,tokyo,150.72133333333332,151.07659333333334,151.2960733333333,150.3660733333333,150.14659333333333,151.936516894406,151.80888,151.80888,151.68124310559398,151.9434,bearish,66.74584323040418,66.74584323040418,0.15214285714285478,0.15214285714285478,16,Tuesday
45,2025-10-24 18:29:00+00:00,2025-10-24 18:28:00+00:00,1,2025-10-24 20:32:00+00:00,short,152.85850000000002,152.8185,152.8385,152.39833333333334,tp1_then_trailing_stop,5.000000000001137,163.60560645514084,163.60560645514084,4,500000,500000,6.0,35.0,neutral,neutral,ABCE,medium,0.75,1.0,0.75,1.0,1.0,full,5,moderate,immediate,9.300000000001774,4.499999999995907,False,False,False,,pivot,pivot,0.0,0.0,47.366666666667356,2025-10-25,123.0,103677.29725253365,103840.90285898879,TOKYO_MEANREV,tokyo_meanrev,tokyo,152.39833333333334,152.77078333333333,153.00088333333335,152.02588333333335,151.79578333333333,152.86979195696762,152.81912,152.81912,152.76844804303238,152.83999885056002,bullish,66.37168141592775,66.37168141592775,0.06407142857143404,0.06407142857143404,18,Friday
46,2025-10-28 19:13:00+00:00,2025-10-28 19:11:00+00:00,2,2025-10-28 20:43:00+00:00,long,152.0545,152.0745,152.0745,152.894,tp1_then_be_stop,4.000000000000625,131.4885506962372,131.4885506962372,5,500000,500000,6.0,12.0,neutral,neutral,ABCDE,medium,0.75,1.0,0.75,1.0,1.0,full,7,strong,immediate,7.00000000000216,11.39999999999759,False,False,False,,pivot,pivot,0.0,0.0,84.10000000000082,2025-10-29,90.0,103840.90285898879,103972.39140968502,TOKYO_MEANREV,tokyo_meanrev,tokyo,152.894,153.158344,153.32165600000002,152.629656,152.466344,152.25490377663454,152.15372,152.15372,152.05253622336545,152.034,bullish,24.496644295302048,24.496644295302048,0.11064285714285761,0.11064285714285761,19,Tuesday
47,2025-10-28 19:25:00+00:00,2025-10-28 19:22:00+00:00,3,2025-10-28 20:43:00+00:00,long,152.0065,152.0715,152.0265,152.894,tp1_then_trailing_stop,6.25,205.49868453507287,205.49868453507287,5,500000,500000,6.0,12.0,neutral,neutral,ABCDE,medium,0.75,1.0,0.75,1.0,1.0,full,5,moderate,immediate,11.800000000002342,6.599999999997408,False,False,False,,pivot,pivot,0.0,0.0,87.00000000000045,2025-10-29,78.0,103972.39140968502,104177.8900942201,TOKYO_MEANREV,tokyo_meanrev,tokyo,152.894,153.158344,153.32165600000002,152.629656,152.466344,152.26722992054874,152.14304,152.14304,152.01885007945128,152.04110005782061,bearish,25.67567567567879,25.67567567567879,0.10342857142857399,0.10342857142857399,19,Tuesday
48,2025-10-29 16:02:00+00:00,2025-10-29 16:00:00+00:00,2,2025-10-29 16:06:00+00:00,long,151.9265,152.0445,151.94650000000001,152.24533333333332,tp1_then_trailing_stop,8.899999999999862,292.7151208534905,292.7151208534905,3,500000,500000,6.0,35.0,neutral,neutral,ABC,medium,0.75,1.0,0.75,1.0,1.0,full,2,weak,immediate,17.799999999999727,1.5999999999991132,False,False,False,,pivot,pivot,0.0,0.0,29.53333333333319,2025-10-30,4.0,104177.8900942201,104470.60521507359,TOKYO_MEANREV,tokyo_meanrev,tokyo,152.24533333333332,152.67508333333333,152.9405833333333,151.8155833333333,151.55008333333333,152.144429830538,152.03616,152.03616,151.927890169462,152.0294094516655,bearish,33.63636363636503,33.63636363636503,0.1162142857142864,0.1162142857142864,16,Wednesday
49,2025-11-21 19:55:00+00:00,2025-11-21 19:53:00+00:00,2,2025-11-21 20:27:00+00:00,long,156.3175,156.3785,156.3375,157.41366666666667,tp1_then_trailing_stop,6.123214285715051,195.78155441474553,195.78155441474553,5,500000,500000,6.146428571428585,12.0,neutral,neutral,ABCDE,medium,0.75,1.0,0.75,1.0,1.0,full,6,moderate,immediate,11.700000000001864,3.099999999997749,False,False,False,,pivot,pivot,0.0,0.0,110.56666666666786,2025-11-22,32.0,104470.60521507359,104666.38676948834,TOKYO_MEANREV,tokyo_meanrev,tokyo,157.41366666666667,157.80139666666668,158.04093666666668,157.02593666666667,156.78639666666666,156.66415117471217,156.49416,156.49416,156.3241688252878,156.264,bullish,28.308207705192032,28.308207705192032,0.12292857142857169,0.12292857142857169,19,Friday
50,2025-11-25 20:04:00+00:00,2025-11-25 20:03:00+00:00,1,2025-11-25 20:55:00+00:00,long,155.8905,156.13049999999998,155.9105,156.83900000000003,tp1_then_trailing_stop,15.174999999999272,486.0867443299804,486.0867443299804,5,500000,500000,6.3499999999999694,12.0,neutral,neutral,ABCDE,medium,0.75,1.0,0.75,1.0,1.0,full,6,moderate,immediate,28.999999999999204,2.199999999999136,False,False,False,,pivot,pivot,0.0,0.0,97.90000000000134,2025-11-26,51.0,104666.38676948834,105152.47351381832,TOKYO_MEANREV,tokyo_meanrev,tokyo,156.83900000000003,157.13734200000002,157.321658,156.54065800000004,156.35634200000004,155.9650044970735,155.91116,155.91116,155.8573155029265,155.809,bullish,27.669902912633148,27.669902912633148,0.1269999999999994,0.1269999999999994,20,Tuesday
51,2025-12-05 21:45:00+00:00,2025-12-05 21:43:00+00:00,2,2025-12-07 22:04:00+00:00,short,155.3365,155.2265,155.3165,155.057,tp1_then_session_close,8.500000000000796,273.7623402356555,273.7623402356555,3,500000,500000,6.0,35.0,neutral,neutral,ABC,medium,0.75,1.0,0.75,1.0,1.0,full,4,moderate,immediate,11.000000000001364,5.19999999999925,False,False,False,,pivot,pivot,0.0,0.0,29.300000000000637,2025-12-06,2899.0,105152.47351381832,105426.23585405397,TOKYO_MEANREV,tokyo_meanrev,tokyo,155.057,155.451606,155.695394,154.66239399999998,154.41860599999998,155.33814482855607,155.30592000000001,155.30592000000001,155.27369517144396,155.353,bearish,65.33333333333309,65.33333333333309,0.041785714285718915,0.041785714285718915,21,Friday
52,2025-12-12 19:21:00+00:00,2025-12-12 19:20:00+00:00,1,2025-12-12 20:42:00+00:00,short,155.8705,155.85049999999998,155.85049999999998,155.56033333333332,tp1_then_be_stop,4.000000000000625,128.35281780695158,128.35281780695158,3,500000,500000,6.0,35.0,neutral,neutral,ABC,medium,0.75,1.0,0.75,1.0,1.0,full,2,weak,immediate,8.899999999999864,7.599999999999341,False,False,False,,pivot,pivot,0.0,0.0,31.96666666666772,2025-12-13,81.0,105426.23585405397,105554.58867186093,TOKYO_MEANREV,tokyo_meanrev,tokyo,155.56033333333332,156.0259913333333,156.31367533333332,155.09467533333333,154.80699133333331,155.87517251626483,155.79183999999998,155.79183999999998,155.70850748373513,155.834417248,bullish,69.06474820143649,69.06474820143649,0.09671428571428871,0.09671428571428871,19,Friday
53,2025-12-19 17:22:00+00:00,2025-12-19 17:20:00+00:00,2,2025-12-19 18:03:00+00:00,short,157.5465,157.4955,157.5265,155.608,tp1_then_trailing_stop,5.74285714285736,182.3264097381731,182.3264097381731,4,500000,500000,6.385714285714325,12.0,neutral,neutral,ABCE,medium,0.75,1.0,0.75,1.0,1.0,full,5,moderate,immediate,11.50000000000091,3.3999999999991815,False,False,False,,pivot,pivot,0.0,0.0,192.59999999999877,2025-12-20,41.0,105554.58867186093,105736.9150815991,TOKYO_MEANREV,tokyo_meanrev,tokyo,155.608,155.873108,156.03689200000002,155.342892,155.17910799999999,157.52042032490274,157.45724,157.45724,157.39405967509728,157.63143271935996,bearish,69.08212560386295,69.08212560386295,0.1277142857142865,0.1277142857142865,17,Friday
54,2025-12-23 19:15:00+00:00,2025-12-23 19:12:00+00:00,3,2025-12-23 21:31:00+00:00,long,156.2115,156.2315,156.2315,157.15166666666667,tp1_then_be_stop,4.000000000000625,127.99058146605796,127.99058146605796,4,500000,500000,6.0,14.883333333332871,neutral,neutral,ABCE,medium,0.75,1.0,0.75,1.0,1.0,full,4,moderate,immediate,10.099999999999909,3.8999999999987267,False,False,False,,pivot,pivot,0.0,0.0,93.46666666666579,2025-12-24,136.0,105736.9150815991,105864.90566306516,TOKYO_MEANREV,tokyo_meanrev,tokyo,157.15166666666667,157.53710466666666,157.77522866666666,156.76622866666668,156.52810466666668,156.35575970314346,156.28484,156.28484,156.21392029685654,156.221,bearish,31.939163498099433,31.939163498099433,0.080285714285718,0.080285714285718,19,Tuesday
55,2025-12-26 21:51:00+00:00,2025-12-26 21:50:00+00:00,1,2025-12-28 22:04:00+00:00,short,156.59550000000002,156.51049999999998,156.5755,155.92999999999998,tp1_then_session_close,7.250000000001933,231.59854691724513,231.59854691724513,4,500000,500000,6.0,14.249999999995566,neutral,neutral,ABCE,medium,0.75,1.0,0.75,1.0,1.0,full,5,moderate,immediate,8.500000000003638,1.799999999997226,False,False,False,,pivot,pivot,0.0,0.0,67.60000000000161,2025-12-27,2893.0,105864.90566306516,106096.5042099824,TOKYO_MEANREV,tokyo_meanrev,tokyo,155.92999999999998,156.20809599999998,156.37990399999995,155.65190399999997,155.480096,156.60149640652656,156.52788,156.52788,156.45426359347346,156.5371,bullish,69.38775510204457,69.38775510204457,0.06292857142857347,0.06292857142857347,21,Friday
56,2025-12-31 18:37:00+00:00,2025-12-31 18:35:00+00:00,2,2025-12-31 19:56:00+00:00,short,156.8925,156.7415,156.8725,156.24433333333334,tp1_then_trailing_stop,10.550000000000637,336.48584737832255,336.48584737832255,4,500000,500000,6.0,25.583333333335645,neutral,neutral,ABCE,medium,0.75,1.0,0.75,1.0,1.0,full,5,moderate,immediate,20.700000000002206,3.7999999999982492,False,False,False,,pivot,pivot,0.0,0.0,65.96666666666522,2026-01-01,79.0,106096.5042099824,106432.99005736073,TOKYO_MEANREV,tokyo_meanrev,tokyo,156.24433333333334,156.55910133333336,156.75356533333334,155.92956533333333,155.73510133333335,156.90166000047694,156.83004,156.83004,156.75841999952306,156.86082000000002,bullish,66.1538461538438,66.1538461538438,0.08642857142856997,0.08642857142856997,18,Wednesday
57,2026-01-16 20:14:00+00:00,2026-01-16 20:12:00+00:00,2,2026-01-16 21:53:00+00:00,long,158.0755,158.09550000000002,158.09550000000002,158.57500000000002,tp1_then_be_stop,4.000000000000625,126.48181501401244,126.48181501401244,5,500000,500000,6.0,23.94999999999925,neutral,neutral,ABCDE,medium,0.75,1.0,0.75,1.0,1.0,full,6,moderate,immediate,6.100000000000705,4.300000000000637,False,False,False,,pivot,pivot,0.0,0.0,49.900000000002365,2026-01-17,99.0,106432.99005736073,106559.47187237474,TOKYO_MEANREV,tokyo_meanrev,tokyo,158.57500000000002,158.826738,158.98226200000002,158.32326200000003,158.167738,158.2430252300931,158.16548,158.16548,158.0879347699069,158.11942,bearish,24.4791666666642,24.4791666666642,0.06407142857142796,0.06407142857142796,20,Friday
58,2026-01-23 16:05:00+00:00,2026-01-23 16:03:00+00:00,2,2026-01-23 16:18:00+00:00,long,158.1555,158.1755,158.1755,158.501,tp1_then_be_stop,4.000000000000625,126.41785677334576,126.41785677334576,4,500000,500000,6.0,35.0,neutral,neutral,ABCE,medium,0.75,1.0,0.75,1.0,1.0,full,5,moderate,immediate,6.400000000002137,2.7999999999991587,False,False,False,,pivot,pivot,0.0,0.0,35.80000000000041,2026-01-24,13.0,106559.47187237474,106685.88972914808,TOKYO_MEANREV,tokyo_meanrev,tokyo,158.501,158.773748,158.942252,158.228252,158.059748,158.36964584352663,158.25119999999998,158.25119999999998,158.13275415647334,158.094,bullish,30.991735537190692,30.991735537190692,0.09750000000000471,0.09750000000000471,16,Friday
59,2026-02-24 21:07:00+00:00,2026-02-24 21:03:00+00:00,4,2026-02-24 22:04:00+00:00,short,155.8705,155.8735,155.9905,154.572,session_close,-0.30000000000143245,-9.6231880339324,-9.6231880339324,4,500000,500000,6.0,12.0,neutral,neutral,ABCE,medium,0.75,1.0,0.75,1.0,1.0,full,6,moderate,immediate,0.0,6.399999999999295,False,False,False,,pivot,pivot,0.0,0.0,128.60000000000014,2026-02-25,57.0,106685.88972914808,106676.26654111415,TOKYO_MEANREV,tokyo_meanrev,tokyo,154.572,154.9731,155.2209,154.17090000000002,153.9231,155.8578545025421,155.78552,155.78552,155.71318549745789,155.892,bearish,67.6795580110464,67.6795580110464,0.07414285714285386,0.07414285714285386,21,Tuesday
60,2026-02-27 19:31:00+00:00,2026-02-27 19:30:00+00:00,1,2026-02-27 20:04:00+00:00,long,155.93349999999998,155.9625,155.9535,156.09066666666666,tp1_then_trailing_stop,4.450000000001352,142.6433861125085,142.6433861125085,3,500000,500000,6.0,35.0,neutral,neutral,ABC,medium,0.75,1.0,0.75,1.0,1.0,full,2,weak,immediate,8.40000000000316,2.2999999999967713,False,False,False,,pivot,pivot,0.0,0.0,17.666666666667652,2026-02-28,33.0,106676.26654111415,106818.90992722666,TOKYO_MEANREV,tokyo_meanrev,tokyo,156.09066666666666,156.37296466666666,156.54736866666664,155.80836866666667,155.63396466666669,156.11650622569417,156.00788,156.00788,155.89925377430583,155.8890296,bullish,30.2547770700577,30.2547770700577,0.09185714285714093,0.09185714285714093,19,Friday
