session_day,trades,wins,wr,net_usd,net_pips,pf,mr_trades,bo_trades,news_trades,weekday,month
2023-06-21,1,0,0.0,-367.2627623811404,-5.200000000002092,0.0,1,0,0,Wednesday,June
2023-06-22,1,0,0.0,-227.07113253833808,-5.700000000001637,0.0,1,0,0,Thursday,June
2023-06-26,3,1,33.33333333333333,-614.1965900866694,-8.80000000000507,0.34315555238751927,3,0,0,Monday,June
2023-06-28,2,0,0.0,-11.399316457943243,-0.4000000000047521,0.0,0,2,0,Wednesday,June
2023-06-30,3,1,33.33333333333333,-160.59891718001123,-6.6000000000059345,0.48324560619941714,2,1,0,Friday,June
2023-07-03,1,1,100.0,499.7105386079555,8.51999999999805,inf,1,0,0,Monday,July
2023-07-04,2,0,0.0,-472.3305215060311,-12.920002232611582,0.0,1,1,0,Tuesday,July
2023-07-05,4,1,25.0,-116.31897636752434,-2.5800043486778383,0.6156650640210395,4,0,0,Wednesday,July
2023-07-06,1,1,100.0,226.8961796450237,5.759993216417022,inf,1,0,0,Thursday,July
2023-07-10,3,0,0.0,-975.6874137439618,-13.900000000006685,0.0,3,0,0,Monday,July
2023-07-11,1,0,0.0,-837.0174926862957,-21.49990887278872,0.0,1,0,0,Tuesday,July
2023-07-12,2,1,50.0,-209.71710616712247,-5.400000000003047,0.22779108507323223,2,0,0,Wednesday,July
2023-07-13,2,0,0.0,-529.6452995183668,-13.700000000002888,0.0,2,0,0,Thursday,July
2023-07-14,1,0,0.0,-73.6133167907573,-1.9000000000005457,0.0,1,0,0,Friday,July
2023-07-17,3,0,0.0,-1646.2298663032284,-24.900000000005207,0.0,3,0,0,Monday,July
2023-07-18,1,0,0.0,-388.99163378754304,-10.300000000003706,0.0,1,0,0,Tuesday,July
2023-07-19,1,0,0.0,-45.16236512742849,-1.2000000000028876,0.0,1,0,0,Wednesday,July
2023-07-24,2,1,50.0,-118.5551566936042,-3.10000000000457,0.719081096820239,2,0,0,Monday,July
2023-07-26,2,0,0.0,-986.7294206177412,-26.359995937293633,0.0,2,0,0,Wednesday,July
2023-07-28,1,0,0.0,-435.35397522115534,-11.700000000001864,0.0,1,0,0,Friday,July
2023-07-31,1,0,0.0,-568.4482783123659,-8.00000000000125,0.0,1,0,0,Monday,July
2023-08-03,2,0,0.0,-494.6593366267667,-12.800000000004275,0.0,2,0,0,Thursday,August
2023-08-04,1,0,0.0,-62.176896848768166,-1.700000000002433,0.0,1,0,0,Friday,August
2023-08-07,2,0,0.0,-998.5782418799141,-14.600000000007185,0.0,2,0,0,Monday,August
2023-08-08,2,0,0.0,-490.8257896646926,-13.600000000005252,0.0,2,0,0,Tuesday,August
2023-08-09,1,1,100.0,27.024620341789273,0.7599999999973762,inf,1,0,0,Wednesday,August
2023-08-10,3,0,0.0,-544.0207522678813,-14.800000000002456,0.0,3,0,0,Thursday,August
2023-08-11,2,2,100.0,236.04260681505505,6.599999999994566,inf,2,0,0,Friday,August
2023-08-14,3,1,33.33333333333333,-193.9417117410983,-2.800000000004843,0.6574935629328971,3,0,0,Monday,August
2023-08-15,3,1,33.33333333333333,-218.6995992721162,-7.359991184610198,0.556506831897984,2,1,0,Tuesday,August
2023-08-16,2,1,50.0,-39.48877239293114,-1.1000000000052523,0.7544725542065062,2,0,0,Wednesday,August
2023-08-17,1,1,100.0,149.836636300217,4.199999999997317,inf,1,0,0,Thursday,August
2023-08-21,5,0,0.0,-866.6417067894638,-14.700000000013347,0.0,3,2,0,Monday,August
2023-08-22,2,1,50.0,-14.147304620136275,-0.4000000000047521,0.6364410767871763,2,0,0,Tuesday,August
2023-08-23,2,0,0.0,-191.542645241093,-7.600000000002183,0.0,0,2,0,Wednesday,August
2023-08-25,4,1,25.0,-101.65012636957826,-9.934850263174257,0.49871296467327725,2,2,0,Friday,August
2023-08-28,5,1,20.0,-964.8327773425654,-16.419996141286642,0.18473137109998086,5,0,0,Monday,August
2023-08-29,2,1,50.0,-270.83582026669944,-12.90000000000191,0.2760437033607783,1,1,0,Tuesday,August
2023-08-30,1,0,0.0,-585.0580012475497,-16.860000000000927,0.0,1,0,0,Wednesday,August
2023-08-31,4,3,75.0,256.56927158511314,7.917857142848561,3.090734644198723,0,4,0,Thursday,August
2023-09-01,2,1,50.0,283.5669113418206,8.209765970340285,1.987129833010974,2,0,0,Friday,September
2023-09-04,1,0,0.0,-188.69262362417996,-3.2000000000010687,0.0,1,0,0,Monday,September
2023-09-05,5,4,80.0,543.7563128577949,21.399999999988495,5.357948647352967,3,2,0,Tuesday,September
2023-09-07,3,0,0.0,-837.5873781634508,-24.10000000000707,0.0,3,0,0,Thursday,September
2023-09-08,2,0,0.0,-383.5012451019107,-11.100000000004684,0.0,2,0,0,Friday,September
2023-09-12,1,1,100.0,368.31463248319443,10.69999999999709,inf,1,0,0,Tuesday,September
2023-09-13,2,0,0.0,-245.1076873316416,-9.300000000004616,0.0,1,1,0,Wednesday,September
2023-09-14,2,0,0.0,-519.6460158880714,-15.100000000003888,0.0,2,0,0,Thursday,September
2023-09-15,3,2,66.66666666666666,163.09735714943395,7.563467901733032,5.576965761857808,3,0,0,Friday,September
2023-09-18,4,2,50.0,-363.1365880621569,-6.540003250143791,0.24030124629429464,2,2,0,Monday,September
2023-09-20,1,1,100.0,120.96252991440105,3.53999805876056,inf,1,0,0,Wednesday,September
2023-09-21,3,1,33.33333333333333,-357.3445939414263,-10.600000000005139,0.09032484897315336,3,0,0,Thursday,September
2023-09-22,1,1,100.0,394.0499168839717,23.099999999996612,inf,1,0,0,Friday,September
2023-09-25,3,3,100.0,645.8980748450804,11.463635699810755,inf,3,0,0,Monday,September
2023-09-26,1,0,0.0,-277.3677311080325,-8.03999781658909,0.0,1,0,0,Tuesday,September
2023-09-27,3,0,0.0,-260.958149391407,-7.5999992970102275,0.0,3,0,0,Wednesday,September
2023-09-28,2,1,50.0,10.684736979285521,0.29999999999290594,4.1100282376775334,0,2,0,Thursday,September
2023-09-29,1,1,100.0,234.50470744080775,6.839999374963888,inf,1,0,0,Friday,September
2023-10-02,1,1,100.0,383.95999909796717,7.320004570522026,inf,1,0,0,Monday,October
2023-10-03,3,0,0.0,-568.476753704972,-13.400000000004297,0.0,3,0,0,Tuesday,October
2023-10-04,1,0,0.0,-226.20496186797715,-6.600000000003092,0.0,1,0,0,Wednesday,October
2023-10-10,1,1,100.0,10.259234290365926,0.2999999999985903,inf,1,0,0,Tuesday,October
2023-10-12,2,0,0.0,-143.6254777584575,-4.2000000000058435,0.0,2,0,0,Thursday,October
2023-10-13,2,0,0.0,-179.38692352914683,-12.000000000003297,0.0,0,2,0,Friday,October
2023-10-16,4,2,50.0,-198.9761624621473,-4.006201208859064,0.5158217241053825,4,0,0,Monday,October
2023-10-17,1,1,100.0,165.94203946422863,4.8799999475611555,inf,1,0,0,Tuesday,October
2023-10-18,3,2,66.66666666666666,-512.0014288166508,-15.339978249184213,0.09282853345079886,1,2,0,Wednesday,October
2023-10-19,2,0,0.0,-249.15102300279224,-7.360002412187725,0.0,2,0,0,Thursday,October
2023-10-20,4,3,75.0,112.07948319886029,3.399999999993497,1968799888417.2644,4,0,0,Friday,October
2023-10-23,2,0,0.0,-340.4288718438976,-7.2000012373545825,0.0,2,0,0,Monday,October
2023-10-24,2,0,0.0,-217.1541952085479,-8.100000000007412,0.0,0,2,0,Tuesday,October
2023-10-25,1,0,0.0,-268.4737803983718,-8.00000000000125,0.0,1,0,0,Wednesday,October
2023-10-26,1,0,0.0,-33.79469705039152,-1.4000000000010004,0.0,0,1,0,Thursday,October
2023-10-27,2,2,100.0,146.14583139012706,13.09999999999718,inf,0,2,0,Friday,October
2023-10-30,4,0,0.0,-533.7033733061874,-18.400000000005434,0.0,2,2,0,Monday,October
2023-10-31,2,0,0.0,-349.2667107479884,-10.500000000004661,0.0,2,0,0,Tuesday,October
2023-11-02,2,0,0.0,-258.58906498710127,-7.800000000003139,0.0,2,0,0,Thursday,November
2023-11-03,1,0,0.0,-67.4498364210431,-2.0399966754685086,0.0,1,0,0,Friday,November
2023-11-06,1,0,0.0,-517.3493457212476,-15.679990118278477,0.0,1,0,0,Monday,November
2023-11-07,5,2,40.0,-241.38004312987445,-4.10000000001105,0.4332581035017928,2,3,0,Tuesday,November
2023-11-08,1,0,0.0,-45.81439968101924,-1.4000000000038426,0.0,1,0,0,Wednesday,November
2023-11-13,2,2,100.0,263.0383743607962,12.39999999999668,inf,0,2,0,Monday,November
2023-11-14,3,0,0.0,-372.60242538566814,-11.359978760996636,0.0,3,0,0,Tuesday,November
2023-11-16,3,0,0.0,-536.1144181845243,-14.900000000002933,0.0,0,3,0,Thursday,November
2023-11-17,2,1,50.0,-97.62378427378496,-12.339990637148153,0.29659230207417997,1,1,0,Friday,November
2023-11-23,1,0,0.0,-524.6566007300447,-16.159989905918646,0.0,1,0,0,Thursday,November
2023-11-24,2,2,100.0,699.3028945185561,21.699999999998454,inf,2,0,0,Friday,November
2023-11-27,2,2,100.0,80.2975612036699,2.0999999999958163,inf,2,0,0,Monday,November
2023-11-28,1,0,0.0,-143.10397256208222,-4.400000000001114,0.0,1,0,0,Tuesday,November
2023-11-29,3,0,0.0,-486.24519770499893,-15.000000000009095,0.0,3,0,0,Wednesday,November
2023-12-04,2,1,50.0,-174.5163803984995,-5.000000000006821,0.021983010097870317,2,0,0,Monday,December
2023-12-05,1,1,100.0,32.19457535946198,0.9999999999962483,inf,1,0,0,Tuesday,December
2023-12-06,1,1,100.0,243.09416810812718,7.544351075162873,inf,1,0,0,Wednesday,December
2023-12-07,2,0,0.0,-184.12768087909603,-5.7000000000073205,0.0,2,0,0,Thursday,December
2023-12-08,1,0,0.0,-51.571896107576435,-1.6000000000019554,0.0,1,0,0,Friday,December
2023-12-11,3,0,0.0,-536.6679986993504,-16.700000000005844,0.0,3,0,0,Monday,December
2023-12-12,1,0,0.0,-102.40193219481812,-3.2000000000010687,0.0,1,0,0,Tuesday,December
2023-12-18,3,2,66.66666666666666,120.01922745948634,3.799999999995407,1.3546192022066659,3,0,0,Monday,December
2023-12-19,1,0,0.0,-236.92739093197974,-7.400000000001228,0.0,1,0,0,Tuesday,December
2023-12-20,1,0,0.0,-159.47395088638632,-5.000000000001137,0.0,1,0,0,Wednesday,December
2023-12-22,1,1,100.0,6.368313539801567,0.1999999999981128,inf,1,0,0,Friday,December
2023-12-27,3,0,0.0,-404.13881310774764,-12.700000000006638,0.0,3,0,0,Wednesday,December
2023-12-28,3,0,0.0,-446.8092812707604,-12.200000000007094,0.0,3,0,0,Thursday,December
2024-01-03,3,3,100.0,721.9739325054591,22.865688953229448,inf,3,0,0,Wednesday,January
2024-01-04,1,0,0.0,-220.1221326028378,-6.920003342834661,0.0,1,0,0,Thursday,January
2024-01-09,1,1,100.0,107.77138331570796,3.3999999999991815,inf,1,0,0,Tuesday,January
2024-01-10,1,1,100.0,151.11146040264816,4.757647058821135,inf,1,0,0,Wednesday,January
2024-01-11,1,0,0.0,-662.0992071261288,-20.78000000000145,0.0,1,0,0,Thursday,January
2024-01-12,1,0,0.0,-69.40654160536772,-2.2000000000048203,0.0,1,0,0,Friday,January
2024-01-17,2,2,100.0,473.13825497881805,14.999999999997726,inf,2,0,0,Wednesday,January
2024-01-18,2,2,100.0,786.9600605100748,24.79999999999336,inf,2,0,0,Thursday,January
2024-01-24,2,1,50.0,-347.04721892482655,-10.801416605055566,0.236539969102404,2,0,0,Wednesday,January
2024-01-25,1,0,0.0,-149.7936654096697,-4.700000000002547,0.0,1,0,0,Thursday,January
2024-01-29,3,2,66.66666666666666,519.0596824682077,10.591678895318507,3.8571204486487964,2,1,0,Monday,January
2024-01-30,2,1,50.0,166.14334688913755,5.199999999996407,2.994764674284781,2,0,0,Tuesday,January
2024-01-31,2,1,50.0,425.7084139560257,13.299999999998136,5.736206484213767,2,0,0,Wednesday,January
2024-02-01,1,0,0.0,-177.39427137535083,-5.500000000003524,0.0,1,0,0,Thursday,February
2024-02-05,2,2,100.0,278.8438056584107,8.656081031571919,inf,2,0,0,Monday,February
2024-02-06,3,1,33.33333333333333,-20.66397710944602,-0.6000000000028649,0.8266217704772246,0,3,0,Tuesday,February
2024-02-07,3,1,33.33333333333333,-190.7782211649918,-5.900000000005434,0.3845713617756921,3,0,0,Wednesday,February
2024-02-08,1,1,100.0,321.2199104805003,12.771428571429055,inf,0,1,0,Thursday,February
2024-02-09,1,0,0.0,-155.2305076122719,-4.800000000003024,0.0,1,0,0,Friday,February
2024-02-12,3,2,66.66666666666666,-99.08882829165447,-2.600000000003888,0.24575973185898933,2,1,0,Monday,February
2024-02-13,3,2,66.66666666666666,-64.5223112475052,-2.0000000000038654,0.3749175418257707,3,0,0,Tuesday,February
2024-02-14,1,0,0.0,-37.495854812139385,-1.8000000000000682,0.0,0,1,0,Wednesday,February
2024-02-15,1,0,0.0,-301.53404200132275,-7.100000000002637,0.0,1,0,0,Thursday,February
2024-02-19,3,0,0.0,-835.9071983131148,-26.100000000008095,0.0,3,0,0,Monday,February
2024-02-20,5,1,20.0,-350.4895166906164,-10.300000000006548,0.21639381627142998,3,2,0,Tuesday,February
2024-02-21,2,0,0.0,-271.62003644733613,-8.600000281395529,0.0,2,0,0,Wednesday,February
2024-02-22,4,2,50.0,-150.84123289042955,-3.8000000000067757,0.19875058246344848,2,2,0,Thursday,February
2024-02-23,2,1,50.0,-14.743222294625689,0.3800008879546046,0.5403459876333078,1,1,0,Friday,February
2024-02-26,1,0,0.0,-147.80241774617684,-4.700000000002547,0.0,1,0,0,Monday,February
2024-02-27,2,0,0.0,-631.2490185269228,-23.900000000006116,0.0,0,2,0,Tuesday,February
2024-02-28,3,1,33.33333333333333,51.720298324035696,-0.2800015085399643,1.4539501219017168,1,2,0,Wednesday,February
2024-02-29,2,2,100.0,528.1174195606633,19.999999999998863,inf,0,2,0,Thursday,February
2024-03-04,2,2,100.0,478.1019682162565,15.254781293236576,inf,2,0,0,Monday,March
2024-03-06,2,2,100.0,198.71341552909817,6.299999999998818,inf,2,0,0,Wednesday,March
2024-03-07,3,0,0.0,-674.5259800813697,-20.30000000000598,0.0,3,0,0,Thursday,March
2024-03-08,3,1,33.33333333333333,-158.99742512195127,-5.029757169275502,0.5975490897130955,3,0,0,Friday,March
2024-03-11,1,1,100.0,40.85968783179296,0.5999999999971806,inf,1,0,0,Monday,March
2024-03-12,2,1,50.0,376.4047492711209,12.059994680488337,4.53486214209277,2,0,0,Tuesday,March
2024-03-13,2,0,0.0,-150.36337683032923,-4.78000094812259,0.0,2,0,0,Wednesday,March
2024-03-15,2,0,0.0,-325.94395874989374,-9.300000000004616,0.0,2,0,0,Friday,March
2024-03-18,2,1,50.0,1013.9073028848725,13.719999999997867,6.415606982850709,2,0,0,Monday,March
2024-03-19,4,1,25.0,-1209.882398489063,-19.500000000007844,0.03536185389317293,4,0,0,Tuesday,March
2024-03-20,3,2,66.66666666666666,61.90153580711389,1.9999999999924967,1.320205425223051,3,0,0,Wednesday,March
2024-03-21,2,1,50.0,-86.60623913464549,-2.9000000000024784,0.2888369732063015,2,0,0,Thursday,March
2024-03-25,4,2,50.0,651.9445828642225,14.960068246502852,10.433036141752574,4,0,0,Monday,March
2024-03-27,4,0,0.0,-885.054111593962,-23.900000000006116,0.0,4,0,0,Wednesday,March
2024-03-28,3,0,0.0,-878.9889935405554,-39.58000000000254,0.0,1,2,0,Thursday,March
2024-03-29,3,2,66.66666666666666,587.857031662333,16.440005301623273,4.1031346496018015,3,0,0,Friday,March
2024-04-01,4,2,50.0,-61.87440494109749,-0.9200000000066662,0.7535167948221364,4,0,0,Monday,April
2024-04-02,5,0,0.0,-776.1409019831108,-24.400000000008504,0.0,5,0,0,Tuesday,April
2024-04-03,3,1,33.33333333333333,132.53852684259385,2.75999667676213,2.109062998430542,3,0,0,Wednesday,April
2024-04-04,1,1,100.0,70.57939067735838,2.2999999999967713,inf,1,0,0,Thursday,April
2024-04-05,2,0,0.0,-227.4249613673617,-7.40000000000407,0.0,2,0,0,Friday,April
2024-04-08,2,0,0.0,-876.3467720847625,-13.30000000000382,0.0,2,0,0,Monday,April
2024-04-09,5,1,20.0,-540.9075115046458,-15.900000000007708,0.03235326633062379,5,0,0,Tuesday,April
2024-04-15,3,1,33.33333333333333,-950.9907418089409,-14.500000000006708,0.013831725408734185,2,1,0,Monday,April
2024-04-16,1,0,0.0,-106.82785164459503,-3.6000000000029786,0.0,1,0,0,Tuesday,April
2024-04-17,2,1,50.0,-239.0758211363853,-8.039990662203904,0.25687885168932745,2,0,0,Wednesday,April
2024-04-18,4,1,25.0,-245.0650147494031,-8.299990133665009,0.05694570479142491,4,0,0,Thursday,April
2024-04-19,3,2,66.66666666666666,200.0195783149695,11.962865111324756,1.8294845919066596,1,2,0,Friday,April
2024-04-22,4,0,0.0,-733.512185498857,-11.700000000010391,0.0,4,0,0,Monday,April
2024-04-23,1,0,0.0,-178.38519571485264,-6.100001031452429,0.0,1,0,0,Tuesday,April
2024-04-24,3,0,0.0,-251.91751354265685,-8.400000000008845,0.0,1,2,0,Wednesday,April
2024-04-25,5,0,0.0,-1148.1837783110138,-37.40000000000521,0.0,5,0,0,Thursday,April
2024-04-26,4,2,50.0,-417.08057631923555,-11.100000000010368,0.13109274208320054,4,0,0,Friday,April
2024-04-29,1,0,0.0,-446.37446363929575,-15.679973074639015,0.0,1,0,0,Monday,April
2024-05-01,3,0,0.0,-366.6519183825668,-13.00000000000523,0.0,3,0,0,Wednesday,May
2024-05-03,1,0,0.0,-154.65009900086216,-5.500000000000682,0.0,1,0,0,Friday,May
2024-05-06,3,1,33.33333333333333,1050.0448984457084,16.09999999999161,4.751638053455211,3,0,0,Monday,May
2024-05-07,3,2,66.66666666666666,71.37351163016075,0.9999999999934062,1.3800569443554398,3,0,0,Tuesday,May
2024-05-10,1,1,100.0,1.141358469848642,0.039999142593096775,inf,1,0,0,Friday,May
2024-05-13,4,1,25.0,-464.74702659970717,-18.80000000001303,0.31941448242025927,2,2,0,Monday,May
2024-05-14,4,1,25.0,-192.8373012999023,-8.136472977241706,0.3672478999567018,2,2,0,Tuesday,May
2024-05-15,3,2,66.66666666666666,-67.2298752600844,-2.5000000000062528,0.5152308656027167,0,3,0,Wednesday,May
2024-05-16,2,1,50.0,19.647509630966297,0.699999999997658,1.3162194401096061,2,0,0,Thursday,May
2024-05-17,1,0,0.0,-73.34203588204652,-2.6000000000038876,0.0,1,0,0,Friday,May
2024-05-20,3,0,0.0,-424.1302598772352,-14.600000000004343,0.0,1,2,0,Monday,May
2024-05-21,5,1,20.0,-1066.2220933796389,-36.13992893016204,0.02547661307306943,5,0,0,Tuesday,May
2024-05-22,2,2,100.0,311.8535647566041,11.29999999999427,inf,2,0,0,Wednesday,May
2024-05-23,3,0,0.0,-569.536859834892,-20.600000000007412,0.0,3,0,0,Thursday,May
2024-05-24,1,1,100.0,135.43176221133064,4.925643139579737,inf,1,0,0,Friday,May
2024-05-27,2,1,50.0,-32.02363697276908,-5.800000000004957,0.8104392415132678,1,1,0,Monday,May
2024-05-28,4,1,25.0,-728.1615355557717,-37.73999996907173,0.08241235846540897,2,2,0,Tuesday,May
2024-05-29,2,0,0.0,-429.41376750948587,-15.800000000004388,0.0,2,0,0,Wednesday,May
2024-05-30,1,0,0.0,-95.3407814880143,-3.5199888629252607,0.0,1,0,0,Thursday,May
2024-06-07,1,0,0.0,-242.53976428428865,-8.980000000003088,0.0,1,0,0,Friday,June
2024-06-11,3,0,0.0,-570.267708827487,-20.100000000005025,0.0,3,0,0,Tuesday,June
2024-06-13,3,1,33.33333333333333,-145.63443509851297,-5.419937495225628,0.58102014235102,3,0,0,Thursday,June
2024-06-14,2,0,0.0,-206.7787415897621,-11.200000000008004,0.0,0,2,0,Friday,June
2024-06-17,3,0,0.0,-374.56681971094355,-11.819999480720313,0.0,3,0,0,Monday,June
2024-06-18,1,0,0.0,-203.24921131656987,-7.70000000000266,0.0,1,0,0,Tuesday,June
2024-06-19,1,1,100.0,76.89087821675916,2.920000673589774,inf,1,0,0,Wednesday,June
2024-06-20,4,2,50.0,11.695251234059981,1.5999999999905867,1.0507882524219478,4,0,0,Thursday,June
2024-06-21,1,0,0.0,-139.67742706394458,-5.30000000000257,0.0,1,0,0,Friday,June
2024-06-24,5,3,60.0,445.6887933072556,4.5999999999907,1.9682557194703068,3,2,0,Monday,June
2024-06-25,1,0,0.0,-344.63930590745906,-12.999994795390723,0.0,1,0,0,Tuesday,June
2024-06-26,3,0,0.0,-341.68032360101773,-12.900000000007594,0.0,3,0,0,Wednesday,June
2024-06-27,2,0,0.0,-285.56843024132604,-10.879990780173578,0.0,2,0,0,Thursday,June
2024-07-01,2,0,0.0,-670.5277495183351,-10.800000000003251,0.0,2,0,0,Monday,July
2024-07-02,3,0,0.0,-242.4468101098685,-9.400000000005093,0.0,3,0,0,Tuesday,July
2024-07-03,4,4,100.0,385.6938467966705,21.4999999999975,inf,0,4,0,Wednesday,July
2024-07-05,1,0,0.0,-85.44058289708174,-3.300000000004388,0.0,1,0,0,Friday,July
2024-07-08,1,0,0.0,-498.6225551913621,-8.00000000000125,0.0,1,0,0,Monday,July
2024-07-09,3,0,0.0,-419.22724105574366,-24.000000000006594,0.0,0,3,0,Tuesday,July
2024-07-10,2,0,0.0,-186.31473481772736,-11.100000000001842,0.0,0,2,0,Wednesday,July
2024-07-11,1,1,100.0,20.32110963829195,0.8000077950255561,inf,1,0,0,Thursday,July
2024-07-12,1,0,0.0,-61.0125425867531,-2.400000000000091,0.0,1,0,0,Friday,July
2024-07-16,1,0,0.0,-319.70549320144266,-12.60000000000332,0.0,1,0,0,Tuesday,July
2024-07-17,1,0,0.0,-53.05109746945451,-2.1000000000015007,0.0,1,0,0,Wednesday,July
2024-07-18,3,1,33.33333333333333,-305.6983640711055,-12.091677197189714,0.25201188477335684,3,0,0,Thursday,July
2024-07-22,4,1,25.0,-275.02071287710345,-2.4899971325775265,0.4752861493099336,3,1,0,Monday,July
2024-07-24,1,1,100.0,125.83426724778272,5.0292666794468985,inf,1,0,0,Wednesday,July
2024-07-25,2,0,0.0,-791.416719332821,-31.600000000003092,0.0,2,0,0,Thursday,July
2024-07-26,1,1,100.0,66.82606097605236,2.6999999999986812,inf,1,0,0,Friday,July
2024-07-29,1,0,0.0,-298.1398664853243,-4.600000000002069,0.0,1,0,0,Monday,July
2024-07-31,1,0,0.0,-36.98391130544595,-1.5000000000014782,0.0,1,0,0,Wednesday,July
2024-08-01,1,1,100.0,9.855220429942689,0.3999999999962256,inf,1,0,0,Thursday,August
2024-08-05,3,1,33.33333333333333,-549.5002141938486,-8.000000000004093,0.49982291834455206,3,0,0,Monday,August
2024-08-06,1,1,100.0,162.39441730633408,6.646249999998873,inf,1,0,0,Tuesday,August
2024-08-07,2,0,0.0,-210.40563473115998,-8.600000000001273,0.0,2,0,0,Wednesday,August
2024-08-09,1,0,0.0,-136.6084528424931,-5.60000000000116,0.0,1,0,0,Friday,August
2024-08-14,1,0,0.0,-147.49133508309836,-6.0599984547084755,0.0,1,0,0,Wednesday,August
2024-08-16,1,0,0.0,-790.4502483550052,-32.44000000000085,0.0,1,0,0,Friday,August
2024-08-20,1,1,100.0,67.11399147725257,2.7999999999991587,inf,1,0,0,Tuesday,August
2024-08-21,1,0,0.0,-758.9520364553244,-31.719976001247186,0.0,1,0,0,Wednesday,August
2024-08-27,2,0,0.0,-272.1424440434654,-11.500000000003752,0.0,2,0,0,Tuesday,August
2024-08-29,1,1,100.0,240.36704268577586,10.18292376763902,inf,1,0,0,Thursday,August
2024-08-30,1,0,0.0,-104.24298781332952,-4.400000000001114,0.0,1,0,0,Friday,August
2024-09-03,2,0,0.0,-419.15238408058065,-17.739989110616545,0.0,2,0,0,Tuesday,September
2024-09-04,1,1,100.0,7.042354303643957,0.2999999999985903,inf,1,0,0,Wednesday,September
2024-09-05,1,0,0.0,-49.31074869036777,-2.1000000000015007,0.0,1,0,0,Thursday,September
2024-09-06,1,1,100.0,107.87270595779557,4.599999999996385,inf,1,0,0,Friday,September
2024-09-09,3,1,33.33333333333333,-596.1615711559864,-8.500000000003638,0.08598115853395938,3,0,0,Monday,September
2024-09-11,3,0,0.0,-427.5428360935206,-18.400000000005434,0.0,3,0,0,Wednesday,September
2024-09-12,3,1,33.33333333333333,-366.63334634755427,-14.570967741942695,0.10807254627302086,3,0,0,Thursday,September
2024-09-13,3,0,0.0,-357.63252666203306,-14.40000000000623,0.0,3,0,0,Friday,September
2024-09-16,2,0,0.0,-633.2993341005913,-12.70000000000664,0.0,2,0,0,Monday,September
2024-09-18,1,0,0.0,-112.35746441147828,-4.9799949124858385,0.0,1,0,0,Wednesday,September
2024-09-19,3,0,0.0,-498.16176730794894,-22.200000000006526,0.0,3,0,0,Thursday,September
2024-09-23,2,0,0.0,-189.40771415579422,-5.600000000006844,0.0,2,0,0,Monday,September
2024-09-27,1,1,100.0,88.27516473525277,3.299999999998704,inf,1,0,0,Friday,September
2024-09-30,1,1,100.0,111.3331092059673,1.5999999999991132,inf,1,0,0,Monday,September
2024-10-01,3,0,0.0,-398.4786286017261,-17.90000000000873,0.0,3,0,0,Tuesday,October
2024-10-03,1,0,0.0,-55.363670399250196,-2.5000000000005684,0.0,1,0,0,Thursday,October
2024-10-07,3,1,33.33333333333333,-611.3603323302965,-14.666666666676065,0.010892974057436031,3,0,0,Monday,October
2024-10-08,1,1,100.0,6.564631647259514,0.2999999999985903,inf,1,0,0,Tuesday,October
2024-10-09,1,0,0.0,-190.51583993667586,-8.699996503018818,0.0,1,0,0,Wednesday,October
2024-10-10,2,0,0.0,-765.738109094096,-35.179944491080235,0.0,2,0,0,Thursday,October
2024-10-15,2,1,50.0,-130.21583742197387,-10.720000000005712,0.2556222887951369,1,1,0,Tuesday,October
2024-10-17,2,1,50.0,-65.22156370439353,-2.5399847419036155,0.24803799771195406,1,1,0,Thursday,October
2024-10-18,2,0,0.0,-536.5804120693738,-25.07998844476085,0.0,2,0,0,Friday,October
2024-10-21,3,1,33.33333333333333,-957.3533015574859,-14.933333333340215,0.09321798987779169,3,0,0,Monday,October
2024-10-23,3,0,0.0,-450.7649714197556,-19.800000000006435,0.0,3,0,0,Wednesday,October
2024-10-28,1,0,0.0,-119.704945843708,-5.800000000002115,0.0,1,0,0,Monday,October
2024-10-29,1,1,100.0,171.2885346811802,8.319998647062251,inf,1,0,0,Tuesday,October
2024-10-31,1,0,0.0,-66.5654990757654,-3.2200056208869907,0.0,1,0,0,Thursday,October
2024-11-04,2,0,0.0,-169.31192841514968,-8.200000000005048,0.0,2,0,0,Monday,November
2024-11-05,2,0,0.0,-209.56233784192227,-10.20000000000607,0.0,2,0,0,Tuesday,November
2024-11-06,1,0,0.0,-184.29323623409303,-9.000000000000341,0.0,1,0,0,Wednesday,November
2024-11-07,1,0,0.0,-1059.4352454355117,-51.63986340454129,0.0,1,0,0,Thursday,November
2024-11-12,1,0,0.0,-108.02546980616947,-5.399973069504365,0.0,1,0,0,Tuesday,November
2024-11-14,3,0,0.0,-429.44859246750855,-21.600000000006503,0.0,3,0,0,Thursday,November
2024-11-15,3,0,0.0,-507.12552304234487,-24.50000000000614,0.0,3,0,0,Friday,November
2024-11-18,1,0,0.0,-246.83093273130146,-12.60000000000332,0.0,1,0,0,Monday,November
2024-11-20,2,0,0.0,-287.6744097111691,-14.800000000005298,0.0,2,0,0,Wednesday,November
2024-11-22,1,0,0.0,-30.9791409769203,-1.6000000000019554,0.0,1,0,0,Friday,November
2024-11-25,2,0,0.0,-91.38138419113443,-4.000000000002046,0.0,2,0,0,Monday,November
2024-11-27,3,2,66.66666666666666,6.151585570514527,0.32772376228747824,1.0489209276488334,3,0,0,Wednesday,November
2024-11-29,2,0,0.0,-162.4179399384107,-8.40000000000316,0.0,2,0,0,Friday,November
2024-12-06,1,0,0.0,-13.47457310821028,-0.7000000000033424,0.0,1,0,0,Friday,December
2024-12-09,1,0,0.0,-142.46942893030342,-7.400000000001228,0.0,1,0,0,Monday,December
2024-12-12,2,0,0.0,-294.45978812113003,-15.339980195229312,0.0,2,0,0,Thursday,December
2024-12-13,3,0,0.0,-273.2195555031628,-14.000000000007162,0.0,3,0,0,Friday,December
2024-12-19,3,1,33.33333333333333,-229.81622234931595,-8.40000000000316,0.17979912375033424,2,0,1,Thursday,December
2024-12-20,2,1,50.0,102.53582857113089,5.438751032471794,3.006633144513859,2,0,0,Friday,December
2024-12-24,2,1,50.0,-37.82699382028698,-2.0000000000038654,0.33301782432164023,2,0,0,Tuesday,December
2024-12-26,1,1,100.0,128.0130383396259,6.7799999999982665,inf,1,0,0,Thursday,December
2024-12-30,2,2,100.0,59.08423730219024,3.1200236653920834,inf,2,0,0,Monday,December
2024-12-31,1,0,0.0,-136.63142583732576,-7.200000000000273,0.0,1,0,0,Tuesday,December
2025-01-02,2,2,100.0,382.291433105799,20.199999999996976,inf,2,0,0,Thursday,January
2025-01-03,1,0,0.0,-100.33078900653678,-5.259992311343581,0.0,1,0,0,Friday,January
2025-01-06,3,1,33.33333333333333,51.23451709557442,0.9326118305359952,1.26402635018157,3,0,0,Monday,January
2025-01-07,3,0,0.0,-585.8672657000822,-30.900000000005434,0.0,3,0,0,Tuesday,January
2025-01-09,1,0,0.0,-56.44701894625248,-3.000000000002956,0.0,1,0,0,Thursday,January
2025-01-10,1,0,0.0,-2.675285751333348,-0.13998307685121134,0.0,1,0,0,Friday,January
2025-01-13,4,2,50.0,-134.54878277143246,-7.159985642603023,0.261359222772642,4,0,0,Monday,January
2025-01-15,2,0,0.0,-207.79836291497446,-11.100000000004684,0.0,2,0,0,Wednesday,January
2025-01-21,3,0,0.0,-212.39261937356707,-11.400000000003274,0.0,3,0,0,Tuesday,January
2025-01-23,3,0,0.0,-364.6494985271353,-19.700000000005957,0.0,3,0,0,Thursday,January
2025-01-24,3,1,33.33333333333333,-214.19852668115382,-10.939982125845766,0.026126133434935514,2,0,1,Friday,January
2025-01-30,2,0,0.0,-377.17972180358475,-20.60000000000457,0.0,2,0,0,Thursday,January
2025-02-03,3,0,0.0,-504.85611013764503,-25.000000000008527,0.0,3,0,0,Monday,February
2025-02-05,1,1,100.0,14.385044498033468,0.7999999999981355,inf,1,0,0,Wednesday,February
2025-02-07,3,0,0.0,-475.28787937974255,-26.500000000007162,0.0,3,0,0,Friday,February
2025-02-12,3,0,0.0,-519.2023695232419,-26.400000000006685,0.0,3,0,0,Wednesday,February
2025-02-14,1,1,100.0,17.589044862881103,0.9999999999990904,inf,1,0,0,Friday,February
2025-02-17,2,1,50.0,-154.35381021768336,-8.10000000000457,0.08357749940649929,2,0,0,Monday,February
2025-02-20,2,0,0.0,-205.0575236348835,-11.500000000003752,0.0,2,0,0,Thursday,February
2025-02-24,1,0,0.0,-111.75001342285611,-6.400000000002137,0.0,1,0,0,Monday,February
2025-02-25,3,0,0.0,-300.3633016631878,-17.30000000000871,0.0,3,0,0,Tuesday,February
2025-02-26,1,0,0.0,-117.61623387977289,-6.800000000001205,0.0,1,0,0,Wednesday,February
2025-03-06,1,0,0.0,-124.76278618247653,-7.2400071573339915,0.0,1,0,0,Thursday,March
2025-03-07,1,0,0.0,-221.9658654530268,-12.90000000000191,0.0,1,0,0,Friday,March
2025-03-10,1,0,0.0,-117.59999728389542,-2.200000000001978,0.0,1,0,0,Monday,March
2025-03-11,1,1,100.0,165.249298912792,9.69535129170478,inf,1,0,0,Tuesday,March
2025-03-12,5,0,0.0,-487.42861748810685,-39.00000000001569,0.0,3,2,0,Wednesday,March
2025-03-13,1,0,0.0,-188.4217280845203,-11.139994846436634,0.0,1,0,0,Thursday,March
2025-03-14,1,0,0.0,-85.91358516022956,-5.100000000001614,0.0,1,0,0,Friday,March
2025-03-17,2,1,50.0,-27.7269681506597,-2.9000000000024784,0.8054662499103878,2,0,0,Monday,March
2025-03-19,1,0,0.0,-201.5118522326065,-12.000000000000455,0.0,1,0,0,Wednesday,March
2025-03-20,3,0,0.0,-265.7224524769148,-15.90000000001055,0.0,3,0,0,Thursday,March
2025-03-21,2,0,0.0,-64.46287645694655,-3.880000026989099,0.0,2,0,0,Friday,March
2025-03-24,1,0,0.0,-352.45120290519185,-6.800000000001205,0.0,1,0,0,Monday,March
2025-03-25,3,1,33.33333333333333,-177.3540282012622,-10.200000000008913,0.09271891462519961,2,1,0,Tuesday,March
2025-03-26,1,0,0.0,-52.40983977737715,-3.200000000003911,0.0,1,0,0,Wednesday,March
2025-03-27,2,1,50.0,-67.0725481988577,-4.100000000005366,0.12767369094823183,2,0,0,Thursday,March
2025-03-28,1,1,100.0,125.63895829318442,7.686935917676332,inf,1,0,0,Friday,March
2025-03-31,1,1,100.0,15.359716812188566,0.2999999999985903,inf,1,0,0,Monday,March
2025-04-03,2,1,50.0,-217.20453797460254,-13.200000000003342,0.24363205160823317,2,0,0,Thursday,April
2025-04-07,1,0,0.0,-11.042921469658008,-0.6000027369941714,0.0,1,0,0,Monday,April
2025-04-09,3,0,0.0,-461.64249798439363,-28.400000000007708,0.0,3,0,0,Wednesday,April
2025-04-10,1,0,0.0,-254.87769558763924,-15.800000000001546,0.0,1,0,0,Thursday,April
2025-04-11,3,1,33.33333333333333,-431.6269212585024,-22.78360000000248,0.1465393518955009,3,0,0,Friday,April
2025-04-14,2,0,0.0,-788.4582242457604,-16.0000000000025,0.0,2,0,0,Monday,April
2025-04-16,3,1,33.33333333333333,-60.633102286355964,-3.900000000007253,0.3380947943752426,3,0,0,Wednesday,April
2025-04-17,1,1,100.0,18.91558994123189,1.2199853661238123,inf,1,0,0,Thursday,April
2025-04-21,3,0,0.0,-829.5104576573304,-17.20000000000539,0.0,3,0,0,Monday,April
2025-04-23,1,0,0.0,-154.90309475445684,-10.200000000000387,0.0,1,0,0,Wednesday,April
2025-04-25,1,1,100.0,40.814752413580734,2.699999999995839,inf,1,0,0,Friday,April
2025-04-28,3,1,33.33333333333333,338.5074471961704,3.779987068680046,4.789011931362227,3,0,0,Monday,April
2025-05-01,3,1,33.33333333333333,-341.37988568128964,-7.479963427382241,0.13057315111195122,2,0,1,Thursday,May
2025-05-02,2,0,0.0,-166.18678095167508,-11.000000000004206,0.0,2,0,0,Friday,May
2025-05-05,3,1,33.33333333333333,267.64393141965394,5.699999999995953,5.031383095320661,3,0,0,Monday,May
2025-05-08,1,1,100.0,31.86056920450962,2.0999999999958163,inf,1,0,0,Thursday,May
2025-05-12,1,0,0.0,-275.50834439380986,-18.17997700339986,0.0,1,0,0,Monday,May
2025-05-14,1,0,0.0,-311.4825998506933,-20.700000000000504,0.0,1,0,0,Wednesday,May
2025-05-16,2,0,0.0,-367.1290398666371,-24.600000000006617,0.0,2,0,0,Friday,May
2025-05-19,1,0,0.0,-101.76967291081392,-2.200000000001978,0.0,1,0,0,Monday,May
2025-05-20,3,0,0.0,-205.22165935308084,-13.100000000005707,0.0,3,0,0,Tuesday,May
2025-05-21,3,1,33.33333333333333,-155.5090525467428,-10.60000000000798,0.0533669509144005,3,0,0,Wednesday,May
2025-05-22,2,1,50.0,-21.52199802322702,-1.466482985875719,0.6129538172079196,2,0,0,Thursday,May
2025-05-26,1,0,0.0,-4.151556156074974e-11,-2.8421709430404007e-12,0.0,1,0,0,Monday,May
2025-05-27,3,0,0.0,-276.8044821607458,-18.50000000000591,0.0,3,0,0,Tuesday,May
2025-05-28,2,0,0.0,-497.7848221586912,-34.31989742165652,0.0,2,0,0,Wednesday,May
2025-05-29,3,2,66.66666666666666,201.8342465473674,4.542855998929517,2.064239398565277,3,0,0,Thursday,May
2025-05-30,2,1,50.0,78.76432227702179,5.499999999994998,2.4042763920130277,2,0,0,Friday,May
2025-06-02,2,2,100.0,261.1090738226675,5.799999999999272,inf,2,0,0,Monday,June
2025-06-09,1,1,100.0,24.969089540106665,1.4999999999957936,inf,1,0,0,Monday,June
2025-06-10,1,1,100.0,114.40824707568441,7.882333224811576,inf,1,0,0,Tuesday,June
2025-06-12,1,0,0.0,-33.51544924319646,-2.3000000000024556,0.0,1,0,0,Thursday,June
2025-06-13,3,2,66.66666666666666,54.706378682982326,3.765853658530887,2.2100572783266657,3,0,0,Friday,June
2025-06-17,4,1,25.0,-133.26699499427667,-9.300000000007458,0.11563051413333904,3,0,1,Tuesday,June
2025-06-18,1,0,0.0,-295.7084641998525,-20.31990447670768,0.0,1,0,0,Wednesday,June
2025-06-19,2,1,50.0,-2.11347890790762,0.7999999999924512,0.9476160508923216,1,1,0,Thursday,June
2025-06-20,1,1,100.0,58.85826736279164,11.689285714285802,inf,0,1,0,Friday,June
2025-06-23,1,1,100.0,76.64617593749232,1.6999999999967486,inf,1,0,0,Monday,June
2025-06-26,2,0,0.0,-259.98100564324903,-18.000000000006366,0.0,2,0,0,Thursday,June
2025-06-30,3,0,0.0,-480.32004869412594,-22.400000000001796,0.0,3,0,0,Monday,June
2025-07-01,3,1,33.33333333333333,-99.48305688912606,-6.400000000007822,0.1459075324042872,3,0,0,Tuesday,July
2025-07-02,1,0,0.0,-28.243873897733966,-2.000000000001023,0.0,1,0,0,Wednesday,July
2025-07-03,1,1,100.0,52.23024093199874,3.6999999999977717,inf,1,0,0,Thursday,July
2025-07-04,1,0,0.0,-236.08001640885513,-16.67996846094066,0.0,1,0,0,Friday,July
2025-07-07,2,0,0.0,-287.22635770101294,-11.500000000003752,0.0,2,0,0,Monday,July
2025-07-09,2,1,50.0,-68.23819153029729,-4.9000000000035016,0.22221463981176937,2,0,0,Wednesday,July
2025-07-10,3,0,0.0,-263.5134435835092,-19.0000000000083,0.0,3,0,0,Thursday,July
2025-07-11,3,0,0.0,-229.69871129919062,-16.700037679168915,0.0,3,0,0,Friday,July
2025-07-14,3,0,0.0,-903.7013832630772,-25.766666666672222,0.0,3,0,0,Monday,July
2025-07-15,1,0,0.0,-57.370626338193176,-4.300000000000637,0.0,1,0,0,Tuesday,July
2025-07-16,1,0,0.0,-224.7746031210921,-16.83996275022771,0.0,1,0,0,Wednesday,July
2025-07-17,1,0,0.0,-183.65839712697638,-13.900000000003844,0.0,1,0,0,Thursday,July
2025-07-22,1,1,100.0,21.112694131425243,1.6000545910531765,inf,1,0,0,Tuesday,July
2025-07-23,1,0,0.0,-115.87971733576835,-8.800000000002228,0.0,1,0,0,Wednesday,July
2025-07-25,2,1,50.0,40.678501039707804,3.0999999999920647,2.6328065155977587,2,0,0,Friday,July
2025-07-30,3,0,0.0,-290.7806431203044,-22.200000000003683,0.0,3,0,0,Wednesday,July
2025-08-01,1,1,100.0,14.31630731693818,1.099999999999568,inf,1,0,0,Friday,August
2025-08-04,3,0,0.0,-706.7443978570175,-17.50000000000682,0.0,3,0,0,Monday,August
2025-08-05,1,0,0.0,-90.4756104211232,-7.0999999999997945,0.0,1,0,0,Tuesday,August
2025-08-07,1,0,0.0,-69.82033032929775,-5.5000263563761775,0.0,1,0,0,Thursday,August
2025-08-08,1,0,0.0,-82.33657309865337,-6.500000000002615,0.0,1,0,0,Friday,August
2025-08-11,3,2,66.66666666666666,160.33977254115237,0.9999999999962488,3.536197916386022,3,0,0,Monday,August
2025-08-12,3,0,0.0,-324.1551122861168,-24.50000000000898,0.0,3,0,0,Tuesday,August
2025-08-14,2,0,0.0,-228.57897414968744,-18.20000000000448,0.0,2,0,0,Thursday,August
2025-08-18,2,1,50.0,-277.1438538620182,-7.1000000000026375,0.11144287739729637,2,0,0,Monday,August
2025-08-19,3,2,66.66666666666666,-5.714726682166287,1.199999999991519,0.8641139330847677,1,2,0,Tuesday,August
2025-08-22,2,1,50.0,-22.28958060414064,-1.8000000000057526,0.5382290743178331,2,0,0,Friday,August
2025-08-25,3,1,33.33333333333333,-497.2314763139244,-12.900000000004752,0.19099385509427216,3,0,0,Monday,August
2025-08-26,3,1,33.33333333333333,-83.73607929878825,-6.640068748404158,0.783445307748344,3,0,0,Tuesday,August
2025-08-27,2,0,0.0,-216.51576933308576,-16.600000000002524,0.0,2,0,0,Wednesday,August
2025-08-28,1,0,0.0,-155.64504974470765,-12.939967932831502,0.0,1,0,0,Thursday,August
2025-09-01,4,1,25.0,-299.0667257366302,-7.5000000000045475,0.16052101540934638,2,2,0,Monday,September
2025-09-02,2,0,0.0,-104.05625699652971,-8.700000000004593,0.0,2,0,0,Tuesday,September
2025-09-05,1,0,0.0,-38.302249874420184,-3.2400000000012597,0.0,1,0,0,Friday,September
2025-09-08,2,0,0.0,-265.3818438073459,-7.200000000005957,0.0,2,0,0,Monday,September
2025-09-15,4,0,0.0,-180.66853832304548,-15.08002027764928,0.0,3,1,0,Monday,September
2025-09-16,1,0,0.0,-35.792254834444826,-3.080016452647766,0.0,1,0,0,Tuesday,September
2025-09-17,2,2,100.0,263.3482207499203,22.699999999997544,inf,2,0,0,Wednesday,September
2025-09-18,3,2,66.66666666666666,141.62255995457957,21.88571428571322,2.374502002963775,1,2,0,Thursday,September
2025-09-19,2,1,50.0,-39.773569154844914,-20.800000000005525,0.2621050979957105,1,0,1,Friday,September
2025-09-22,4,0,0.0,-744.8201623277222,-38.50000000000762,0.0,2,2,0,Monday,September
2025-09-23,3,0,0.0,-137.16925682632046,-11.700000000004707,0.0,3,0,0,Tuesday,September
2025-09-24,2,0,0.0,-89.62384209961095,-7.80000000000598,0.0,2,0,0,Wednesday,September
2025-09-25,1,0,0.0,-232.78810755011827,-20.43994147826629,0.0,1,0,0,Thursday,September
2025-09-26,1,1,100.0,194.14566634601564,17.199999999996862,inf,1,0,0,Friday,September
2025-09-29,2,0,0.0,-567.9177336224834,-16.0000000000025,0.0,2,0,0,Monday,September
2025-10-01,3,0,0.0,-42.25500530753463,-3.939987535769598,0.0,1,2,0,Wednesday,October
2025-10-03,2,1,50.0,-77.743912482869,-7.000000000007844,0.1246759690126577,2,0,0,Friday,October
2025-10-06,3,0,0.0,-821.8829482490974,-34.10000000000366,0.0,3,0,0,Monday,October
2025-10-07,3,1,33.33333333333333,-57.00645178620695,-5.300000000008254,0.4102139618108934,3,0,0,Tuesday,October
2025-10-08,3,0,0.0,-157.33247303126234,-14.70000000000482,0.0,3,0,0,Wednesday,October
2025-10-10,1,0,0.0,-95.8199840566806,-14.200000000002433,0.0,0,1,0,Friday,October
2025-10-14,5,1,20.0,-126.76542284292788,-11.900000000008504,0.4548113318023491,5,0,0,Tuesday,October
2025-10-15,1,0,0.0,-58.17577777048366,-5.500000000003524,0.0,1,0,0,Wednesday,October
2025-10-16,2,0,0.0,-94.90825141052214,-9.000000000006025,0.0,2,0,0,Thursday,October
2025-10-17,3,2,66.66666666666666,0.5739426447215887,0.9999999999934062,1.0355333090711532,1,2,0,Friday,October
2025-10-21,1,0,0.0,-24.182624113501,-2.3000000000024556,0.0,1,0,0,Tuesday,October
2025-10-22,2,0,0.0,-294.35416356246054,-28.039949658397703,0.0,2,0,0,Wednesday,October
2025-10-23,3,0,0.0,-58.88299999363139,-5.5000000000063665,0.0,3,0,0,Thursday,October
2025-10-24,5,0,0.0,-246.00437454160638,-28.259969928375867,0.0,5,0,0,Friday,October
2025-10-27,2,0,0.0,-83.41674158615385,-7.300000000006435,0.0,2,0,0,Monday,October
2025-10-28,3,0,0.0,-243.85619456418846,-23.900000000006116,0.0,3,0,0,Tuesday,October
2025-10-29,3,1,33.33333333333333,43.07649254957451,4.299999999994952,1.4653080923739927,3,0,0,Wednesday,October
2025-10-30,2,0,0.0,-192.63703623817682,-25.150000000002137,0.0,1,0,1,Thursday,October
2025-11-03,1,1,100.0,66.81984701404592,6.636992268259217,inf,1,0,0,Monday,November
2025-11-04,3,1,33.33333333333333,-80.7199968724455,-8.000000000004093,0.16680772349561507,3,0,0,Tuesday,November
2025-11-05,2,0,0.0,-144.82583391625542,-14.400000000003388,0.0,2,0,0,Wednesday,November
2025-11-06,1,0,0.0,-98.15033215037384,-9.800000000004161,0.0,1,0,0,Thursday,November
2025-11-11,4,0,0.0,-322.8114161456723,-46.70000000000414,0.0,1,3,0,Tuesday,November
2025-11-12,1,0,0.0,-32.46695878194641,-3.300000000001546,0.0,1,0,0,Wednesday,November
2025-11-13,1,0,0.0,-3.930940047298872,-0.40000000000190994,0.0,1,0,0,Thursday,November
2025-11-14,2,0,0.0,-54.40023295694069,-8.500000000000796,0.0,0,2,0,Friday,November
2025-11-18,1,1,100.0,44.13197351637685,4.499999999995907,inf,1,0,0,Tuesday,November
2025-11-19,1,0,0.0,-96.12046137229297,-9.779985723734136,0.0,1,0,0,Wednesday,November
2025-11-20,1,0,0.0,-310.3701516361258,-31.64000000000101,0.0,1,0,0,Thursday,November
2025-11-24,2,1,50.0,1.968886504670829,-5.6843418860808015e-12,1.1588573548470174,0,2,0,Monday,November
2025-11-27,1,0,0.0,-52.18242619929144,-5.400000000003047,0.0,1,0,0,Thursday,November
2025-12-01,3,1,33.33333333333333,15.993719665160695,-0.9886956521796719,1.2614073672767272,3,0,0,Monday,December
2025-12-02,1,0,0.0,-44.35682598466679,-4.600000000002069,0.0,1,0,0,Tuesday,December
2025-12-03,1,0,0.0,-76.09878977867481,-7.900000000003615,0.0,1,0,0,Wednesday,December
2025-12-04,1,1,100.0,40.29839489457879,4.199999999997317,inf,1,0,0,Thursday,December
2025-12-08,2,0,0.0,-159.05404828679542,-16.55995007472069,0.0,2,0,0,Monday,December
2025-12-09,1,0,0.0,-149.94702018213968,-15.67994857460648,0.0,1,0,0,Tuesday,December
2025-12-10,1,1,100.0,39.26941503919622,4.13676185841938,inf,1,0,0,Wednesday,December
2025-12-11,2,1,50.0,73.92290132548293,7.799999999994611,3.356084035030934,2,0,0,Thursday,December
2025-12-12,1,0,0.0,-34.3188007399047,-3.6000000000001364,0.0,1,0,0,Friday,December
2025-12-15,2,0,0.0,-140.2111440007024,-11.800000000005184,0.0,2,0,0,Monday,December
2025-12-16,3,3,100.0,111.27736841877093,11.427491480059324,inf,3,0,0,Tuesday,December
2025-12-19,4,3,75.0,38.958668599050284,8.770989010989751,1.7189714878112285,3,0,1,Friday,December
2025-12-22,1,0,0.0,-45.736292229087375,-4.800000000000182,0.0,1,0,0,Monday,December
2025-12-23,2,0,0.0,-98.81490861119318,-10.400000000007026,0.0,2,0,0,Tuesday,December
2025-12-26,2,0,0.0,-97.47174533583386,-10.300000000003706,0.0,2,0,0,Friday,December
2025-12-29,1,1,100.0,35.82045798005573,3.799999999998249,inf,1,0,0,Monday,December
2025-12-31,2,0,0.0,-140.4253159163353,-14.900000000005775,0.0,2,0,0,Wednesday,December
2026-01-02,1,1,100.0,30.118032452549496,9.999999999999432,inf,0,1,0,Friday,January
2026-01-05,3,0,0.0,-274.291240912797,-24.10000000000707,0.0,3,0,0,Monday,January
2026-01-07,1,0,0.0,-2.6401431349297602e-11,-2.8421709430404007e-12,0.0,1,0,0,Wednesday,January
2026-01-08,3,0,0.0,-189.25481098257285,-20.400000000006457,0.0,3,0,0,Thursday,January
2026-01-09,2,0,0.0,-95.41995097111555,-10.400000000007026,0.0,1,1,0,Friday,January
2026-01-12,1,0,0.0,-95.48669645578565,-10.400000000001342,0.0,1,0,0,Monday,January
2026-01-14,3,2,66.66666666666666,57.16123468787317,4.799999999994498,3.080916853207992,1,2,0,Wednesday,January
2026-01-15,1,0,0.0,-92.60888614403443,-10.11993856157044,0.0,1,0,0,Thursday,January
2026-01-20,1,1,100.0,44.60277150856538,4.2999999999977945,inf,1,0,0,Tuesday,January
2026-01-21,2,0,0.0,-226.51020098597672,-35.40000000000134,0.0,0,2,0,Wednesday,January
2026-01-22,1,0,0.0,-52.47181551978487,-5.800000000002115,0.0,1,0,0,Thursday,January
2026-01-23,4,2,50.0,-3.428575655120518,-3.300006287957217,0.8270895655883641,2,2,0,Friday,January
2026-01-30,2,0,0.0,-182.79278116468117,-19.200000000006412,0.0,2,0,0,Friday,January
2026-02-02,1,0,0.0,-420.8649600078449,-46.77989839493799,0.0,1,0,0,Monday,February
2026-02-03,2,0,0.0,-36.72727857715438,-5.600000000004002,0.0,0,2,0,Tuesday,February
2026-02-04,1,0,0.0,-51.73349829167843,-5.900000000002592,0.0,1,0,0,Wednesday,February
2026-02-05,2,0,0.0,-131.2022116903932,-15.00000000000341,0.0,2,0,0,Thursday,February
2026-02-06,2,0,0.0,-55.64795269626558,-6.4000000000049795,0.0,2,0,0,Friday,February
2026-02-09,1,1,100.0,110.27208860514301,12.719989028317718,inf,1,0,0,Monday,February
2026-02-12,1,0,0.0,-77.32785539489275,-8.879967638268102,0.0,1,0,0,Thursday,February
2026-02-13,1,0,0.0,-63.92289765878856,-7.360000000001037,0.0,1,0,0,Friday,February
2026-02-17,2,0,0.0,-181.9500360594588,-21.020000000003165,0.0,2,0,0,Tuesday,February
2026-02-18,1,0,0.0,-42.96930111039514,-5.000000000001137,0.0,1,0,0,Wednesday,February
2026-02-19,1,0,0.0,-222.1846873015039,-25.83993279651024,0.0,1,0,0,Thursday,February
2026-02-20,1,1,100.0,31.40207056152099,3.6999999999977717,inf,1,0,0,Friday,February
2026-02-23,3,1,33.33333333333333,-209.43160815975915,-11.60000000000423,0.2378698757285742,3,0,0,Monday,February
2026-02-24,1,0,0.0,-55.50728776327901,-6.60000000000025,0.0,1,0,0,Tuesday,February
2026-02-25,1,1,100.0,57.08787909887269,6.799999999998363,inf,1,0,0,Wednesday,February
2026-02-27,2,1,50.0,-48.515129787462634,-5.600000000004002,0.01704816351252126,2,0,0,Friday,February
2026-03-02,1,1,100.0,44.60347040000662,1.6999999999967486,inf,1,0,0,Monday,March
