trade_id,strategy,entry_datetime,exit_datetime,direction,phase,entry_price,exit_price,sl_price,tp1_price,tp2_price,exit_reason,pips,usd,position_size_units,duration_minutes,equity_before,equity_after,mfe_pips,mae_pips,session_day,strategy_tag,risk_pct,asian_high,asian_low,asian_mid,asian_width_pips,asian_bucket,adx_m15,ema20_m5,roc10_m5,sl_pips,R,pivot_P,pivot_R1,pivot_S1,bb_upper,bb_lower,rsi_m5,combo
1,strat_b_breakout,2024-10-25 01:20:00+00:00,2024-10-25 01:50:00+00:00,long,strat_b_window,151.92600000000002,151.83599999999998,151.759512,152.0934642857143,161.91600000000003,time_exit_30min,-9.000000000003183,-270.4498933060311,456267,30.0,100000.0,99729.55010669398,2.7999999999963165,9.000000000003183,2024-10-25,strat_b_breakout,0.005,151.868,151.584,151.726,28.39999999999918,normal_12_30,36.10694451247529,151.91804449152804,1.974788533070681e-05,16.64880000000153,-0.5405795012254551,,,,,,,
2,strat_b_breakout,2024-11-01 01:45:00+00:00,2024-11-01 02:00:00+00:00,long,strat_b_window,152.256,152.16,152.00762600000002,152.50607142857143,162.246,session_close,-9.600000000000364,-134.9987381703521,213973,15.0,99729.55010669398,99594.55136852362,0.0,15.000000000000568,2024-11-01,strat_b_breakout,0.0034999999999999996,152.144,151.787,151.96550000000002,35.69999999999993,wide_30_40,23.735810398706548,152.06319330950177,0.0020007371136734724,24.83739999999841,-0.3865138863166426,,,,,,,
3,strat_a_meanrev,2024-11-06 20:50:00+00:00,2024-11-06 21:06:00+00:00,short,strat_a_window,154.554,154.654,154.654,154.494,144.564,sl_hit,-9.999999999999432,-646.6046788314193,1000000,16.0,99594.55136852362,98947.94668969221,3.1999999999982265,10.099999999999909,2024-11-06,strat_a_meanrev,0.0075,,,,,,16.846537011723296,,,9.999999999999432,-1.0,151.83466666666666,152.29612266666666,151.37321066666667,154.54854539542944,154.37915460457057,87.05882352941589,ABCDE
4,strat_a_meanrev,2024-11-06 21:05:00+00:00,2024-11-06 22:04:00+00:00,short,strat_a_window,154.62199999999999,154.598,154.72199999999998,154.5031123188405,144.63199999999998,session_close,2.399999999997249,155.24133559277925,1000000,59.0,98947.94668969221,99103.188025285,3.999999999996362,5.100000000001614,2024-11-06,strat_a_meanrev,0.0075,,,,,,16.572315430930924,,,9.999999999999432,0.23999999999973853,151.83466666666666,152.29612266666666,151.37321066666667,154.58081248202487,154.36388751797514,93.81443298969012,ABCDE
5,strat_a_meanrev,2024-11-08 20:38:00+00:00,2024-11-08 20:55:00+00:00,long,strat_a_window,152.65200000000002,152.55200000000002,152.55200000000002,152.71200000000002,162.64200000000002,sl_hit,-9.999999999999432,-655.5141853269331,1000000,17.0,99103.188025285,98447.67383995806,0.0,10.100000000002751,2024-11-08,strat_a_meanrev,0.0075,,,,,,13.8589122542559,,,9.999999999999432,-1.0,153.43866666666668,154.21107066666667,152.66626266666668,152.79534517350783,152.64565482649215,28.488372093021667,ABCD
6,strat_a_meanrev,2024-11-08 20:49:00+00:00,2024-11-08 20:57:00+00:00,long,strat_a_window,152.602,152.502,152.502,152.6917000000001,162.592,sl_hit,-9.999999999999432,-655.7291051920257,1000000,8.0,98447.67383995806,97791.94473476603,0.0,10.100000000002751,2024-11-08,strat_a_meanrev,0.0075,,,,,,14.488043027444968,,,9.999999999999432,-1.0,153.43866666666668,154.21107066666667,152.66626266666668,152.80337652763924,152.6172234723608,31.51125401929275,ABC
7,strat_b_breakout,2024-11-12 01:10:00+00:00,2024-11-12 01:40:00+00:00,long,strat_b_window,153.83,153.852,153.660636,153.94517857142858,163.82000000000002,partial_tp_then_trail,7.790690307543406,157.33652270733873,310878,30.0,97791.94473476603,97949.28125747337,12.79999999999859,3.2000000000010687,2024-11-12,strat_b_breakout,0.0034999999999999996,153.776,153.474,153.625,30.200000000002092,wide_30_40,33.57578532442183,153.7051020048133,0.0011389744023639341,16.936400000000162,0.4599968297597678,,,,,,,
8,strat_b_breakout,2024-11-12 01:40:00+00:00,2024-11-12 02:00:00+00:00,long,strat_b_window,153.886,153.922,153.660636,154.0237857142857,163.876,session_close,3.6000000000001364,54.75006821637141,234090,20.0,97949.28125747337,98004.03132568974,7.399999999998386,5.60000000000116,2024-11-12,strat_b_breakout,0.0034999999999999996,153.776,153.474,153.625,30.200000000002092,wide_30_40,30.490103003924666,153.78997369375384,0.0008325203252031603,22.53639999999848,0.15974157363200775,,,,,,,
9,strat_b_breakout,2024-11-13 01:00:00+00:00,2024-11-13 01:42:00+00:00,long,strat_b_window,154.898,154.680186,154.680186,155.0430714285714,164.888,sl_hit,-21.781400000000417,-490.70894874668335,348476,42.0,98004.03132568974,97513.32237694305,3.3999999999991815,23.500000000001364,2024-11-13,strat_b_breakout,0.005,154.786,154.509,154.64749999999998,27.700000000001523,normal_12_30,38.85535582514251,154.75012622134787,0.0005232253938723773,21.781400000000417,-1.0,,,,,,,
10,strat_a_meanrev,2024-11-13 17:09:00+00:00,2024-11-13 17:27:00+00:00,short,strat_a_window,155.28199999999998,155.38199999999998,155.38199999999998,155.22199999999998,145.29199999999997,sl_hit,-9.999999999999432,-643.5751888892814,1000000,18.0,97513.32237694305,96869.74718805376,5.3999999999973625,11.400000000003274,2024-11-13,strat_a_meanrev,0.0075,,,,,,31.150977949166847,,,9.999999999999432,-1.0,154.3213333333333,154.90120933333333,153.7414573333333,155.36239988569167,154.92500011430832,88.83161512027519,ABCDE
11,strat_b_breakout,2024-11-14 00:50:00+00:00,2024-11-14 01:26:00+00:00,long,strat_b_window,155.741,155.79,155.50173600000002,155.88028571428572,165.73100000000002,partial_tp_then_trail,10.317142857141448,208.68859234454038,315270,36.0,96869.74718805376,97078.4357803983,15.199999999998681,10.900000000003729,2024-11-14,strat_b_breakout,0.005,155.598,155.346,155.472,25.200000000000955,normal_12_30,26.787435321209408,155.55660688630817,0.0013953548187968631,23.92639999999915,0.43120330919577604,,,,,,,
12,strat_a_meanrev,2024-11-14 20:01:00+00:00,2024-11-14 20:05:00+00:00,short,strat_a_window,156.14399999999998,156.24399999999997,156.24399999999997,155.99399999999997,146.15399999999997,sl_hit,-9.999999999999432,-640.0245769437183,1000000,4.0,97078.4357803983,96438.41120345458,4.499999999995907,14.400000000003388,2024-11-14,strat_a_meanrev,0.0075,,,,,,12.403612818580907,,,9.999999999999432,-1.0,155.14866666666668,155.6403006666667,154.65703266666668,156.04231527238116,155.7934847276188,70.67901234567738,ABCDE
13,strat_b_breakout,2024-11-19 00:20:00+00:00,2024-11-19 01:23:00+00:00,short,strat_b_window,154.36999999999998,154.214,154.550802,154.2370357142857,144.37999999999997,partial_tp_then_trail,14.217860340162435,265.67546221764104,288189,63.0,96438.41120345458,96704.08666567222,27.799999999996317,11.60000000000423,2024-11-19,strat_b_breakout,0.0034999999999999996,154.743,154.432,154.58749999999998,31.100000000000705,wide_30_40,31.41389425566201,154.50709172512305,-0.0004661702816445629,18.080200000002833,0.7863773818962294,,,,,,,
14,strat_a_meanrev,2024-11-20 20:10:00+00:00,2024-11-20 20:38:00+00:00,short,strat_a_window,155.396,155.49599999999998,155.49599999999998,155.32045248868778,145.40599999999998,sl_hit,-9.999999999999432,-643.1033595719139,1000000,28.0,96704.08666567222,96060.9833061003,0.9999999999990905,11.20000000000232,2024-11-20,strat_a_meanrev,0.0075,,,,,,29.86437207633752,,,9.999999999999432,-1.0,154.245,154.82525800000002,153.664742,155.4109053569486,155.25409464305142,65.77380952381078,ABCE
15,strat_a_meanrev,2024-11-26 17:21:00+00:00,2024-11-26 17:50:00+00:00,long,strat_a_window,153.35000000000002,153.25000000000003,153.25000000000003,153.45115384615383,163.34000000000003,sl_hit,-9.999999999999432,-652.5285481239433,1000000,29.0,96060.9833061003,95408.45475797636,2.399999999997249,10.200000000003229,2024-11-26,strat_a_meanrev,0.0075,,,,,,19.947875686564437,,,9.999999999999432,-1.0,154.15,154.599614,153.700386,153.69736555706973,153.31183444293023,30.802919708029677,ABCE
16,strat_b_breakout,2024-11-27 00:30:00+00:00,2024-11-27 02:00:00+00:00,short,strat_b_window,152.802,152.541,153.051364,152.63571428571427,142.81199999999998,partial_tp_then_session_close,20.41714285714306,273.79451788469714,204620,90.0,95408.45475797636,95682.24927586106,28.69999999999777,24.100000000001387,2024-11-27,strat_b_breakout,0.0034999999999999996,153.238,152.936,153.087,30.19999999999925,wide_30_40,37.4095944068572,152.99176850817733,-0.002050625636738806,24.936400000001413,0.8187686617611966,,,,,,,
17,strat_b_breakout,2024-12-05 00:35:00+00:00,2024-12-05 01:34:00+00:00,short,strat_b_window,150.36999999999998,150.569116,150.569116,150.1905357142857,140.37999999999997,sl_hit,-19.911600000003205,-334.4446396830018,252903,59.0,95682.24927586106,95347.80463617806,17.699999999996407,28.800000000003934,2024-12-05,strat_b_breakout,0.0034999999999999996,150.778,150.44,150.60899999999998,33.799999999999386,wide_30_40,38.5799610698808,150.48448025558204,-0.001036310733787755,19.911600000003205,-1.0,,,,,,,
18,strat_b_breakout,2024-12-10 01:05:00+00:00,2024-12-10 01:35:00+00:00,long,strat_b_window,151.502,151.346,151.319782,151.66078571428574,161.49200000000002,time_exit_30min,-15.600000000000591,-408.5648514001186,396376,30.0,95347.80463617806,94939.23978477794,0.1999999999981128,15.600000000000591,2024-12-10,strat_b_breakout,0.005,151.434,151.135,151.28449999999998,29.90000000000066,normal_12_30,31.64375523850162,151.37331491431365,0.0006935774726036222,18.2218000000006,-0.8561173978421495,,,,,,,
19,strat_a_meanrev,2024-12-17 17:11:00+00:00,2024-12-17 18:32:00+00:00,long,strat_a_window,153.33200000000002,153.23200000000003,153.23200000000003,153.45638095238095,163.32200000000003,sl_hit,-9.999999999999432,-652.6051999581961,1000000,81.0,94939.23978477794,94286.63458481974,5.599999999995475,13.000000000002387,2024-12-17,strat_a_meanrev,0.0075,,,,,,27.313145190997858,,,9.999999999999432,-1.0,153.98666666666665,154.42825866666664,153.54507466666666,153.6601280038973,153.3490719961027,30.19197207679221,ABCE
20,strat_b_breakout,2024-12-18 00:20:00+00:00,2024-12-18 02:00:00+00:00,long,strat_b_window,153.71200000000002,153.596,153.496242,153.83789285714286,163.70200000000003,session_close,-11.600000000001387,-253.65238678093607,335862,100.0,94286.63458481974,94032.98219803881,6.999999999996476,14.30000000000291,2024-12-18,strat_b_breakout,0.005,153.599,153.33,153.4645,26.899999999997704,normal_12_30,35.100620184234366,153.5755038856144,0.0006835982005092364,21.575800000002232,-0.5376393922821024,,,,,,,
21,strat_a_meanrev,2024-12-24 19:06:00+00:00,2024-12-24 21:43:00+00:00,short,strat_a_window,157.369,157.25700000000003,157.349,157.29870063694264,147.379,partial_tp_then_be,9.114968152866254,579.5631557271342,1000000,157.0,94032.98219803881,94612.54535376595,20.79999999999984,2.2999999999996135,2024-12-24,strat_a_meanrev,0.0075,,,,,,29.19704530823594,,,2.000000000001023,4.557484076430796,156.927,157.283788,156.570212,157.36596327732582,157.22303672267418,65.0793650793649,ABC
22,strat_a_meanrev,2024-12-26 21:44:00+00:00,2024-12-26 22:04:00+00:00,short,strat_a_window,157.99499999999998,157.92600000000002,157.97499999999997,157.93499999999997,148.00499999999997,partial_tp_then_session_close,6.449999999998113,408.40830791585915,1000000,20.0,94612.54535376595,95020.95366168181,7.699999999996976,5.1000000000044565,2024-12-26,strat_a_meanrev,0.0075,,,,,,18.821007816850393,,,2.000000000001023,3.2249999999974066,157.16466666666668,157.3571946666667,156.97213866666667,158.01282875149735,157.89037124850262,71.7171717171607,ABCDE
23,strat_b_breakout,2025-01-03 00:55:00+00:00,2025-01-03 02:00:00+00:00,short,strat_b_window,157.25799999999998,157.28,157.46974600000001,157.158,147.26799999999997,session_close,-2.200000000001978,-34.54886826045833,246993,65.0,95020.95366168181,94986.40479342134,7.399999999998386,16.0000000000025,2025-01-03,strat_b_breakout,0.0034999999999999996,157.657,157.354,157.5055,30.299999999999727,wide_30_40,33.2858272977949,157.3826668170604,-0.00034324942791763314,21.174600000003352,-0.10389806655151124,,,,,,,
24,strat_a_meanrev,2025-01-07 18:51:00+00:00,2025-01-07 20:53:00+00:00,short,strat_a_window,157.864,157.84,157.844,157.7622183098591,147.874,partial_tp_then_time_decay,6.289078945975212,278.7611161459251,699341,122.0,94986.40479342134,95265.16590956727,11.499999999998067,2.400000000000091,2025-01-07,strat_a_meanrev,0.0075,,,,,,19.731362287233406,,,2.000000000001023,3.144539472985997,157.2843333333333,157.94481133333332,156.6238553333333,157.88188415860614,157.58331584139384,68.97106109324635,ABC
25,strat_a_meanrev,2025-01-07 21:17:00+00:00,2025-01-07 21:51:00+00:00,short,strat_a_window,157.97299999999998,158.07299999999998,158.07299999999998,157.82299999999998,147.98299999999998,sl_hit,-9.999999999999432,-632.6191063622144,1000000,34.0,95265.16590956727,94632.54680320506,1.999999999998181,10.900000000003729,2025-01-07,strat_a_meanrev,0.0075,,,,,,26.231092390018365,,,9.999999999999432,-1.0,157.2843333333333,157.94481133333332,156.6238553333333,157.94951242637794,157.67588757362208,88.54166666667695,ABCD
26,strat_b_breakout,2025-01-09 01:40:00+00:00,2025-01-09 02:00:00+00:00,short,strat_b_window,158.078,158.132,158.291016,157.94492857142856,148.088,session_close,-5.400000000000205,-119.9066223155384,351131,20.0,94632.54680320506,94512.64018088952,0.0,6.000000000000227,2025-01-09,strat_b_breakout,0.005,158.469,158.181,158.325,28.79999999999825,normal_12_30,26.957748125945905,158.19858479028153,-0.0013392462317906044,21.30160000000103,-0.25350208435046867,,,,,,,
27,strat_a_meanrev,2025-01-10 21:19:00+00:00,2025-01-12 22:04:00+00:00,long,strat_a_window,157.72400000000002,157.78199999999998,157.62400000000002,157.80317241379313,167.71400000000003,session_close,5.79999999999643,367.59579673197396,1000000,2925.0,94512.64018088952,94880.23597762149,7.199999999997431,2.0000000000038654,2025-01-10,strat_a_meanrev,0.0075,,,,,,32.501836072576545,,,9.999999999999432,0.579999999999676,158.03033333333335,158.34586533333334,157.71480133333336,157.9430258456614,157.71907415433856,29.36893203883679,ABCD
28,strat_a_meanrev,2025-01-14 17:23:00+00:00,2025-01-14 17:48:00+00:00,short,strat_a_window,158.09099999999998,158.19099999999997,158.19099999999997,158.0127592592593,148.10099999999997,sl_hit,-9.999999999999432,-632.1472144432638,1000000,25.0,94880.23597762149,94248.08876317822,0.0,10.900000000003729,2025-01-14,strat_a_meanrev,0.0075,,,,,,22.75308467088592,,,9.999999999999432,-1.0,157.45166666666668,157.85429466666668,157.0490386666667,158.11132919016313,157.86327080983688,65.43574593796265,ABCE
29,strat_a_meanrev,2025-01-14 21:15:00+00:00,2025-01-14 21:34:00+00:00,short,strat_a_window,158.004,157.98399999999998,157.98399999999998,157.944,148.01399999999998,sl_hit,4.000000000000625,253.238287608529,1000000,19.0,94248.08876317822,94501.32705078676,6.89999999999884,1.4000000000010004,2025-01-14,strat_a_meanrev,0.0075,,,,,,20.82728339457126,,,2.000000000001023,1.9999999999992895,157.45166666666668,157.85429466666668,157.0490386666667,158.0156870678508,157.8765129321492,83.33333333333333,ABCDE
30,strat_a_meanrev,2025-01-15 18:21:00+00:00,2025-01-15 22:04:00+00:00,long,strat_a_window,156.447,156.44199999999998,156.347,156.5684464285714,166.437,session_close,-0.5000000000023874,-31.960726659233938,1000000,223.0,94501.32705078676,94469.36632412752,11.299999999999955,4.900000000000659,2025-01-15,strat_a_meanrev,0.0075,,,,,,28.968019448946457,,,9.999999999999432,-0.05000000000024159,157.765,158.176796,157.35320399999998,156.6413839380242,156.46131606197582,32.89036544849962,ABCE
31,strat_a_meanrev,2025-01-16 21:51:00+00:00,2025-01-16 22:04:00+00:00,long,strat_a_window,155.142,155.16,155.042,155.25640062111788,165.132,session_close,1.8000000000000682,116.0092807424638,1000000,13.0,94469.36632412752,94585.37560486999,2.2999999999996135,3.2000000000010687,2025-01-16,strat_a_meanrev,0.0075,,,,,,20.535488455704783,,,9.999999999999432,0.18000000000001706,156.829,157.649918,156.008082,155.2688475861634,155.12695241383662,34.23423423422996,ABCE
32,strat_b_breakout,2025-01-30 00:50:00+00:00,2025-01-30 00:54:00+00:00,short,strat_b_window,154.94299999999998,154.79,155.172464,154.7800357142857,144.95299999999997,partial_tp_then_trail,15.89785625134545,229.59492231047335,223537,4.0,94585.37560486999,94814.97052718046,25.699999999997658,1.700000000002433,2025-01-30,strat_b_breakout,0.0034999999999999996,155.39,155.038,155.214,35.199999999997544,wide_30_40,29.56737155504201,155.02999437398435,-0.001346996648620799,22.94640000000072,0.6928257265342255,,,,,,,
33,strat_a_meanrev,2025-01-30 19:53:00+00:00,2025-01-30 20:18:00+00:00,long,strat_a_window,154.168,154.068,154.068,154.318,164.15800000000002,sl_hit,-9.999999999999432,-649.0640496403817,1000000,25.0,94814.97052718046,94165.90647754008,0.0,15.400000000002478,2025-01-30,strat_a_meanrev,0.0075,,,,,,28.212950894231717,,,9.999999999999432,-1.0,155.326,155.651464,155.00053599999998,154.52554494399672,154.14975505600327,13.111545988263217,ABCDE
34,strat_a_meanrev,2025-01-31 19:56:00+00:00,2025-02-02 22:04:00+00:00,short,strat_a_window,155.16,154.887,155.14,155.01,145.17,partial_tp_then_session_close,21.15000000000009,1365.1274006887033,1000000,3008.0,94165.90647754008,95531.03387822877,27.299999999999613,7.00000000000216,2025-01-31,strat_a_meanrev,0.0075,,,,,,27.197216852889,,,2.000000000001023,10.574999999994635,154.43633333333335,154.99137933333336,153.88128733333335,155.18155832387055,154.99654167612943,66.00000000000186,ABC
35,strat_b_breakout,2025-02-06 01:10:00+00:00,2025-02-06 01:39:00+00:00,short,strat_b_window,152.346,152.019,152.585072,152.15025,142.356,partial_tp_then_trail,24.82500000000016,496.85563199566036,304380,29.0,95531.03387822877,96027.88951022443,48.599999999999,4.800000000000182,2025-02-06,strat_b_breakout,0.005,152.768,152.472,152.62,29.599999999999227,normal_12_30,25.876241486175697,152.50771617968638,-0.002128648995605084,23.907199999999307,1.0383901084192577,,,,,,,
36,strat_a_meanrev,2025-02-11 18:30:00+00:00,2025-02-11 19:33:00+00:00,short,strat_a_window,152.44899999999998,152.54899999999998,152.54899999999998,152.35775206611564,142.45899999999997,sl_hit,-9.999999999999432,-655.5270765458596,1000000,63.0,96027.88951022443,95372.36243367857,1.8999999999977035,11.100000000001842,2025-02-11,strat_a_meanrev,0.0075,,,,,,15.82922572379616,,,9.999999999999432,-1.0,151.924,152.42212800000001,151.425872,152.43521183513414,152.2976881648659,67.08074534161386,ABC
37,strat_a_meanrev,2025-02-14 19:38:00+00:00,2025-02-14 21:02:00+00:00,long,strat_a_window,152.264,152.28400000000002,152.28400000000002,152.324,162.25400000000002,sl_hit,4.000000000000625,262.61539003194383,1000000,84.0,95372.36243367857,95634.97782371052,8.199999999999363,9.400000000002251,2025-02-14,strat_a_meanrev,0.0075,,,,,,28.024020300036913,,,2.000000000001023,1.9999999999992895,153.39499999999998,154.147922,152.64207799999997,152.3891061523158,152.24769384768425,28.506787330320122,ABCDE
38,strat_a_meanrev,2025-02-14 19:48:00+00:00,2025-02-14 21:03:00+00:00,long,strat_a_window,152.25,152.27,152.27,152.31,162.24,sl_hit,4.000000000000625,262.6395306462286,1000000,75.0,95634.97782371052,95897.61735435674,9.600000000000364,8.00000000000125,2025-02-14,strat_a_meanrev,0.0075,,,,,,26.503436464770857,,,2.000000000001023,1.9999999999992895,153.39499999999998,154.147922,152.64207799999997,152.40119022155375,152.22120977844628,22.2748815165954,ABCDE
39,strat_b_breakout,2025-02-18 00:50:00+00:00,2025-02-18 02:00:00+00:00,long,strat_b_window,151.708,151.72799999999998,151.47811,151.87675,161.698,session_close,1.999999999998181,29.196325002609747,221495,70.0,95897.61735435674,95926.81367935936,8.29999999999984,12.600000000000477,2025-02-18,strat_b_breakout,0.0034999999999999996,151.629,151.234,151.4315,39.49999999999818,wide_30_40,37.87802372118359,151.56701012629333,0.0016573235874781367,22.98900000000117,0.08699812954013134,,,,,,,
40,strat_a_meanrev,2025-02-25 20:59:00+00:00,2025-02-25 22:04:00+00:00,long,strat_a_window,148.959,148.999,148.859,149.07235925925934,158.949,session_close,3.999999999999204,268.4581775716082,1000000,65.0,95926.81367935936,96195.27185693097,7.399999999998386,3.0000000000001137,2025-02-25,strat_a_meanrev,0.0075,,,,,,16.644709509917973,,,9.999999999999432,0.3999999999999432,149.47966666666665,149.87274466666665,149.08658866666664,149.14217730890743,148.96272269109255,16.95652173913382,ABCD
41,strat_b_breakout,2025-02-26 00:20:00+00:00,2025-02-26 01:00:00+00:00,short,strat_b_window,148.778,148.978734,148.978734,148.60689285714284,138.78799999999998,sl_hit,-20.07340000000113,-336.2289387289519,249539,40.0,96195.27185693097,95859.04291820202,8.499999999997954,27.50000000000057,2025-02-26,strat_b_breakout,0.0034999999999999996,149.187,148.85,149.01850000000002,33.70000000000175,wide_30_40,24.146029855022004,148.9469807172101,-0.0010339734121122355,20.07340000000113,-1.0,,,,,,,
42,strat_a_meanrev,2025-03-06 19:33:00+00:00,2025-03-06 19:55:00+00:00,long,strat_a_window,147.656,147.76,147.67600000000002,147.806,157.64600000000002,partial_tp_then_be,12.699999999999534,859.3439265905246,1000000,22.0,95859.04291820202,96718.38684479253,19.599999999999795,9.200000000001296,2025-03-06,strat_a_meanrev,0.0075,,,,,,30.888713489899146,,,2.000000000001023,6.349999999996518,149.158,149.84330799999998,148.472692,147.97850153702493,147.62069846297507,27.71474878444336,ABCDE
43,strat_a_meanrev,2025-03-13 16:56:00+00:00,2025-03-13 17:15:00+00:00,long,strat_a_window,147.598,147.49800000000002,147.49800000000002,147.65800000000002,157.58800000000002,sl_hit,-9.999999999999432,-677.9752945802269,1000000,19.0,96718.38684479253,96040.4115502123,3.8999999999987267,10.400000000001342,2025-03-13,strat_a_meanrev,0.0075,,,,,,31.646063173141666,,,9.999999999999432,-1.0,148.38433333333333,148.94472733333333,147.82393933333333,147.89744824696984,147.54945175303018,23.091603053435605,ABCDE
44,strat_a_meanrev,2025-03-14 17:46:00+00:00,2025-03-14 18:33:00+00:00,short,strat_a_window,148.458,148.558,148.558,148.3589610389611,138.468,sl_hit,-9.999999999999432,-673.1377643748187,1000000,47.0,96040.4115502123,95367.27378583749,2.400000000000091,10.80000000000041,2025-03-14,strat_a_meanrev,0.0075,,,,,,10.579240358430521,,,9.999999999999432,-1.0,147.84966666666665,148.21638666666666,147.48294666666663,148.45221222824145,148.25368777175854,70.12578616352083,ABCDE
45,strat_a_meanrev,2025-03-14 20:03:00+00:00,2025-03-16 21:04:00+00:00,short,strat_a_window,148.63199999999998,148.73199999999997,148.73199999999997,148.48199999999997,138.64199999999997,sl_hit,-9.999999999999432,-672.3502675953686,1000000,2941.0,95367.27378583749,94694.92351824213,5.999999999997385,12.60000000000332,2025-03-14,strat_a_meanrev,0.0075,,,,,,26.611016730246103,,,9.999999999999432,-1.0,147.84966666666665,148.21638666666666,147.48294666666663,148.63860821380217,148.48429178619784,69.08212560386295,ABCE
46,strat_b_breakout,2025-03-18 01:00:00+00:00,2025-03-18 01:30:00+00:00,long,strat_b_window,149.46300000000002,149.44799999999998,149.269064,149.59939285714287,159.45300000000003,time_exit_30min,-1.50000000000432,-25.637144692542126,255428,30.0,94694.92351824213,94669.28637354958,1.999999999998181,10.800000000003251,2025-03-18,strat_b_breakout,0.0034999999999999996,149.402,149.054,149.228,34.79999999999848,wide_30_40,38.11342250987593,149.3680535696711,0.00038153121193065754,19.39360000000363,-0.07734510353952022,,,,,,,
47,strat_b_breakout,2025-03-27 01:40:00+00:00,2025-03-27 02:00:00+00:00,short,strat_b_window,150.16,150.162,150.409476,149.94046428571428,140.17,session_close,-0.20000000000095497,-2.6562645676130083,199435,20.0,94669.28637354958,94666.63010898196,6.399999999999295,6.200000000001182,2025-03-27,strat_b_breakout,0.0034999999999999996,150.606,150.288,150.447,31.799999999998363,wide_30_40,36.981383603710505,150.34774324878495,-0.0018942792765846914,24.947600000001557,-0.008016803219585951,,,,,,,
48,strat_b_breakout,2025-03-28 00:40:00+00:00,2025-03-28 00:57:00+00:00,long,strat_b_window,151.202,150.983918,150.983918,151.32414285714285,161.192,sl_hit,-21.808200000000966,-331.81171788112044,229722,17.0,94666.63010898196,94334.81839110084,0.0,25.600000000000023,2025-03-28,strat_b_breakout,0.0034999999999999996,151.118,150.767,150.9425,35.09999999999991,wide_30_40,27.57749423382595,151.0154970357636,0.002227260072385848,21.808200000000966,-1.0,,,,,,,
49,strat_a_meanrev,2025-03-28 20:11:00+00:00,2025-03-28 20:56:00+00:00,long,strat_a_window,149.71800000000002,149.79799999999997,149.73800000000003,149.86800000000002,159.70800000000003,partial_tp_then_be,11.499999999998067,767.466649573778,1000000,45.0,94334.81839110084,95102.28504067461,16.59999999999684,4.200000000003001,2025-03-28,strat_a_meanrev,0.0075,,,,,,34.451698359548395,,,2.000000000001023,5.749999999996092,150.75833333333333,151.17738733333331,150.33927933333334,150.0666460122536,149.7199539877464,10.69182389936904,ABCDE
50,strat_b_breakout,2025-04-01 01:05:00+00:00,2025-04-01 02:00:00+00:00,short,strat_b_window,149.70399999999998,149.846,149.951274,149.5203571428571,139.71399999999997,session_close,-14.200000000002433,-190.9664322037619,201518,55.0,95102.28504067461,94911.31860847086,4.2999999999977945,21.800000000001774,2025-04-01,strat_b_breakout,0.0034999999999999996,150.141,149.834,149.9875,30.699999999998795,wide_30_40,34.937659718947494,149.86990770054828,-0.000840908180835334,24.727400000003286,-0.574261750123367,,,,,,,
51,strat_a_meanrev,2025-04-03 20:50:00+00:00,2025-04-03 21:40:00+00:00,long,strat_a_window,146.091,145.991,145.991,146.23401149425285,156.08100000000002,sl_hit,-9.999999999999432,-684.9737312573674,1000000,50.0,94911.31860847086,94226.34487721349,1.2999999999976808,13.2000000000005,2025-04-03,strat_a_meanrev,0.0075,,,,,,30.170817971610823,,,9.999999999999432,-1.0,149.29566666666668,149.98212066666667,148.60921266666668,146.49742046128122,146.0962795387188,30.915371329879036,ABCE
52,strat_b_breakout,2025-04-16 00:20:00+00:00,2025-04-16 02:00:00+00:00,short,strat_b_window,142.864,142.79000000000002,143.05643,142.6672857142857,132.874,session_close,7.399999999998386,126.88882974995481,244844,100.0,94226.34487721349,94353.23370696344,15.000000000000568,14.000000000001478,2025-04-16,strat_b_breakout,0.0034999999999999996,143.282,142.917,143.0995,36.50000000000091,wide_30_40,30.251512817253406,143.06503698067957,-0.0017746600897110983,19.243000000000166,0.3845554227510431,,,,,,,
53,strat_a_meanrev,2025-04-16 17:41:00+00:00,2025-04-16 18:04:00+00:00,long,strat_a_window,142.369,142.269,142.269,142.519,152.359,sl_hit,-9.999999999999432,-702.8938138315045,1000000,23.0,94353.23370696344,93650.33989313194,7.299999999997908,12.90000000000191,2025-04-16,strat_a_meanrev,0.0075,,,,,,20.481046447065523,,,9.999999999999432,-1.0,143.13133333333334,143.51218733333334,142.75047933333335,142.7051326582224,142.42316734177757,34.398976982096286,ABCE
54,strat_b_breakout,2025-04-22 00:20:00+00:00,2025-04-22 00:59:00+00:00,long,strat_b_window,141.062,140.854704,140.854704,141.22978571428573,151.05200000000002,sl_hit,-20.72960000000137,-328.25847912046345,223047,39.0,93650.33989313194,93322.08141401148,10.3999999999985,22.20000000000084,2025-04-22,strat_b_breakout,0.0034999999999999996,140.98,140.652,140.81599999999997,32.800000000000296,wide_30_40,24.102201689801053,140.87952899412403,0.00254449309148806,20.72960000000137,-1.0,,,,,,,
55,strat_b_breakout,2025-04-25 00:45:00+00:00,2025-04-25 02:00:00+00:00,long,strat_b_window,143.01000000000002,142.95999999999998,142.77567200000001,143.17050000000003,153.00000000000003,session_close,-5.000000000003979,-69.71880246228268,199340,75.0,93322.08141401148,93252.3626115492,9.799999999998477,10.800000000003251,2025-04-25,strat_b_breakout,0.0034999999999999996,142.93,142.526,142.728,40.399999999999636,over_40,43.440738562595165,142.92355699515127,0.0011481538526163604,23.432800000000498,-0.21337612235856887,,,,,,,
56,strat_a_meanrev,2025-04-30 18:24:00+00:00,2025-04-30 19:35:00+00:00,short,strat_a_window,142.917,142.812,142.897,142.767,132.927,partial_tp_then_be,12.749997748989069,892.5465596646127,999551,71.0,93252.3626115492,94144.9091712138,19.299999999998363,4.900000000000659,2025-04-30,strat_a_meanrev,0.0075,,,,,,18.884040678440392,,,2.000000000001023,6.374998874491273,142.34533333333334,142.64902333333333,142.04164333333335,142.91848452947863,142.5565154705214,74.87684729064097,ABCDE
57,strat_a_meanrev,2025-04-30 20:14:00+00:00,2025-04-30 20:31:00+00:00,short,strat_a_window,143.052,143.152,143.152,142.902,133.06199999999998,sl_hit,-9.999999999999432,-698.5581759248514,1000000,17.0,94144.9091712138,93446.35099528896,3.7999999999982492,12.100000000000932,2025-04-30,strat_a_meanrev,0.0075,,,,,,20.806526988205626,,,9.999999999999432,-1.0,142.34533333333334,142.64902333333333,142.04164333333335,143.02513766732596,142.68296233267404,84.30851063829355,ABCDE
58,strat_a_meanrev,2025-05-06 18:48:00+00:00,2025-05-06 19:28:00+00:00,long,strat_a_window,142.495,142.395,142.395,142.60228776978417,152.485,sl_hit,-9.999999999999432,-701.3392324168286,998672,40.0,93446.35099528896,92745.01176287213,0.0,11.800000000002342,2025-05-06,strat_a_meanrev,0.0075,,,,,,12.008319769933408,,,9.999999999999432,-1.0,144.085,144.640428,143.529572,142.64106183111812,142.47623816888188,30.422535211267203,ABCE
59,strat_a_meanrev,2025-05-06 18:58:00+00:00,2025-05-06 19:44:00+00:00,long,strat_a_window,142.466,142.366,142.366,142.59257046979863,152.45600000000002,sl_hit,-9.999999999999432,-701.3395052189028,998469,46.0,92745.01176287213,92043.67225765323,0.39999999999906777,11.600000000001387,2025-05-06,strat_a_meanrev,0.0075,,,,,,12.008319769933408,,,9.999999999999432,-1.0,144.085,144.640428,143.529572,142.6523365946408,142.44496340535923,34.50292397660829,ABCE
60,strat_b_breakout,2025-05-13 00:35:00+00:00,2025-05-13 01:01:00+00:00,short,strat_b_window,148.064,147.906,148.302398,147.88967857142856,138.07399999999998,partial_tp_then_trail,16.779282288184945,324.28494936273785,285831,26.0,92043.67225765323,92367.95720701598,26.29999999999768,2.200000000001978,2025-05-13,strat_b_breakout,0.005,148.481,148.192,148.3365,28.899999999998727,normal_12_30,30.676897772927592,148.22321852300715,-0.0010456934296720647,23.839800000001787,0.7038348596961252,,,,,,,
61,strat_a_meanrev,2025-05-15 19:56:00+00:00,2025-05-15 21:40:00+00:00,long,strat_a_window,145.58,145.62499999999997,145.60000000000002,145.66563285024165,155.57000000000002,partial_tp_then_be,6.531642512079827,448.44279243892436,1000000,104.0,92367.95720701598,92816.39999945491,15.599999999997749,4.400000000001114,2025-05-15,strat_a_meanrev,0.0075,,,,,,23.23394731083682,,,2.000000000001023,3.265821256038243,146.63633333333334,147.42516333333333,145.84750333333335,145.74493556713742,145.55856443286262,29.816513761463042,ABCD
62,strat_b_breakout,2025-05-16 00:20:00+00:00,2025-05-16 00:58:00+00:00,short,strat_b_window,145.332,145.132,145.548712,145.17214285714286,135.34199999999998,partial_tp_then_trail,17.59143962722333,264.02329422261755,217856,38.0,92816.39999945491,93080.42329367752,32.19999999999743,3.8000000000010914,2025-05-16,strat_b_breakout,0.0034999999999999996,145.744,145.428,145.586,31.60000000000025,wide_30_40,20.37335586152912,145.4873046380072,-0.0013330218368215565,21.671200000000113,0.8117427566181494,,,,,,,
63,strat_a_meanrev,2025-05-20 17:54:00+00:00,2025-05-20 18:12:00+00:00,long,strat_a_window,144.674,144.574,144.574,144.78602352941175,154.66400000000002,sl_hit,-9.999999999999432,-691.6873020044706,1000000,18.0,93080.42329367752,92388.73599167305,1.4999999999986358,10.400000000001342,2025-05-20,strat_a_meanrev,0.0075,,,,,,8.667425997481986,,,9.999999999999432,-1.0,145.00733333333332,145.31904533333332,144.69562133333332,144.91571110930832,144.6521888906917,25.484764542934727,ABCD
64,strat_a_meanrev,2025-05-20 19:29:00+00:00,2025-05-20 22:00:00+00:00,long,strat_a_window,144.47500000000002,144.48399999999998,144.37500000000003,144.62500000000003,154.46500000000003,session_close,0.8999999999957708,62.290634256787676,1000000,151.0,92388.73599167305,92451.02662592984,12.799999999995748,5.1000000000044565,2025-05-20,strat_a_meanrev,0.0075,,,,,,10.012625888866863,,,9.999999999999432,0.0899999999995822,145.00733333333332,145.31904533333332,144.69562133333332,144.68218734298935,144.45781265701063,28.99159663865065,ABCDE
65,strat_a_meanrev,2025-05-20 21:56:00+00:00,2025-05-20 22:00:00+00:00,long,strat_a_window,144.482,144.48399999999998,144.382,144.5986730158731,154.472,session_close,0.1999999999981128,13.842363168109467,1000000,4.0,92451.02662592984,92464.86898909794,0.39999999999906777,2.400000000000091,2025-05-20,strat_a_meanrev,0.0075,,,,,,33.97888797309259,,,9.999999999999432,0.019999999999812418,145.00733333333332,145.31904533333332,144.69562133333332,144.59266094994803,144.44493905005197,32.95454545454717,ABCE
66,strat_a_meanrev,2025-05-21 17:12:00+00:00,2025-05-21 17:20:00+00:00,long,strat_a_window,143.596,143.496,143.496,143.67704651162788,153.586,sl_hit,-9.999999999999432,-693.9691698722914,995818,8.0,92464.86898909794,91770.89981922565,2.7999999999991587,12.20000000000141,2025-05-21,strat_a_meanrev,0.0075,,,,,,10.611173921427648,,,9.999999999999432,-1.0,144.69933333333333,145.24253733333333,144.15612933333333,143.75354882741817,143.59785117258184,34.69387755102251,ABCE
67,strat_b_breakout,2025-05-23 01:50:00+00:00,2025-05-23 02:00:00+00:00,short,strat_b_window,143.654,143.59400000000002,143.893408,143.45653571428574,133.664,session_close,5.999999999997386,80.53163781212974,192731,10.0,91770.89981922565,91851.43145703779,6.299999999998818,2.400000000000091,2025-05-23,strat_b_breakout,0.0034999999999999996,144.106,143.762,143.934,34.39999999999941,wide_30_40,25.623426749983533,143.8017120266683,-0.0015012719109243928,23.94079999999974,0.25061819153902337,,,,,,,
68,strat_a_meanrev,2025-05-23 17:48:00+00:00,2025-05-23 18:19:00+00:00,long,strat_a_window,142.547,142.447,142.447,142.64543037974687,152.537,sl_hit,-9.999999999999432,-689.3686774729857,981985,31.0,91851.43145703779,91162.0627795648,6.89999999999884,10.300000000000864,2025-05-23,strat_a_meanrev,0.0075,,,,,,19.63016624450413,,,9.999999999999432,-1.0,143.76366666666664,144.38021466666663,143.14711866666664,142.74280838006,142.56739161994,30.94339622641428,ABCE
69,strat_b_breakout,2025-05-28 00:20:00+00:00,2025-05-28 00:51:00+00:00,short,strat_b_window,144.00799999999998,143.992,144.239342,143.90535714285713,134.01799999999997,partial_tp_then_trail,6.798565321305551,134.03915596621334,283737,31.0,91162.0627795648,91296.10193553101,14.899999999997249,2.200000000001978,2025-05-28,strat_b_breakout,0.005,144.413,144.132,144.2725,28.10000000000059,normal_12_30,27.04164516089266,144.14527659300063,-0.001525278016583924,23.134200000001215,0.2938750992601946,,,,,,,
70,strat_b_breakout,2025-05-28 00:55:00+00:00,2025-05-28 01:05:00+00:00,short,strat_b_window,144.064,144.239342,144.239342,143.9422857142857,134.07399999999998,sl_hit,-17.534200000000055,-455.9253174075087,375052,10.0,91296.10193553101,90840.1766181235,0.9999999999990905,28.700000000000614,2025-05-28,strat_b_breakout,0.005,144.413,144.132,144.2725,28.10000000000059,normal_12_30,34.76116076988565,144.0465371486562,6.941455762096115e-05,17.534200000000055,-1.0,,,,,,,
71,strat_a_meanrev,2025-05-30 16:33:00+00:00,2025-05-30 17:14:00+00:00,long,strat_a_window,143.984,143.82670399999995,143.82670399999995,144.044,153.97400000000002,sl_hit,-15.729600000005917,-682.0457488342147,623642,41.0,90840.1766181235,90158.13086928928,4.999999999998295,17.700000000002092,2025-05-30,strat_a_meanrev,0.0075,,,,,,27.081018816058776,,,15.729600000005917,-1.0,144.79599999999996,145.68529599999997,143.90670399999996,144.3235505586417,143.98354944135835,25.795053003532374,ABCD
72,strat_a_meanrev,2025-05-30 16:44:00+00:00,2025-05-30 17:14:00+00:00,long,strat_a_window,143.991,143.82670399999995,143.82670399999995,144.05100000000002,153.98100000000002,sl_hit,-16.429600000006417,-682.0787716865038,597100,30.0,90158.13086928928,89476.05209760278,0.1999999999981128,18.400000000002592,2025-05-30,strat_a_meanrev,0.0075,,,,,,27.081018816058776,,,16.429600000006417,-1.0,144.79599999999996,145.68529599999997,143.90670399999996,144.2830977599289,143.96500224007113,33.39960238568432,ABC
73,strat_a_meanrev,2025-06-03 20:02:00+00:00,2025-06-03 21:10:00+00:00,short,strat_a_window,144.054,143.92700000000002,144.034,143.9492253521127,134.064,partial_tp_then_be,11.588733543907857,778.3168947180257,966703,68.0,89476.05209760278,90254.3689923208,21.299999999999386,1.9000000000005457,2025-06-03,strat_a_meanrev,0.0075,,,,,,28.974758348585993,,,2.000000000001023,5.794366771950964,143.06866666666667,143.62256666666667,142.51476666666667,144.0784683953372,143.83763160466282,80.31496062992724,ABCDE
74,strat_a_meanrev,2025-06-04 21:05:00+00:00,2025-06-04 21:56:00+00:00,long,strat_a_window,142.734,142.75400000000002,142.75400000000002,142.794,152.72400000000002,sl_hit,3.9999979299865394,270.6680060299644,966177,51.0,90254.3689923208,90525.03699835077,8.799999999999386,3.000000000002956,2025-06-04,strat_a_meanrev,0.0075,,,,,,34.458710562213405,,,2.000000000001023,1.9999989649922465,143.48566666666667,144.14881866666667,142.82251466666668,142.94473909385744,142.7464609061426,19.090909090909918,ABCD
75,strat_a_meanrev,2025-06-06 20:54:00+00:00,2025-06-08 21:12:00+00:00,short,strat_a_window,144.85999999999999,144.86800000000002,144.83999999999997,144.79999999999998,134.86999999999998,partial_tp_then_time_decay,2.5999965429886593,176.60943791531628,983509,2898.0,90525.03699835077,90701.64643626609,6.599999999997408,3.300000000001546,2025-06-06,strat_a_meanrev,0.0075,,,,,,21.029570304408516,,,2.000000000001023,1.2999982714936646,143.35066666666665,143.90342066666665,142.79791266666666,144.85691083417296,144.77498916582707,65.86826347306143,ABCE
76,strat_a_meanrev,2025-06-11 18:06:00+00:00,2025-06-11 18:13:00+00:00,long,strat_a_window,144.42000000000002,144.32000000000002,144.32000000000002,144.55996907216488,154.41000000000003,sl_hit,-9.999999999999432,-680.733093126347,982434,7.0,90701.64643626609,90020.91334313975,0.0,10.000000000002274,2025-06-11,strat_a_meanrev,0.0075,,,,,,34.445096632112055,,,9.999999999999432,-1.0,144.86233333333334,145.20307733333334,144.52158933333334,144.6595990006348,144.44940099936522,30.170777988614006,ABCE
77,strat_a_meanrev,2025-06-12 16:34:00+00:00,2025-06-12 17:04:00+00:00,long,strat_a_window,143.65800000000002,143.55800000000002,143.55800000000002,143.71800000000002,153.64800000000002,sl_hit,-9.999999999999432,-675.626576018017,969916,30.0,90020.91334313975,89345.28676712174,2.399999999997249,12.000000000003297,2025-06-12,strat_a_meanrev,0.0075,,,,,,18.554585297220225,,,9.999999999999432,-1.0,144.77833333333334,145.21534133333333,144.34132533333334,143.86346867117814,143.57263132882187,25.75406032482786,ABCDE
78,strat_a_meanrev,2025-06-13 17:49:00+00:00,2025-06-13 18:55:00+00:00,short,strat_a_window,144.15599999999998,143.95600000000002,144.13599999999997,144.0676625000001,134.16599999999997,partial_tp_then_be,14.416886707626478,477.470753458917,476879,66.0,89345.28676712174,89822.75752058065,29.39999999999543,2.0000000000038654,2025-06-13,strat_a_meanrev,0.0075,,,,,,20.276300455265325,,,2.000000000001023,7.208443353809551,143.76133333333334,144.27856133333333,143.24410533333335,144.1799101425213,143.92848985747867,85.27397260274593,ABCD
79,strat_b_breakout,2025-06-17 00:45:00+00:00,2025-06-17 02:00:00+00:00,long,strat_b_window,144.976,144.892,144.84199999999998,145.1272857142857,154.966,session_close,-8.400000000000318,-172.23501642603418,297089,75.0,89822.75752058065,89650.52250415462,12.999999999999545,19.80000000000075,2025-06-17,strat_b_breakout,0.005,144.868,144.577,144.7225,29.09999999999968,normal_12_30,35.57231824527528,144.80874684659517,0.0019075000691121972,13.400000000001455,-0.6268656716417468,,,,,,,
80,strat_a_meanrev,2025-06-17 17:11:00+00:00,2025-06-17 18:48:00+00:00,short,strat_a_window,145.218,145.31799999999998,145.31799999999998,145.1368571428571,135.22799999999998,sl_hit,-9.999999999999432,-671.9160737141611,976415,97.0,89650.52250415462,88978.60643044046,7.999999999998408,13.800000000003365,2025-06-17,strat_a_meanrev,0.0075,,,,,,25.063841385905167,,,9.999999999999432,-1.0,144.418,144.88709599999999,143.94890400000003,145.23882701454735,144.89417298545263,69.15077989601613,ABCE
81,strat_a_meanrev,2025-06-24 17:11:00+00:00,2025-06-24 17:22:00+00:00,long,strat_a_window,144.69,144.59,144.59,144.75,154.68,sl_hit,-9.999999999999432,-667.8006777785083,965573,11.0,88978.60643044046,88310.80575266195,0.1999999999981128,10.200000000000387,2025-06-24,strat_a_meanrev,0.0075,,,,,,23.83664870001012,,,9.999999999999432,-1.0,146.732,147.504404,145.959596,144.94904022386677,144.67055977613322,34.73684210526717,ABCE
82,strat_a_meanrev,2025-06-26 21:16:00+00:00,2025-06-26 22:00:00+00:00,long,strat_a_window,144.412,144.399,144.312,144.472,154.40200000000002,session_close,-1.300000000000523,-86.11074176417428,956485,44.0,88310.80575266195,88224.69501089778,0.2999999999985903,4.600000000002069,2025-06-26,strat_a_meanrev,0.0075,,,,,,34.073574968697166,,,9.999999999999432,-0.13000000000005968,145.25700000000003,145.77002600000003,144.74397400000004,144.4948353508285,144.3103646491715,30.55555555555955,ABCE
83,strat_b_breakout,2025-07-08 01:25:00+00:00,2025-07-08 02:00:00+00:00,long,strat_b_window,146.21200000000002,146.278,146.037288,146.42167857142857,156.20200000000003,session_close,6.599999999997408,116.59572868095889,258415,35.0,88224.69501089778,88341.29073957873,6.599999999997408,17.4000000000035,2025-07-08,strat_b_breakout,0.0034999999999999996,146.158,145.842,146.0,31.599999999997408,wide_30_40,32.392338883481266,146.0848516086029,0.0013423921976877839,17.471200000002796,0.37776454965865836,,,,,,,
84,strat_b_breakout,2025-07-09 01:15:00+00:00,2025-07-09 01:38:00+00:00,long,strat_b_window,146.93200000000002,146.74239,146.74239,147.08575000000002,156.92200000000003,sl_hit,-18.961000000001604,-309.59394896051407,239600,23.0,88341.29073957873,88031.69679061823,1.1999999999972033,20.20000000000266,2025-07-09,strat_b_breakout,0.0034999999999999996,146.878,146.523,146.70049999999998,35.49999999999898,wide_30_40,38.045818491719494,146.82685244648857,0.0005856794562716241,18.961000000001604,-1.0,,,,,,,
85,strat_b_breakout,2025-07-10 00:20:00+00:00,2025-07-10 01:02:00+00:00,short,strat_b_window,146.01,145.871,146.23044,145.89932142857143,136.01999999999998,partial_tp_then_trail,12.200719836784769,170.67461196579848,204079,42.0,88031.69679061823,88202.37140258403,24.59999999999809,1.6000000000019554,2025-07-10,strat_b_breakout,0.0034999999999999996,146.49,146.07,146.28,42.00000000000159,over_40,25.838915102655086,146.13731783394613,-0.0006433420937362714,22.04399999999964,0.5534712319354458,,,,,,,
86,strat_a_meanrev,2025-07-10 18:02:00+00:00,2025-07-10 22:00:00+00:00,long,strat_a_window,146.323,146.236,146.14578133333333,146.41307526881718,156.31300000000002,session_close,-8.70000000000175,-324.9447263328426,546191,238.0,88202.37140258403,87877.42667625118,0.0,16.200000000000614,2025-07-10,strat_a_meanrev,0.0075,,,,,,27.046193673069663,,,17.72186666666755,-0.49091894006658343,146.58333333333334,146.94088533333334,146.22578133333334,146.51866492545335,146.31363507454662,33.15217391304519,ABC
87,strat_a_meanrev,2025-07-10 18:21:00+00:00,2025-07-10 22:00:00+00:00,long,strat_a_window,146.25900000000001,146.236,146.14578133333333,146.38621428571426,156.24900000000002,session_close,-2.3000000000024556,-134.4061517001353,854566,219.0,87877.42667625118,87743.02052455104,4.199999999997317,9.800000000001319,2025-07-10,strat_a_meanrev,0.0075,,,,,,26.253029716183935,,,11.321866666668257,-0.2031467131452528,146.58333333333334,146.94088533333334,146.22578133333334,146.53015134091802,146.23934865908197,28.535353535357473,ABCD
88,strat_a_meanrev,2025-07-23 18:30:00+00:00,2025-07-23 20:01:00+00:00,long,strat_a_window,146.419,146.48899999999998,146.43900000000002,146.52506611570251,156.40900000000002,partial_tp_then_be,8.803302590882033,339.2171923851391,564549,91.0,87743.02052455104,88082.23771693619,15.499999999997272,5.100000000001614,2025-07-23,strat_a_meanrev,0.0075,,,,,,10.70431278246537,,,2.000000000001023,4.401651295438765,146.95633333333333,147.58434133333333,146.32832533333334,146.63134720324481,146.42305279675517,34.71074380165186,ABC
89,strat_a_meanrev,2025-07-24 20:37:00+00:00,2025-07-24 21:46:00+00:00,short,strat_a_window,146.963,147.102728,147.102728,146.86831854838707,136.97299999999998,sl_hit,-13.97280000000194,-659.9883614395884,694822,69.0,88082.23771693619,87422.24935549659,0.5999999999971806,16.700000000003,2025-07-24,strat_a_meanrev,0.0075,,,,,,23.393225668823817,,,13.97280000000194,-1.0,146.601,147.022728,146.179272,146.97686206442341,146.85583793557663,66.84636118598212,ABC
90,strat_a_meanrev,2025-07-24 20:56:00+00:00,2025-07-24 21:46:00+00:00,short,strat_a_window,146.99499999999998,147.102728,147.102728,146.87691385767795,137.00499999999997,sl_hit,-10.772800000003713,-660.1326383018094,901412,50.0,87422.24935549659,86762.11671719479,0.3999999999962256,13.500000000004775,2025-07-24,strat_a_meanrev,0.0075,,,,,,26.437874327507895,,,10.772800000003713,-1.0,146.601,147.022728,146.179272,147.0124142841725,146.84158571582748,71.51702786377625,ABCD
91,strat_a_meanrev,2025-07-25 20:27:00+00:00,2025-07-27 21:04:00+00:00,short,strat_a_window,147.649,147.749,147.749,147.589,137.659,sl_hit,-9.999999999999432,-650.27512876564,960775,2917.0,86762.11671719479,86111.84158842915,0.0,12.300000000001887,2025-07-25,strat_a_meanrev,0.0075,,,,,,34.007736912239366,,,9.999999999999432,-1.0,146.69266666666667,147.17704266666667,146.20829066666667,147.6855540092288,147.5209459907712,73.50427350427267,ABCDE
92,strat_b_breakout,2025-08-08 01:55:00+00:00,2025-08-08 02:00:00+00:00,long,strat_b_window,147.244,147.26999999999998,147.00734599999998,147.44725,157.234,session_close,2.5999999999982037,33.1065254294604,187523,5.0,86111.84158842915,86144.94811385861,3.999999999999204,1.8000000000000682,2025-08-08,strat_b_breakout,0.0034999999999999996,147.159,146.762,146.9605,39.699999999999136,wide_30_40,38.142948447481444,147.20264822629863,0.0003668926906822985,23.66540000000157,0.10986503502996067,,,,,,,
93,strat_a_meanrev,2025-08-21 19:18:00+00:00,2025-08-21 22:00:00+00:00,short,strat_a_window,148.35,148.36200000000002,148.45,148.29,138.35999999999999,session_close,-1.2000000000028876,-77.52416386964097,958470,162.0,86144.94811385861,86067.42394998897,4.699999999999704,6.60000000000025,2025-08-21,strat_a_meanrev,0.0075,,,,,,34.02964102072982,,,9.999999999999432,-0.12000000000029559,147.335,147.696372,146.97362800000002,148.38093340525944,148.21206659474052,65.86206896551991,ABCE
94,strat_a_meanrev,2025-08-28 16:33:00+00:00,2025-08-28 17:04:00+00:00,long,strat_a_window,146.89700000000002,146.79700000000003,146.79700000000003,146.95700000000002,156.88700000000003,sl_hit,-9.999999999999432,-645.9450806215018,948228,31.0,86067.42394998897,85421.47886936746,2.2999999999967713,14.900000000002933,2025-08-28,strat_a_meanrev,0.0075,,,,,,14.460611226029508,,,9.999999999999432,-1.0,147.62533333333332,147.96875133333333,147.2819153333333,147.08658582925077,146.90241417074927,27.574750830569613,ABCDE
95,strat_a_meanrev,2025-08-28 16:50:00+00:00,2025-08-28 17:04:00+00:00,long,strat_a_window,146.848,146.74800000000002,146.74800000000002,146.90800000000002,156.83800000000002,sl_hit,-9.999999999999432,-645.9454302613636,947912,14.0,85421.47886936746,84775.5334391061,1.1999999999972033,10.000000000002274,2025-08-28,strat_a_meanrev,0.0075,,,,,,18.276305419749168,,,9.999999999999432,-1.0,147.62533333333332,147.96875133333333,147.2819153333333,147.08708040093856,146.86871959906145,33.5483870967752,ABCE
96,strat_a_meanrev,2025-09-02 17:58:00+00:00,2025-09-02 18:45:00+00:00,short,strat_a_window,148.36599999999999,148.46599999999998,148.46599999999998,148.30599999999998,138.37599999999998,sl_hit,-9.999999999999432,-635.3879002599562,943335,47.0,84775.5334391061,84140.14553884615,0.0,10.800000000003251,2025-09-02,strat_a_meanrev,0.0075,,,,,,33.82435656884201,,,9.999999999999432,-1.0,147.12,147.346144,146.893856,148.39266571058113,148.22843428941889,68.14159292034961,ABCE
97,strat_b_breakout,2025-09-03 00:35:00+00:00,2025-09-03 02:00:00+00:00,long,strat_b_window,148.672,148.83599999999998,148.486568,148.772,158.662,partial_tp_then_session_close,12.560011384489561,284.70094704494227,337301,85.0,84140.14553884615,84424.84648589109,22.199999999998,6.200000000001182,2025-09-03,strat_b_breakout,0.005,148.592,148.316,148.454,27.600000000001046,normal_12_30,37.72436093383603,148.56357203188276,0.0005114814116886519,18.54319999999916,0.6773378588641729,,,,,,,
98,strat_a_meanrev,2025-09-10 19:36:00+00:00,2025-09-10 22:00:00+00:00,short,strat_a_window,147.432,147.401,147.62161666666668,147.33069518716576,137.44199999999998,session_close,3.099999999997749,103.53992849430409,492319,144.0,84424.84648589109,84528.38641438539,4.599999999999227,4.600000000002069,2025-09-10,strat_a_meanrev,0.0075,,,,,,15.068605826795922,,,18.96166666666943,0.163487738419476,147.07366666666667,147.54161666666667,146.60571666666667,147.43249355345603,147.24440644654396,81.44329896906513,ABCD
99,strat_a_meanrev,2025-09-11 19:07:00+00:00,2025-09-11 19:48:00+00:00,long,strat_a_window,147.109,147.12900000000002,147.12900000000002,147.17435443037962,157.09900000000002,sl_hit,4.2677215189812046,270.4569609684954,932616,41.0,84528.38641438539,84798.84337535388,7.499999999998863,2.800000000002001,2025-09-11,strat_a_meanrev,0.0075,,,,,,27.253877604557015,,,2.000000000001023,2.1338607594895107,147.38666666666666,147.59371066666665,147.17962266666666,147.34960933001142,147.1172906699886,26.234567901236034,ABCDE
100,strat_a_meanrev,2025-09-11 19:18:00+00:00,2025-09-11 20:35:00+00:00,long,strat_a_window,147.107,147.127,147.127,147.1699704142011,157.097,sl_hit,4.148518406265792,262.9064258054186,932603,77.0,84798.84337535388,85061.7498011593,7.699999999999818,2.2999999999996135,2025-09-11,strat_a_meanrev,0.0075,,,,,,27.253877604557015,,,2.000000000001023,2.0742592031318345,147.38666666666666,147.59371066666665,147.17962266666666,147.3539506450156,147.1098493549844,22.72727272727704,ABCDE
101,strat_a_meanrev,2025-09-17 16:33:00+00:00,2025-09-17 17:30:00+00:00,long,strat_a_window,146.274,146.30599999999998,146.30599999999998,146.334,156.264,news_tightened_stop,4.599999999999227,293.3621813735698,933174,57.0,85061.7498011593,85355.11198253286,8.799999999999386,2.7000000000015234,2025-09-17,strat_a_meanrev,0.0075,,,,,,19.470540970781844,,,3.1999999999982265,1.4375000000005551,146.76766666666666,147.25013266666664,146.28520066666667,146.39626317854535,146.27863682145463,33.828996282519824,ABC
102,strat_b_breakout,2025-09-18 01:20:00+00:00,2025-09-18 01:50:00+00:00,long,strat_b_window,147.132,147.107,146.93831,147.3009642857143,157.122,time_exit_30min,-2.5000000000005684,-55.09408117901828,324189,30.0,85355.11198253286,85300.01790135384,0.7999999999981355,11.800000000002342,2025-09-18,strat_b_breakout,0.005,147.051,146.756,146.9035,29.49999999999875,normal_12_30,22.073130874239844,146.96371301123767,0.0010614555549507778,19.36900000000037,-0.12907222881927413,,,,,,,
103,strat_a_meanrev,2025-09-18 20:01:00+00:00,2025-09-18 22:00:00+00:00,short,strat_a_window,147.98999999999998,147.982,148.08999999999997,147.88226886792444,137.99999999999997,session_close,0.7999999999981355,51.18276547135698,946766,119.0,85300.01790135384,85351.2006668252,7.299999999997908,4.000000000002046,2025-09-18,strat_a_meanrev,0.0075,,,,,,29.482634316089474,,,9.999999999999432,0.0799999999998181,146.493,147.091976,145.894024,147.95904406317504,147.82765593682495,73.40425531914862,ABCDE
104,strat_a_meanrev,2025-09-24 18:47:00+00:00,2025-09-24 20:49:00+00:00,short,strat_a_window,148.82,148.92,148.92,148.76,138.82999999999998,sl_hit,-9.999999999999432,-639.7038678484729,952647,122.0,85351.2006668252,84711.49679897673,0.0,10.400000000001342,2025-09-24,strat_a_meanrev,0.0075,,,,,,23.204272425354862,,,9.999999999999432,-1.0,147.66133333333335,147.83972733333334,147.48293933333335,148.8144712721,148.7083287279,67.60000000000446,ABCE
105,strat_a_meanrev,2025-09-30 16:51:00+00:00,2025-09-30 19:24:00+00:00,long,strat_a_window,147.73600000000002,147.82799999999997,147.75600000000003,147.79600000000002,157.72600000000003,partial_tp_then_be,7.59999999999792,482.59610323858954,938620,153.0,84711.49679897673,85194.09290221533,18.29999999999643,9.200000000004138,2025-09-30,strat_a_meanrev,0.0075,,,,,,33.91968396022194,,,2.000000000001023,3.799999999997016,148.86533333333333,149.26490533333333,148.46576133333332,148.04767249622319,147.7658275037768,24.470588235291572,ABCDE
106,strat_a_meanrev,2025-10-01 18:35:00+00:00,2025-10-01 20:57:00+00:00,long,strat_a_window,147.044,147.072,147.06400000000002,147.15043650793652,157.03400000000002,partial_tp_then_time_decay,6.721825396824954,429.2318680755415,939546,142.0,85194.09290221533,85623.32477029087,11.599999999998545,2.800000000002001,2025-10-01,strat_a_meanrev,0.0075,,,,,,34.31715194639956,,,2.000000000001023,3.3609126984107576,148.12366666666668,148.58015666666668,147.66717666666668,147.22808963049027,147.05451036950973,33.670033670035224,ABCE
107,strat_b_breakout,2025-10-08 00:50:00+00:00,2025-10-08 01:10:00+00:00,long,strat_b_window,152.21,152.32999999999998,151.96062600000002,152.37050000000002,162.20000000000002,partial_tp_then_trail,14.42998671521338,173.2427789536322,182916,20.0,85623.32477029087,85796.5675492445,23.599999999999,8.00000000000125,2025-10-08,strat_b_breakout,0.0034999999999999996,152.097,151.74,151.9185,35.69999999999993,wide_30_40,26.496583605841405,152.15641897804306,0.0003812177936691077,24.93739999999889,0.5786484042127096,,,,,,,
108,strat_a_meanrev,2025-10-09 18:44:00+00:00,2025-10-09 18:51:00+00:00,short,strat_a_window,153.10399999999998,153.20399999999998,153.20399999999998,153.03804444444447,143.11399999999998,sl_hit,-9.999999999999432,-643.0537061695152,985184,7.0,85796.5675492445,85153.51384307498,0.0,10.000000000002274,2025-10-09,strat_a_meanrev,0.0075,,,,,,16.51386973549067,,,9.999999999999432,-1.0,152.469,152.95146599999998,151.986534,153.11241958887103,152.93948041112895,81.41891891892395,ABCD
109,strat_b_breakout,2025-10-10 01:20:00+00:00,2025-10-10 01:50:00+00:00,short,strat_b_window,152.89999999999998,152.96200000000002,153.07406,152.71646428571427,142.90999999999997,time_exit_30min,-6.2000000000040245,-106.11727095625406,261805,30.0,85153.51384307498,85047.39657211873,1.799999999997226,9.400000000002251,2025-10-10,strat_b_breakout,0.0034999999999999996,153.278,152.948,153.113,32.99999999999841,wide_30_40,23.68665905151901,153.02238488056335,-0.0011366457192877452,17.406000000002564,-0.35619901183517816,,,,,,,
110,strat_b_breakout,2025-10-14 00:50:00+00:00,2025-10-14 01:08:00+00:00,long,strat_b_window,152.55800000000002,152.360714,152.360714,152.6739285714286,162.54800000000003,sl_hit,-19.72860000000196,-425.7866683927883,328828,18.0,85047.39657211873,84621.60990372594,0.0,19.800000000003593,2025-10-14,strat_b_breakout,0.005,152.465,152.192,152.32850000000002,27.299999999999613,normal_12_30,21.684988266533015,152.4621971046347,0.0003672275630517371,19.72860000000196,-1.0,,,,,,,
111,strat_a_meanrev,2025-10-14 19:45:00+00:00,2025-10-14 21:58:00+00:00,long,strat_a_window,151.64600000000002,151.72599999999997,151.66600000000003,151.7574081632652,161.63600000000002,partial_tp_then_be,9.570406531561275,607.0036070067486,962439,133.0,84621.60990372594,85228.61351073268,17.199999999996862,1.6000000000019554,2025-10-14,strat_a_meanrev,0.0075,,,,,,20.503069437731863,,,2.000000000001023,4.78520326577819,152.14133333333334,152.41942933333334,151.86323733333333,151.80212216650366,151.69067783349638,26.43171806167456,ABCDE
112,strat_a_meanrev,2025-10-15 17:12:00+00:00,2025-10-15 18:24:00+00:00,long,strat_a_window,151.12300000000002,151.29599999999996,151.14300000000003,151.2075581395349,161.11300000000003,partial_tp_then_be,12.877906976741825,822.3910069497094,966000,72.0,85228.61351073268,86051.00451768239,26.099999999996726,2.600000000003888,2025-10-15,strat_a_meanrev,0.0075,,,,,,34.49621689439597,,,2.000000000001023,6.438953488367618,151.9896666666667,152.3754866666667,151.6038466666667,151.3177989600171,151.09410103998292,28.61538461538234,ABCDE
113,strat_a_meanrev,2025-10-15 20:06:00+00:00,2025-10-15 20:39:00+00:00,long,strat_a_window,151.223,151.12300000000002,151.12300000000002,151.28300000000002,161.21300000000002,sl_hit,-9.999999999999432,-645.8090429649652,975966,33.0,86051.00451768239,85405.19547471743,3.4999999999968168,11.90000000000282,2025-10-15,strat_a_meanrev,0.0075,,,,,,34.86331608105305,,,9.999999999999432,-1.0,151.9896666666667,152.3754866666667,151.6038466666667,151.34456983678075,151.21563016321926,23.106060606056616,ABCDE
114,strat_a_meanrev,2025-10-21 16:49:00+00:00,2025-10-21 16:54:00+00:00,short,strat_a_window,151.91,151.89,151.89,151.85,141.92,sl_hit,4.000000000000625,256.29975310325653,973042,5.0,85405.19547471743,85661.49522782069,6.599999999997408,5.000000000001137,2025-10-21,strat_a_meanrev,0.0075,,,,,,23.06032769797246,,,2.000000000001023,1.9999999999992895,150.72133333333332,151.07659333333334,150.3660733333333,151.9255712915167,151.6786287084833,66.74584323040418,ABCE
115,strat_a_meanrev,2025-10-24 18:26:00+00:00,2025-10-24 20:32:00+00:00,short,strat_a_window,152.84799999999998,152.83,152.82799999999997,152.78799999999998,142.85799999999998,partial_tp_then_time_decay,3.8999978614819004,250.64220494010652,981989,126.0,85661.49522782069,85912.13743276079,8.199999999996521,5.60000000000116,2025-10-24,strat_a_meanrev,0.0075,,,,,,28.084620556126886,,,2.000000000001023,1.9499989307399526,152.39833333333334,152.77078333333333,152.02588333333335,152.85953078829195,152.76896921170803,66.37168141592775,ABC
116,strat_a_meanrev,2025-10-28 19:13:00+00:00,2025-10-28 19:39:00+00:00,long,strat_a_window,152.055,151.955,151.955,152.16067073170726,162.04500000000002,sl_hit,-9.999999999999432,-644.7645684577304,979752,26.0,85912.13743276079,85267.37286430306,0.0,10.300000000000864,2025-10-28,strat_a_meanrev,0.0075,,,,,,14.276895727317862,,,9.999999999999432,-1.0,152.894,153.158344,152.629656,152.25560429587625,152.0507957041238,24.496644295302048,ABCDE
117,strat_a_meanrev,2025-10-28 19:25:00+00:00,2025-10-28 22:00:00+00:00,long,strat_a_window,152.007,152.12599999999998,151.907,152.15126136363637,161.997,session_close,11.899999999997135,766.1656587300787,979443,155.0,85267.37286430306,86033.53852303314,12.09999999999809,6.700000000000728,2025-10-28,strat_a_meanrev,0.0075,,,,,,13.998838889094381,,,9.999999999999432,1.1899999999997812,152.894,153.158344,152.629656,152.26942385423095,152.01997614576905,25.67567567567879,ABCDE
118,strat_b_breakout,2025-10-30 01:40:00+00:00,2025-10-30 02:00:00+00:00,short,strat_b_window,152.456,152.53900000000002,152.58900000000003,152.26399999999998,142.46599999999998,session_close,-8.300000000002683,-146.52147975276634,269280,20.0,86033.53852303314,85887.01704328037,0.0,10.000000000002274,2025-10-30,strat_b_breakout,0.005,152.88,152.588,152.73399999999998,29.20000000000016,normal_12_30,28.555411438111538,152.60504900727383,-0.0007406096593850944,13.30000000000382,-0.6240601503759623,,,,,,,
119,strat_a_meanrev,2025-10-30 21:05:00+00:00,2025-10-30 22:00:00+00:00,short,strat_a_window,154.12099999999998,154.096,154.22099999999998,154.06099999999998,144.13099999999997,session_close,2.4999999999977263,161.06420672812678,992774,55.0,85887.01704328037,86048.0812500085,4.899999999997817,2.9000000000024784,2025-10-30,strat_a_meanrev,0.0075,,,,,,18.376126366758033,,,9.999999999999432,0.24999999999978684,152.42399999999998,153.00693199999998,151.84106799999998,154.12502353894186,154.02517646105812,71.54150197628512,ABCDE
120,strat_b_breakout,2025-10-31 01:15:00+00:00,2025-10-31 02:00:00+00:00,short,strat_b_window,153.75199999999998,153.86,153.965914,153.6025357142857,143.76199999999997,session_close,-10.800000000003251,-151.94545690892394,216466,45.0,86048.0812500085,85896.13579309957,9.099999999997976,11.60000000000423,2025-10-31,strat_b_breakout,0.0034999999999999996,154.168,153.841,154.0045,32.69999999999982,wide_30_40,24.97328026195302,153.9133485401766,-0.00110439810303395,21.39140000000168,-0.504875791205924,,,,,,,
121,strat_b_breakout,2025-11-07 01:20:00+00:00,2025-11-07 02:00:00+00:00,long,strat_b_window,153.20600000000002,153.09799999999998,153.022086,153.3631785714286,163.19600000000003,session_close,-10.800000000003251,-176.66731113409804,250439,40.0,85896.13579309957,85719.46848196548,7.799999999997453,16.40000000000157,2025-11-07,strat_b_breakout,0.0034999999999999996,153.147,152.82,152.9835,32.69999999999982,wide_30_40,25.72963427000703,153.11749193250603,0.00098008467931633,18.391400000001568,-0.5872309883968774,,,,,,,
122,strat_a_meanrev,2025-11-18 18:07:00+00:00,2025-11-18 22:04:00+00:00,short,strat_a_window,155.712,155.508,155.69199999999998,155.56199999999998,145.72199999999998,partial_tp_then_session_close,17.69999999999925,1138.03769172187,1000000,237.0,85719.46848196548,86857.50617368735,22.399999999998954,3.1000000000034333,2025-11-18,strat_a_meanrev,0.0075,,,,,,34.623883741434824,,,2.000000000001023,8.849999999995097,154.99766666666667,155.33802866666667,154.65730466666668,155.68404236644827,155.38925763355175,83.28690807799289,ABCDE
123,strat_a_meanrev,2025-11-20 20:16:00+00:00,2025-11-20 21:03:00+00:00,short,strat_a_window,157.582,157.56199999999998,157.56199999999998,157.5061938325991,147.59199999999998,sl_hit,4.790308370044727,304.11211572343535,1000000,47.0,86857.50617368735,87161.61828941078,9.299999999998931,7.600000000002183,2025-11-20,strat_a_meanrev,0.0075,,,,,,21.544709291894183,,,2.000000000001023,2.395154185021138,156.52333333333334,157.27625533333335,155.77041133333333,157.59797341086986,157.4400265891301,68.42105263157796,ABC
124,strat_a_meanrev,2025-11-21 19:55:00+00:00,2025-11-21 21:53:00+00:00,long,strat_a_window,156.318,156.37999999999997,156.33800000000002,156.46800000000002,166.30800000000002,partial_tp_then_be,10.599999999998033,677.5663054810028,1000000,118.0,87161.61828941078,87839.18459489178,17.99999999999784,3.2000000000010687,2025-11-21,strat_a_meanrev,0.0075,,,,,,27.054001682829302,,,2.000000000001023,5.299999999996305,157.41366666666667,157.80139666666668,157.02593666666667,156.64859155963114,156.31770844036885,28.308207705192032,ABCDE
125,strat_a_meanrev,2025-11-25 20:04:00+00:00,2025-11-25 20:58:00+00:00,long,strat_a_window,155.89100000000002,156.09999999999997,155.91100000000003,155.97113953488386,165.88100000000003,partial_tp_then_be,14.456976744189378,926.3476767533913,1000000,54.0,87839.18459489178,88765.53227164516,28.899999999995885,2.3000000000024556,2025-11-25,strat_a_meanrev,0.0075,,,,,,32.92325779735813,,,2.000000000001023,7.2284883720909905,156.83900000000003,157.13734200000002,156.54065800000004,155.96375883681455,155.86194116318543,27.669902912633148,ABCDE
126,strat_b_breakout,2025-11-26 01:15:00+00:00,2025-11-26 01:33:00+00:00,long,strat_b_window,156.318,156.074616,156.074616,156.47828571428573,166.30800000000002,sl_hit,-24.33840000000203,-311.1627067915006,199539,18.0,88765.53227164516,88454.36956485367,4.699999999996862,30.400000000003047,2025-11-26,strat_b_breakout,0.0034999999999999996,156.232,155.82,156.026,41.200000000000614,over_40,33.74746345060032,156.20108421042508,0.0009349145769832677,24.338400000002025,-1.0000000000000002,,,,,,,
127,strat_b_breakout,2025-11-27 00:20:00+00:00,2025-11-27 00:54:00+00:00,short,strat_b_window,156.15599999999998,155.976,156.324668,156.05442857142856,146.16599999999997,partial_tp_then_trail,13.294301037489781,348.91715902768203,409463,34.0,88454.36956485367,88803.28672388135,28.999999999996362,1.700000000002433,2025-11-27,strat_b_breakout,0.005,156.494,156.22,156.357,27.40000000000009,normal_12_30,32.99646240361481,156.2651804193792,-0.000652733160124428,16.866800000002513,0.7881934354760713,,,,,,,
128,strat_a_meanrev,2025-12-02 17:22:00+00:00,2025-12-02 18:50:00+00:00,short,strat_a_window,156.034,156.01399999999998,156.01399999999998,155.93422641509432,146.04399999999998,sl_hit,5.988679245284345,384.018830227683,1000000,88.0,88803.28672388135,89187.30555410903,11.39999999999759,2.400000000002933,2025-12-02,strat_a_meanrev,0.0075,,,,,,20.031282509397816,,,2.000000000001023,2.994339622640641,155.43333333333337,156.00251333333335,154.86415333333338,156.05584056932722,155.7395594306728,71.65991902833622,ABCD
129,strat_a_meanrev,2025-12-05 21:45:00+00:00,2025-12-07 22:04:00+00:00,short,strat_a_window,155.33599999999998,155.227,155.31599999999997,155.27599999999998,145.34599999999998,partial_tp_then_session_close,8.450004612241345,289.13122832487915,531195,2899.0,89187.30555410903,89476.43678243391,10.899999999998045,5.300000000002569,2025-12-05,strat_a_meanrev,0.0075,,,,,,26.951149181690095,,,2.000000000001023,4.225002306118511,155.057,155.451606,154.66239399999998,155.33723095702862,155.27946904297136,65.33333333333309,ABC
130,strat_a_meanrev,2025-12-05 21:56:00+00:00,2025-12-07 22:04:00+00:00,short,strat_a_window,155.352,155.227,155.332,155.292,145.362,partial_tp_then_session_close,9.250005617249391,344.7271083793911,578575,2888.0,89476.43678243391,89821.1638908133,12.5,2.200000000001978,2025-12-05,strat_a_meanrev,0.0075,,,,,,29.901822568453163,,,2.000000000001023,4.625002808622329,155.057,155.451606,154.66239399999998,155.34807678369916,155.27572321630086,69.40298507461785,ABC
131,strat_a_meanrev,2025-12-12 19:37:00+00:00,2025-12-12 20:45:00+00:00,short,strat_a_window,155.91199999999998,155.89199999999997,155.89199999999997,155.80952659574464,145.92199999999997,sl_hit,6.12366259641144,212.77295492601374,541423,68.0,89821.1638908133,90033.93684573931,12.999999999996703,3.500000000002501,2025-12-12,strat_a_meanrev,0.0075,,,,,,13.944540136895494,,,2.000000000001023,3.0618312982041536,155.56033333333332,156.0259913333333,155.09467533333333,155.91000553337457,155.69319446662539,76.92307692307617,ABCD
132,strat_a_meanrev,2025-12-16 17:41:00+00:00,2025-12-16 18:55:00+00:00,long,strat_a_window,154.64000000000001,154.706,154.66000000000003,154.75879166666667,164.63000000000002,partial_tp_then_be,9.239583333331325,597.1040043257441,1000000,74.0,90033.93684573931,90631.04085006505,15.799999999998704,4.000000000002046,2025-12-16,strat_a_meanrev,0.0075,,,,,,22.325755500414783,,,2.000000000001023,4.619791666663299,155.343,155.781918,154.904082,154.9300804960755,154.63821950392452,28.333333333332206,ABCDE
133,strat_a_meanrev,2025-12-19 17:22:00+00:00,2025-12-19 18:32:00+00:00,short,strat_a_window,157.546,157.49400000000003,157.52599999999998,157.47113207547167,147.55599999999998,partial_tp_then_be,6.3433962264142,402.805176173268,1000000,70.0,90631.04085006505,91033.84602623832,13.599999999999568,3.500000000002501,2025-12-19,strat_a_meanrev,0.0075,,,,,,22.4076085484812,,,2.000000000001023,3.171698113205477,155.608,155.873108,155.342892,157.5085766420007,157.4178233579993,69.08212560386295,ABCE
134,strat_a_meanrev,2025-12-19 19:34:00+00:00,2025-12-19 20:16:00+00:00,short,strat_a_window,157.57399999999998,157.55399999999997,157.55399999999997,157.48576756756754,147.58399999999997,sl_hit,5.411621621622942,343.59857604214216,1000000,42.0,91033.84602623832,91377.44460228046,8.899999999997021,2.400000000002933,2025-12-19,strat_a_meanrev,0.0075,,,,,,31.49256822313629,,,2.000000000001023,2.7058108108100867,155.608,155.873108,155.342892,157.57921669773262,157.3851833022674,84.32203389829544,ABCDE
135,strat_a_meanrev,2025-12-23 19:12:00+00:00,2025-12-23 21:31:00+00:00,long,strat_a_window,156.22500000000002,156.23,156.24500000000003,156.29777300613495,166.21500000000003,partial_tp_then_time_decay,3.8886503067445233,248.80448919021944,1000000,139.0,91377.44460228046,91626.24909147069,8.699999999996066,5.300000000002569,2025-12-23,strat_a_meanrev,0.0075,,,,,,28.359651475494246,,,2.000000000001023,1.9443251533712669,157.15166666666667,157.53710466666666,156.76622866666668,156.34777673050496,156.21542326949503,31.939163498099433,ABCE
136,strat_a_meanrev,2025-12-24 19:38:00+00:00,2025-12-24 21:30:00+00:00,long,strat_a_window,155.892,155.912,155.912,155.952,165.882,sl_hit,3.9999963623340427,141.02743504119348,549803,112.0,91626.24909147069,91767.27652651188,6.60000000000025,2.7999999999991587,2025-12-24,strat_a_meanrev,0.0075,,,,,,33.10752081569935,,,2.000000000001023,1.9999981811659981,156.31233333333333,156.84751533333332,155.77715133333334,155.99028136911772,155.94881863088227,29.310344827582824,ABCD
137,strat_a_meanrev,2025-12-24 20:01:00+00:00,2025-12-25 22:04:00+00:00,long,strat_a_window,155.9,155.932,155.69715133333332,155.96,165.89000000000001,session_close,3.1999999999982265,108.38509093701506,528147,1563.0,91767.27652651188,91875.66161744889,5.999999999997385,4.000000000002046,2025-12-24,strat_a_meanrev,0.0075,,,,,,30.036020921099617,,,20.284866666668222,0.1577530704333599,156.31233333333333,156.84751533333332,155.77715133333334,156.01344391303127,155.88155608696871,10.344827586208595,ABCD
138,strat_b_breakout,2025-12-26 01:30:00+00:00,2025-12-26 02:00:00+00:00,long,strat_b_window,156.214,156.283,155.98684,156.38725,166.204,session_close,6.89999999999884,97.63215448895552,221134,30.0,91875.66161744889,91973.29377193784,11.400000000000432,5.400000000000205,2025-12-26,strat_b_breakout,0.0034999999999999996,156.132,155.752,155.942,37.999999999999545,wide_30_40,34.95317141383938,156.2314552766694,-0.00020481572984812072,22.71599999999978,0.30375066032747433,,,,,,,
139,strat_a_meanrev,2025-12-26 21:45:00+00:00,2025-12-28 22:04:00+00:00,short,strat_a_window,156.53,156.511,156.63,156.47,146.54,session_close,1.9000000000005457,121.3972180869425,1000000,2899.0,91973.29377193784,92094.69099002478,1.9000000000005457,8.800000000002228,2025-12-26,strat_a_meanrev,0.0075,,,,,,28.347854626493582,,,9.999999999999432,0.19000000000006537,155.92999999999998,156.20809599999998,155.65190399999997,156.5840618380638,156.4643381619362,66.66666666667132,ABCE
140,strat_a_meanrev,2025-12-26 21:55:00+00:00,2025-12-28 22:04:00+00:00,short,strat_a_window,156.57899999999998,156.511,156.55899999999997,156.51899999999998,146.58899999999997,partial_tp_then_session_close,6.399999999999295,408.9071479948746,1000000,2889.0,92094.69099002478,92503.59813801966,6.799999999998363,2.7000000000043656,2025-12-26,strat_a_meanrev,0.0075,,,,,,25.94940243575675,,,2.000000000001023,3.1999999999980107,155.92999999999998,156.20809599999998,155.65190399999997,156.5958021503319,156.47039784966813,69.38775510204457,ABCE
141,strat_a_meanrev,2025-12-31 18:37:00+00:00,2025-12-31 21:25:00+00:00,short,strat_a_window,156.892,156.71000000000004,156.87199999999999,156.83026562500007,146.902,partial_tp_then_be,12.186718749994442,777.5095203312943,1000000,168.0,92503.59813801966,93281.10765835096,26.799999999997226,3.900000000001569,2025-12-31,strat_a_meanrev,0.0075,,,,,,23.646191314299564,,,2.000000000001023,6.093359374994104,156.24433333333334,156.55910133333336,155.92956533333333,156.9033400417765,156.75845995822348,66.1538461538438,ABCE
142,strat_a_meanrev,2026-01-07 19:13:00+00:00,2026-01-07 22:04:00+00:00,short,strat_a_window,156.69,156.756,156.86385466666667,156.63,146.7,session_close,-6.60000000000025,-265.4782592053993,630535,171.0,93281.10765835096,93015.62939914556,0.0,12.000000000000455,2026-01-07,strat_a_meanrev,0.0075,,,,,,21.903076902956638,,,17.38546666666707,-0.3796274282734293,156.54166666666666,156.78385466666666,156.29947866666666,156.72126870465587,156.5956312953441,78.26086956521269,ABCD
143,strat_a_meanrev,2026-01-07 19:25:00+00:00,2026-01-07 22:04:00+00:00,short,strat_a_window,156.72199999999998,156.756,156.86385466666667,156.66199999999998,146.73199999999997,session_close,-3.4000000000020236,-167.64709484814387,772932,159.0,93015.62939914556,92847.98230429742,0.0,8.800000000002228,2026-01-07,strat_a_meanrev,0.0075,,,,,,22.051332902277135,,,14.185466666668844,-0.23968192798273596,156.54166666666666,156.78385466666666,156.29947866666666,156.73348912695897,156.60011087304107,73.88888888888397,ABCD
144,strat_a_meanrev,2026-01-08 19:15:00+00:00,2026-01-08 20:16:00+00:00,short,strat_a_window,156.89999999999998,156.99999999999997,156.99999999999997,156.83999999999997,146.90999999999997,sl_hit,-9.999999999999432,-636.9426751591996,1000000,61.0,92847.98230429742,92211.03962913822,0.0,10.000000000002274,2026-01-08,strat_a_meanrev,0.0075,,,,,,32.845427811543054,,,9.999999999999432,-1.0,156.62033333333335,156.81744533333335,156.42322133333334,156.9147016459949,156.80099835400506,75.11520737327243,ABCDE
145,strat_a_meanrev,2026-01-08 19:26:00+00:00,2026-01-08 22:04:00+00:00,short,strat_a_window,156.93599999999998,156.854,156.91599999999997,156.86227683615826,146.94599999999997,partial_tp_then_session_close,7.786158192084258,496.3828587088252,1000000,158.0,92211.03962913822,92707.42248784704,10.99999999999568,6.600000000003092,2026-01-08,strat_a_meanrev,0.0075,,,,,,30.531228957267746,,,2.000000000001023,3.8930790960401374,156.62033333333335,156.81744533333335,156.42322133333334,156.92972725786984,156.79507274213017,71.57894736841963,ABCDE
146,strat_b_breakout,2026-01-13 01:20:00+00:00,2026-01-13 02:00:00+00:00,long,strat_b_window,158.32600000000002,158.468,158.085254,158.4831785714286,168.31600000000003,partial_tp_then_session_close,15.11071428571313,203.4658469760061,213390,40.0,92707.42248784704,92910.88833482304,17.099999999996385,2.200000000001978,2026-01-13,strat_b_breakout,0.0034999999999999996,158.201,157.898,158.0495,30.299999999999727,wide_30_40,26.073153618825163,158.16896674490965,0.001492896091901788,24.074600000002988,0.6276621121726323,,,,,,,
147,strat_a_meanrev,2026-01-13 20:37:00+00:00,2026-01-13 22:04:00+00:00,short,strat_a_window,159.136,159.148,159.236,159.076,149.146,session_close,-1.2000000000000455,-75.40151305703152,1000000,87.0,92910.88833482304,92835.48682176601,2.199999999999136,4.900000000000659,2026-01-13,strat_a_meanrev,0.0075,,,,,,15.303449592733918,,,9.999999999999432,-0.12000000000001138,157.9623333333333,158.2270593333333,157.6976073333333,159.15459029037513,159.05980970962483,67.39130434782967,ABCE
148,strat_a_meanrev,2026-01-16 20:14:00+00:00,2026-01-18 22:04:00+00:00,long,strat_a_window,158.07600000000002,157.97600000000003,157.97600000000003,158.13600000000002,168.06600000000003,sl_hit,-9.999999999999432,-633.0075454499056,1000000,2990.0,92835.48682176601,92202.47927631611,5.999999999997385,16.600000000002524,2026-01-16,strat_a_meanrev,0.0075,,,,,,27.91672820132146,,,9.999999999999432,-1.0,158.57500000000002,158.826738,158.32326200000003,158.21520797256457,158.0938920274355,24.4791666666642,ABCDE
149,strat_a_meanrev,2026-01-20 19:16:00+00:00,2026-01-20 19:57:00+00:00,short,strat_a_window,158.12699999999998,158.26906200000002,158.26906200000002,157.98663473053887,148.13699999999997,sl_hit,-14.20620000000383,-690.8973689123745,769718,41.0,92202.47927631611,91511.58190740373,3.299999999995862,15.70000000000391,2026-01-20,strat_a_meanrev,0.0075,,,,,,20.859677124478573,,,14.206200000003832,-0.9999999999999999,157.906,158.189062,157.622938,158.11991570539854,157.88258429460146,78.18791946308276,ABCD
150,strat_a_meanrev,2026-02-04 19:14:00+00:00,2026-02-04 20:20:00+00:00,short,strat_a_window,156.80599999999998,156.90599999999998,156.90599999999998,156.66581818181817,146.81599999999997,sl_hit,-9.999999999999432,-637.3242578358656,1000000,66.0,91511.58190740373,90874.25764956787,0.0,10.400000000001342,2026-02-04,strat_a_meanrev,0.0075,,,,,,19.121266849431485,,,9.999999999999432,-1.0,155.7253333333333,156.02749533333332,155.4231713333333,156.8381937242351,156.55570627576486,76.51245551601384,ABCDE
151,strat_a_meanrev,2026-02-04 19:45:00+00:00,2026-02-04 22:04:00+00:00,short,strat_a_window,156.87599999999998,156.823,156.97599999999997,156.72599999999997,146.88599999999997,session_close,5.299999999996885,337.9606307746239,1000000,139.0,90874.25764956787,91212.2182803425,6.399999999996453,8.000000000004093,2026-02-04,strat_a_meanrev,0.0075,,,,,,19.525180475123527,,,9.999999999999432,0.5299999999997186,155.7253333333333,156.02749533333332,155.4231713333333,156.89147473320924,156.64412526679075,69.11764705882138,ABCE
152,strat_a_meanrev,2026-02-05 19:17:00+00:00,2026-02-05 19:38:00+00:00,short,strat_a_window,156.874,156.85399999999998,156.85399999999998,156.814,146.884,sl_hit,4.000000000000626,144.6197028300629,566996,21.0,91212.2182803425,91356.83798317256,7.099999999999795,2.000000000001023,2026-02-05,strat_a_meanrev,0.0075,,,,,,15.55485077623888,,,2.000000000001023,1.99999999999929,156.50233333333333,156.98327133333333,156.02139533333332,156.90475642626063,156.79004357373935,66.77740863787429,ABC
153,strat_a_meanrev,2026-02-05 20:12:00+00:00,2026-02-05 21:00:00+00:00,short,strat_a_window,156.944,157.06327133333335,157.06327133333335,156.86731390134543,146.95399999999998,sl_hit,-11.92713333333586,-684.6552877776519,901593,48.0,91356.83798317256,90672.1826953949,4.2999999999977945,14.800000000002456,2026-02-05,strat_a_meanrev,0.0075,,,,,,11.031709304729672,,,11.92713333333586,-1.0,156.50233333333333,156.98327133333333,156.02139533333332,156.90641863176205,156.81048136823796,65.3266331658272,ABC
154,strat_a_meanrev,2026-02-05 20:53:00+00:00,2026-02-05 22:04:00+00:00,short,strat_a_window,157.00799999999998,156.989,157.10799999999998,156.88222727272733,147.01799999999997,session_close,1.8999999999977035,121.02758792002648,1000000,71.0,90672.1826953949,90793.21028331493,1.8999999999977035,9.600000000003206,2026-02-05,strat_a_meanrev,0.0075,,,,,,14.230812119489363,,,9.999999999999432,0.18999999999978115,156.50233333333333,156.98327133333333,156.02139533333332,157.02413706814738,156.79136293185266,81.94444444444595,ABCD
155,strat_a_meanrev,2026-02-06 21:50:00+00:00,2026-02-08 22:04:00+00:00,short,strat_a_window,157.214,157.36023266666666,157.36023266666666,157.09431152647983,147.224,sl_hit,-14.623266666666268,-680.3154375779865,732084,2894.0,90793.21028331493,90112.89484573694,0.0,32.40000000000123,2026-02-06,strat_a_meanrev,0.0075,,,,,,19.7729179197496,,,14.623266666666268,-1.0,156.96966666666665,157.28023266666665,156.65910066666666,157.1853800758416,157.07031992415844,72.49999999999893,ABCD
156,strat_b_breakout,2026-02-11 00:40:00+00:00,2026-02-11 00:59:00+00:00,short,strat_b_window,154.17399999999998,154.124,154.34623,154.07167857142855,144.18399999999997,partial_tp_then_trail,8.139275336343808,213.0517322474858,403328,19.0,90112.89484573694,90325.94657798443,16.799999999997794,1.6000000000019554,2026-02-11,strat_b_breakout,0.005,154.51,154.245,154.3775,26.499999999998636,normal_12_30,26.16931528480783,154.37612026740948,-0.001980736367873308,17.22300000000132,0.4725817416444977,,,,,,,
157,strat_a_meanrev,2026-02-12 21:04:00+00:00,2026-02-12 22:04:00+00:00,long,strat_a_window,152.71300000000002,152.744,152.60760533333334,152.82604363636366,162.70300000000003,session_close,3.099999999997749,199.21798564904617,981592,60.0,90325.94657798443,90525.16456363347,6.799999999995521,2.0000000000038654,2026-02-12,strat_a_meanrev,0.0075,,,,,,32.16832606292875,,,10.539466666668318,0.2941325304250623,153.49133333333336,154.29506133333336,152.68760533333335,153.02100991217293,152.7435900878271,20.105820105823597,ABCD
158,strat_a_meanrev,2026-02-24 19:02:00+00:00,2026-02-24 20:59:00+00:00,short,strat_a_window,155.77499999999998,155.87499999999997,155.87499999999997,155.71499999999997,145.78499999999997,sl_hit,-9.999999999999432,-641.5396952686085,1000000,117.0,90525.16456363347,89883.62486836486,5.899999999996908,11.700000000001864,2026-02-24,strat_a_meanrev,0.0075,,,,,,28.8099940117102,,,9.999999999999432,-1.0,154.572,154.9731,154.17090000000002,155.7983695854697,155.68923041453036,65.28301886792485,ABCE
159,strat_b_breakout,2026-02-26 00:25:00+00:00,2026-02-26 01:11:00+00:00,short,strat_b_window,156.066,156.036,156.25437399999998,155.9205,146.076,partial_tp_then_trail,9.929973411194105,165.97413662936086,260636,46.0,89883.62486836486,90049.59900499422,14.900000000000091,7.900000000000773,2026-02-26,strat_b_breakout,0.0034999999999999996,156.475,156.118,156.29649999999998,35.69999999999993,wide_30_40,24.817806490585035,156.19527367415253,-0.0012286741837634473,18.837399999998183,0.5271414001505018,,,,,,,
160,strat_b_breakout,2026-02-26 01:15:00+00:00,2026-02-26 02:00:00+00:00,short,strat_b_window,156.023,155.815,156.25437399999998,155.85542857142855,146.033,partial_tp_then_session_close,18.374297127747912,250.5890608561707,212531,45.0,90049.59900499422,90300.1880658504,23.299999999997567,1.700000000002433,2026-02-26,strat_b_breakout,0.0034999999999999996,156.475,156.118,156.29649999999998,35.69999999999993,wide_30_40,37.6065333760692,156.08401012297273,-0.00027551033484120584,23.13739999999882,0.7941383702468233,,,,,,,
161,strat_a_meanrev,2026-02-27 19:29:00+00:00,2026-02-27 21:21:00+00:00,long,strat_a_window,155.911,156.09699999999998,155.931,156.02861666666658,165.901,partial_tp_then_be,15.180833333327826,562.3747729750421,578164,112.0,90300.1880658504,90862.56283882544,27.499999999997726,2.7000000000015234,2026-02-27,strat_a_meanrev,0.0075,,,,,,16.954836631066822,,,2.000000000001023,7.59041666666003,156.09066666666666,156.37296466666666,155.80836866666667,156.1108633385666,155.9251366614334,21.65242165242158,ABCD
