trade_id,entry_datetime,signal_datetime,confirmation_delay_candles,exit_datetime,direction,entry_price,exit_price,sl_price,tp_price,exit_reason,pips,usd,confluence_score,position_size_units,partial_tp_pips,initial_sl_pips,regime_label,confluence_combo,quality_label,size_mult_total,size_mult_regime,size_mult_quality,size_mult_hour,size_mult_dd,dd_tier,signal_strength_score,signal_strength_tier,entry_delay_type,mfe_pips,mae_pips,rejection_confirmed,divergence_present,inside_ir,quality_markers,sl_source,tp_source,distance_to_ir_boundary_pips,distance_to_midpoint_pips,distance_to_pivot_pips,entry_session_day,duration_minutes,equity_before,equity_after,entry_regime,entry_signal_mode,entry_session,pivot_P,pivot_R1,pivot_R2,pivot_S1,pivot_S2,bb_upper,bb_mid,bb_lower,sar_value,sar_direction,rsi_m5,atr_m15
1,2023-06-27 20:55:00+00:00,2023-06-27 20:53:00+00:00,2,2023-06-27 22:00:00+00:00,short,144.07048852045892,144.06485996399837,144.24466666666672,143.37966666666668,session_close,0.5628556460550271,36.355708424940914,4,930537,6.0,17.41781462077938,neutral,ABCE,medium,0.75,1.0,0.75,1.0,1.0,full,5,moderate,immediate,3.6628556460556183,2.737144353946519,False,False,False,,pivot,pivot,0.0,0.0,69.23333333333233,2023-06-28,65.0,100000.0,100036.35570842495,TOKYO_MEANREV,tokyo_meanrev,tokyo,143.37966666666668,143.67953666666668,143.8647966666667,143.07979666666668,142.89453666666665,144.07596407110162,144.04188,144.00779592889836,144.086,bearish,68.18181818181819,0.0492142857142913
2,2023-06-28 19:42:00+00:00,2023-06-28 19:41:00+00:00,1,2023-06-28 22:00:00+00:00,short,144.36121199750565,144.42203901769042,144.71121199750564,143.83,session_close,-6.082702018477448,-195.50375679179538,4,464186,6.0,35.0,neutral,ABCE,medium,0.75,1.0,0.75,1.0,1.0,full,4,moderate,immediate,0.0,18.297789036779477,False,False,False,,pivot,pivot,0.0,0.0,55.39999999999736,2023-06-29,138.0,100036.35570842495,99840.85195163316,TOKYO_MEANREV,tokyo_meanrev,tokyo,143.83,144.17150800000002,144.38249199999998,143.488492,143.27750800000004,144.38198115579078,144.31028,144.23857884420923,144.32304,bullish,65.38461538461725,0.07650000000000391
3,2023-06-30 17:01:00+00:00,2023-06-30 16:59:00+00:00,2,2023-07-02 21:03:00+00:00,long,144.33420003890146,144.38934484489343,144.040612,144.59400000000002,session_close,5.5144805991972135,210.89212564705397,3,552193,8.20357142857152,29.358803890144713,neutral,ABC,medium,0.75,1.0,0.75,1.0,1.0,full,2,weak,immediate,5.5144805991972135,10.583459534049666,False,False,False,,pivot,pivot,0.0,0.0,26.700000000002433,2023-07-01,3122.0,99840.85195163316,100051.74407728021,TOKYO_MEANREV,tokyo_meanrev,tokyo,144.59400000000002,144.886612,145.06738800000002,144.30138800000003,144.12061200000002,144.64688697389516,144.4942,144.34151302610485,144.366,bearish,31.69291338582643,0.1640714285714304
4,2023-07-05 18:36:00+00:00,2023-07-05 18:35:00+00:00,1,2023-07-05 21:10:00+00:00,short,144.64847654977478,144.62847654977477,144.62847654977477,144.45600000000002,tp1_then_be_stop,3.999995700598887,128.68199379949846,5,465181,6.0,35.0,neutral,ABCDE,medium,0.75,1.0,0.75,1.0,1.0,full,6,moderate,immediate,6.909166683198009,5.8168922794692435,False,False,False,,pivot,pivot,0.0,0.0,21.89999999999941,2023-07-06,154.0,100051.74407728021,100180.42607107971,TOKYO_MEANREV,tokyo_meanrev,tokyo,144.45600000000002,144.64623600000002,144.76376400000004,144.26576400000002,144.148236,144.67429999464454,144.60076,144.52722000535547,144.61741755648,bullish,71.2802768166111,0.07257142857143199
5,2023-07-11 16:59:00+00:00,2023-07-11 16:58:00+00:00,1,2023-07-11 19:21:00+00:00,long,140.34225216458023,140.41071994185404,140.36225216458024,141.87199999999999,tp1_then_trailing_stop,7.023388863690627,286.39063918181034,5,572556,7.199999999999969,27.625216458025648,neutral,ABCDE,medium,0.75,1.0,0.75,1.0,1.0,full,6,moderate,immediate,13.046777727382164,4.917180297940149,False,False,False,,pivot,pivot,0.0,0.0,154.19999999999732,2023-07-12,142.0,100180.42607107971,100466.81671026153,TOKYO_MEANREV,tokyo_meanrev,tokyo,141.87199999999999,142.531332,142.93866799999998,141.21266799999998,140.805332,140.7144057088092,140.52328,140.3321542911908,140.38422694399998,bearish,18.749999999999446,0.14399999999999938
6,2023-07-14 20:00:00+00:00,2023-07-14 19:59:00+00:00,1,2023-07-14 20:55:00+00:00,short,138.86871103208682,138.8487110320868,138.8487110320868,138.31566666666666,tp1_then_be_stop,4.000000000000625,129.21774122414817,4,448446,6.0,35.0,neutral,ABCE,medium,0.75,1.0,0.75,1.0,1.0,full,4,moderate,immediate,7.625704477828776,4.354792858811152,False,False,False,,pivot,pivot,0.0,0.0,57.833333333334735,2023-07-15,55.0,100466.81671026153,100596.03445148567,TOKYO_MEANREV,tokyo_meanrev,tokyo,138.31566666666666,138.71065466666664,138.95467866666667,137.92067866666667,137.67665466666665,138.89204945091018,138.80684,138.7216305490898,138.84672,bullish,69.5067264573955,0.0660714285714233
7,2023-07-19 19:40:00+00:00,2023-07-19 19:39:00+00:00,1,2023-07-19 21:38:00+00:00,short,139.7088074401305,139.63541412879005,139.6888074401305,138.548,tp1_then_trailing_stop,6.669665567022776,215.76365614927352,5,451740,6.0,35.0,neutral,ABCDE,medium,0.75,1.0,0.75,1.0,1.0,full,6,moderate,immediate,13.239331134047916,6.31833077814008,False,False,False,,pivot,pivot,0.0,0.0,118.10000000000116,2023-07-20,118.0,100596.03445148567,100811.79810763494,TOKYO_MEANREV,tokyo_meanrev,tokyo,138.548,139.103046,139.445954,137.992954,137.650046,139.71288536815376,139.61736000000002,139.52183463184627,139.68838240000002,bullish,77.88461538460828,0.07957142857142685
8,2023-07-21 19:00:00+00:00,2023-07-21 18:59:00+00:00,1,2023-07-21 19:21:00+00:00,short,141.79911332769942,141.7791133276994,141.7791133276994,139.89066666666668,tp1_then_be_stop,4.000000000000625,282.18871820861034,5,1000000,6.0,12.0,neutral,ABCDE,medium,0.75,1.0,0.75,1.0,1.0,full,6,moderate,immediate,6.635588749205112,3.573456213828763,False,False,False,,pivot,pivot,0.0,0.0,191.73333333333176,2023-07-22,21.0,100811.79810763494,101093.98682584355,TOKYO_MEANREV,tokyo_meanrev,tokyo,139.89066666666668,140.42088266666667,140.74845066666666,139.36045066666668,139.0328826666667,141.8107978691682,141.70544,141.60008213083182,141.7599,bullish,74.31906614785944,0.07557142857143008
9,2023-07-25 18:51:00+00:00,2023-07-25 18:50:00+00:00,1,2023-07-25 21:08:00+00:00,long,141.00796071345286,141.03455730937458,141.02796071345287,141.33466666666666,tp1_then_time_decay,4.32982979608596,140.64594532004367,3,458198,6.0,35.0,neutral,ABC,medium,0.75,1.0,0.75,1.0,1.0,full,3,weak,immediate,7.357787766579804,16.089512058334776,False,False,False,,pivot,pivot,0.0,0.0,33.9666666666659,2023-07-26,137.0,101093.98682584355,101234.63277116358,TOKYO_MEANREV,tokyo_meanrev,tokyo,141.33466666666666,141.74455266666666,141.99778066666667,140.92478066666666,140.67155266666666,141.2296996275335,141.1218,141.0139003724665,141.1104445568,bearish,31.898734177218174,0.08164285714284907
10,2023-08-01 17:43:00+00:00,2023-08-01 17:39:00+00:00,4,2023-08-01 18:30:00+00:00,short,143.52886336817735,143.37946665209736,143.50886336817734,141.88733333333334,tp1_then_trailing_stop,10.673407232570753,347.60883331808725,5,467038,6.407142857142897,35.0,neutral,ABCDE,medium,0.75,1.0,0.75,1.0,1.0,full,8,strong,immediate,20.4396716079998,1.6270087547638923,False,False,False,,pivot,pivot,0.0,0.0,162.76666666666415,2023-08-02,47.0,101234.63277116358,101582.24160448166,TOKYO_MEANREV,tokyo_meanrev,tokyo,141.88733333333334,142.65286133333333,143.12580533333335,141.12180533333336,140.64886133333334,143.51348919524972,143.36884,143.2241908047503,143.546,bearish,92.05776173285473,0.12814285714285795
11,2023-08-04 20:26:00+00:00,2023-08-04 20:25:00+00:00,1,2023-08-06 21:03:00+00:00,long,141.78855021128058,141.8085502112806,141.8085502112806,142.8323333333333,tp1_then_be_stop,3.9999956799636456,130.55928908488846,5,462959,6.0,35.0,neutral,ABCDE,medium,0.75,1.0,0.75,1.0,1.0,full,7,strong,immediate,9.64141734266093,11.056138144121519,False,False,False,,pivot,pivot,0.0,0.0,106.03333333333183,2023-08-05,2917.0,101582.24160448166,101712.80089356656,TOKYO_MEANREV,tokyo_meanrev,tokyo,142.8323333333333,143.5294833333333,143.9601833333333,142.13518333333332,141.70448333333331,141.89126022787485,141.82976,141.76825977212513,141.758,bullish,23.287671232873237,0.04907142857143348
12,2023-08-11 17:51:00+00:00,2023-08-11 17:50:00+00:00,1,2023-08-11 18:58:00+00:00,short,144.9812752130735,144.9612752130735,144.9612752130735,144.26200000000003,tp1_then_be_stop,4.000000000000625,144.25982430523885,3,522694,6.0,31.73887869265286,neutral,ABC,medium,0.75,1.0,0.75,1.0,1.0,full,4,moderate,immediate,6.8100850534136725,2.849569384338224,False,False,False,,pivot,pivot,0.0,0.0,72.79999999999802,2023-08-12,67.0,101712.80089356656,101857.06071787179,TOKYO_MEANREV,tokyo_meanrev,tokyo,144.26200000000003,144.85333600000004,145.21866400000002,143.67066400000002,143.30533600000004,144.98870989599112,144.91152,144.83433010400887,144.988,bearish,67.41071428571355,0.08571428571428287
13,2023-08-16 16:30:00+00:00,2023-08-16 16:29:00+00:00,1,2023-08-16 18:07:00+00:00,short,145.85437000867014,146.20437000867014,146.20437000867014,145.5103333333333,sl,-34.99999999999943,-1143.1467471874203,5,477523,6.0,35.0,neutral,ABCDE,medium,0.75,1.0,0.75,1.0,1.0,full,5,moderate,immediate,0.0,36.640126399558426,False,False,False,,pivot,pivot,0.0,0.0,36.366666666668834,2023-08-17,97.0,101857.06071787179,100713.91397068437,TOKYO_MEANREV,tokyo_meanrev,tokyo,145.5103333333333,145.80141733333332,145.9812493333333,145.2192493333333,145.03941733333332,145.87403761521506,145.81212,145.75020238478493,145.83392565375996,bullish,71.56862745098107,0.10564285714285404
14,2023-08-18 17:16:00+00:00,2023-08-18 17:15:00+00:00,1,2023-08-18 17:37:00+00:00,long,145.04443839362224,145.06443839362225,145.06443839362225,146.006,tp1_then_be_stop,4.241071428572241,292.28874916459796,4,1000000,6.482142857142849,12.0,neutral,ABCE,medium,0.75,1.0,0.75,1.0,1.0,full,6,moderate,immediate,9.739522055875227,4.786228257830771,False,False,False,,pivot,pivot,0.0,0.0,100.99999999999909,2023-08-19,21.0,100713.91397068437,101006.20271984897,TOKYO_MEANREV,tokyo_meanrev,tokyo,146.006,146.367372,146.590628,145.644628,145.421372,145.31530632483728,145.15892,145.0025336751627,144.928,bullish,34.46808510638249,0.12964285714285698
15,2023-08-25 19:24:00+00:00,2023-08-25 19:20:00+00:00,4,2023-08-27 21:03:00+00:00,short,146.3650764122886,146.46275656048925,146.7150764122886,145.46666666666667,session_close,-9.768014820065218,-316.9189633857131,4,475192,6.0,35.0,neutral,ABCE,medium,0.75,1.0,0.75,1.0,1.0,full,4,moderate,immediate,1.812975793023952,10.267251180707149,False,False,False,,pivot,pivot,0.0,0.0,91.13333333333173,2023-08-26,2979.0,101006.20271984897,100689.28375646325,TOKYO_MEANREV,tokyo_meanrev,tokyo,145.46666666666667,145.98542266666666,146.30591066666668,144.94791066666667,144.62742266666666,146.37863181542764,146.29012,146.20160818457236,146.3111,bullish,66.45962732918866,0.08885714285714082
16,2023-09-01 20:54:00+00:00,2023-09-01 20:52:00+00:00,2,2023-09-03 21:03:00+00:00,short,146.26088338805852,146.2240771789968,146.2408833880585,145.70933333333335,tp1_then_session_close,4.840310453086261,156.70839232543963,5,473364,6.0,35.0,neutral,ABCDE,medium,0.75,1.0,0.75,1.0,1.0,full,6,moderate,immediate,14.480620906169861,3.221332268802257,False,False,False,,pivot,pivot,0.0,0.0,55.666666666664355,2023-09-02,2889.0,100689.28375646325,100845.99214878869,TOKYO_MEANREV,tokyo_meanrev,tokyo,145.70933333333335,146.04472933333335,146.25193733333336,145.37393733333334,145.16672933333334,146.25484580243216,146.1826,146.11035419756786,146.286,bearish,73.00613496932814,0.045500000000006126
17,2023-09-08 18:59:00+00:00,2023-09-08 18:55:00+00:00,4,2023-09-10 21:03:00+00:00,short,147.81748666587674,147.40066666666667,147.79748666587673,147.40066666666667,tp1_then_tp2,23.84099996050395,774.7487682364807,4,479146,6.0,35.0,neutral,ABCE,medium,0.75,1.0,0.75,1.0,1.0,full,5,moderate,immediate,81.65667133416434,6.285357231578814,False,False,False,,pivot,pivot,0.0,0.0,39.733333333333576,2023-09-09,3004.0,100845.99214878869,101620.74091702516,TOKYO_MEANREV,tokyo_meanrev,tokyo,147.40066666666667,147.71772666666666,147.91360666666665,147.08360666666667,146.88772666666668,147.79531089131814,147.75012,147.70492910868188,147.77599839147567,bullish,67.34693877550706,0.05435714285714458
18,2023-09-08 19:16:00+00:00,2023-09-08 19:14:00+00:00,2,2023-09-10 21:03:00+00:00,short,147.84872638731287,147.40066666666667,147.82872638731286,147.40066666666667,tp1_then_tp2,25.40302651871069,825.6780210636098,5,479247,6.0,35.0,neutral,ABCDE,medium,0.75,1.0,0.75,1.0,1.0,full,7,strong,immediate,84.78064347777661,2.5268835235010556,False,False,False,,pivot,pivot,0.0,0.0,44.13333333333469,2023-09-09,2987.0,101620.74091702516,102446.41893808877,TOKYO_MEANREV,tokyo_meanrev,tokyo,147.40066666666667,147.71772666666666,147.91360666666665,147.08360666666667,146.88772666666668,147.83674181949524,147.7586,147.68045818050476,147.873,bearish,86.7052023121411,0.052785714285718655
19,2023-09-13 19:02:00+00:00,2023-09-13 18:59:00+00:00,3,2023-09-13 22:00:00+00:00,short,147.43943209372634,147.38290947417048,147.41943209372633,146.9283333333333,tp1_then_session_close,5.826130619673356,191.92523221511613,5,485505,6.0,35.0,neutral,ABCDE,medium,0.75,1.0,0.75,1.0,1.0,full,7,strong,immediate,7.313463106174822,7.822167292309246,False,False,False,,pivot,pivot,0.0,0.0,51.86666666666895,2023-09-14,178.0,102446.41893808877,102638.34417030388,TOKYO_MEANREV,tokyo_meanrev,tokyo,146.9283333333333,147.23278733333333,147.42087933333332,146.6238793333333,146.4357873333333,147.44397606516455,147.32052,147.19706393483543,147.4,bullish,87.38738738738047,0.08464285714285731
20,2023-09-15 20:20:00+00:00,2023-09-15 20:17:00+00:00,3,2023-09-17 21:03:00+00:00,short,147.86148650345297,147.75413488842042,147.84148650345296,147.33633333333333,tp1_then_session_close,8.367580751627202,566.252825259658,4,1000000,6.0,12.0,neutral,ABCE,medium,0.75,1.0,0.75,1.0,1.0,full,4,moderate,immediate,10.735161503254176,2.4030573230334085,False,False,False,,pivot,pivot,0.0,0.0,54.56666666666763,2023-09-16,2923.0,102638.34417030388,103204.59699556354,TOKYO_MEANREV,tokyo_meanrev,tokyo,147.33633333333333,147.54605133333334,147.67561533333333,147.12661533333332,146.99705133333333,147.89299479802324,147.83504000000002,147.7770852019768,147.845,bullish,66.20689655172833,0.0520714285714275
21,2023-09-19 18:20:00+00:00,2023-09-19 18:15:00+00:00,5,2023-09-19 19:07:00+00:00,short,147.906245963276,147.886245963276,147.886245963276,147.68166666666664,tp1_then_be_stop,3.9999979686260447,266.35452753270886,5,984555,6.0,17.442070339063775,neutral,ABCDE,medium,0.75,1.0,0.75,1.0,1.0,full,6,moderate,immediate,7.024165703049334,1.3469679132896317,False,False,False,,pivot,pivot,0.0,0.0,19.83333333333519,2023-09-20,47.0,103204.59699556354,103470.95152309624,TOKYO_MEANREV,tokyo_meanrev,tokyo,147.68166666666664,147.80352466666665,147.87880866666663,147.55980866666664,147.48452466666666,147.8765172745044,147.83476,147.79300272549557,147.8436277530752,bullish,73.40425531915231,0.04571428571428474
22,2023-09-22 18:50:00+00:00,2023-09-22 18:44:00+00:00,6,2023-09-24 21:03:00+00:00,short,148.3748324642296,148.31758406721113,148.7248324642296,147.788,session_close,5.724839701846918,190.47290414800796,5,493472,6.0,35.0,neutral,ABCDE,medium,0.75,1.0,0.75,1.0,1.0,full,8,strong,immediate,5.724839701846918,4.968262887425112,False,False,False,,pivot,pivot,0.0,0.0,58.59999999999843,2023-09-23,3013.0,103470.95152309624,103661.42442724424,TOKYO_MEANREV,tokyo_meanrev,tokyo,147.788,148.22271600000002,148.491284,147.353284,147.08471600000001,148.3683589362338,148.30664000000002,148.24492106376624,148.386,bearish,85.71428571428571,0.058571428571426054
23,2023-09-26 18:36:00+00:00,2023-09-26 18:31:00+00:00,5,2023-09-26 22:00:00+00:00,short,149.04285916916518,149.00497290096266,149.39285916916518,148.68499999999997,session_close,3.7886268202527162,126.2679207323466,5,496606,6.0,35.0,neutral,ABCDE,medium,0.75,1.0,0.75,1.0,1.0,full,7,strong,immediate,4.088626820254149,6.60089444900791,False,False,False,,pivot,pivot,0.0,0.0,29.9000000000035,2023-09-27,204.0,103661.42442724424,103787.6923479766,TOKYO_MEANREV,tokyo_meanrev,tokyo,148.68499999999997,148.95660199999998,149.12439799999999,148.41339799999997,148.24560199999996,148.98847008712306,148.91255999999998,148.8366499128769,149.018,bearish,70.78651685393856,0.06071428571428328
25,2023-10-17 17:53:00+00:00,2023-10-17 17:43:00+00:00,10,2023-10-17 19:55:00+00:00,short,149.83421500417853,149.77962844027093,149.81421500417852,149.5566666666667,tp1_then_trailing_stop,5.72932819538039,355.1142549717031,5,928344,6.0,18.84516624881769,neutral,ABCDE,medium,0.75,1.0,0.75,1.0,1.0,full,7,strong,immediate,10.857635233054452,2.4598080432753022,False,False,False,,pivot,pivot,0.0,0.0,26.533333333330233,2023-10-18,122.0,103787.6923479766,104142.8066029483,TOKYO_MEANREV,tokyo_meanrev,tokyo,149.5566666666667,149.7041186666667,149.7952146666667,149.4092146666667,149.3181186666667,149.82465440710848,149.73956,149.65446559289154,149.7862048,bullish,94.23076923076975,0.059714285714288655
24,2023-10-17 17:16:00+00:00,2023-10-17 17:12:00+00:00,4,2023-10-17 22:00:00+00:00,short,149.77809063565314,149.78952852390444,150.0226666666667,149.5566666666667,session_close,-1.143788825129377,-54.60056819294219,5,715044,6.0,24.45760310135654,neutral,ABCDE,medium,0.75,1.0,0.75,1.0,1.0,full,8,strong,immediate,5.245198380515603,8.072244895814151,False,False,False,,pivot,pivot,0.0,0.0,22.733333333329142,2023-10-18,284.0,104142.8066029483,104088.20603475536,TOKYO_MEANREV,tokyo_meanrev,tokyo,149.5566666666667,149.7041186666667,149.7952146666667,149.4092146666667,149.3181186666667,149.78503902223108,149.72008,149.65512097776892,149.79,bearish,78.72340425533287,0.06521428571428853
26,2023-10-17 20:32:00+00:00,2023-10-17 20:29:00+00:00,3,2023-10-17 22:00:00+00:00,short,149.81531649941047,149.78952852390444,150.0226666666667,149.5566666666667,session_close,2.57879755060344,145.73669425817332,5,846512,6.0,20.735016725623723,neutral,ABCDE,medium,0.75,1.0,0.75,1.0,1.0,full,6,moderate,immediate,2.57879755060344,4.264730468898392,False,False,False,,pivot,pivot,0.0,0.0,26.33333333332928,2023-10-18,88.0,104088.20603475536,104233.94272901354,TOKYO_MEANREV,tokyo_meanrev,tokyo,149.5566666666667,149.7041186666667,149.7952146666667,149.4092146666667,149.3181186666667,149.81891052277223,149.76712,149.71532947722778,149.778752832,bullish,76.14678899082426,0.03357142857142849
29,2023-10-31 20:58:00+00:00,2023-10-31 20:57:00+00:00,1,2023-10-31 21:06:00+00:00,short,151.704424131229,151.68442413122898,151.68442413122898,149.24300000000002,tp1_then_be_stop,4.000000000000625,263.75755768974585,5,1000000,6.0,12.0,neutral,ABCDE,medium,0.75,1.0,0.75,1.0,1.0,full,6,moderate,immediate,7.293549006539024,0.8088162593850257,False,False,False,,pivot,pivot,0.0,0.0,247.29999999999848,2023-11-01,8.0,104233.94272901354,104497.70028670329,TOKYO_MEANREV,tokyo_meanrev,tokyo,149.24300000000002,149.644482,149.89251800000002,148.84151800000004,148.59348200000002,151.71595592460048,151.59835999999999,151.4807640753995,151.68616024064002,bullish,89.5287958115131,0.07692857142856926
28,2023-10-31 20:48:00+00:00,2023-10-31 20:47:00+00:00,1,2023-10-31 21:19:00+00:00,short,151.6773070190401,151.65730701904008,151.65730701904008,149.24300000000002,tp1_then_be_stop,4.000000000000625,263.80472823975936,5,1000000,6.0,12.0,neutral,ABCDE,medium,0.75,1.0,0.75,1.0,1.0,full,7,strong,immediate,7.798010978871162,5.032002277093284,False,False,False,,pivot,pivot,0.0,0.0,245.29999999999745,2023-11-01,31.0,104497.70028670329,104761.50501494305,TOKYO_MEANREV,tokyo_meanrev,tokyo,149.24300000000002,149.644482,149.89251800000002,148.84151800000004,148.59348200000002,151.68551701751278,151.5868,151.48808298248724,151.698,bearish,84.2519685039378,0.07692857142856926
27,2023-10-31 20:35:00+00:00,2023-10-31 20:29:00+00:00,6,2023-10-31 22:00:00+00:00,short,151.64836235638333,151.63305113026775,151.76836235638334,149.24300000000002,session_close,1.5311226115585441,100.97551952859928,5,1000000,6.078571428571422,12.0,neutral,ABCDE,medium,0.75,1.0,0.75,1.0,1.0,full,5,moderate,immediate,4.903544713195629,7.926468542768816,False,False,False,,pivot,pivot,0.0,0.0,237.89999999999907,2023-11-01,85.0,104761.50501494305,104862.48053447164,TOKYO_MEANREV,tokyo_meanrev,tokyo,149.24300000000002,149.644482,149.89251800000002,148.84151800000004,148.59348200000002,151.6322447286658,151.56756000000001,151.50287527133423,151.60946,bullish,70.5607476635622,0.12157142857142844
30,2023-11-08 18:02:00+00:00,2023-11-08 18:01:00+00:00,1,2023-11-08 22:03:00+00:00,short,150.89134201801627,150.9566895746,151.18333333333337,150.34733333333335,session_close,-6.534755658373115,-263.90238837645484,5,609630,6.0,29.1991315317091,neutral,ABCDE,medium,0.75,1.0,0.75,1.0,1.0,full,7,strong,immediate,5.075378668340136,17.528488239318563,False,False,False,,pivot,pivot,0.0,0.0,58.66666666666447,2023-11-09,241.0,104862.48053447164,104598.57814609518,TOKYO_MEANREV,tokyo_meanrev,tokyo,150.34733333333335,150.63612533333335,150.81454133333335,150.05854133333335,149.88012533333335,150.93577613761914,150.8218,150.70782386238085,150.89472,bullish,78.62068965516984,0.06949999999999891
31,2023-11-08 19:55:00+00:00,2023-11-08 19:54:00+00:00,1,2023-11-08 22:03:00+00:00,short,151.02442866577175,150.9566895746,151.00442866577174,150.34733333333335,tp1_then_session_close,6.386954558587376,423.08828999748323,5,1000000,6.0,15.890466756161459,neutral,ABCDE,medium,0.75,1.0,0.75,1.0,1.0,full,7,strong,immediate,8.573909117174594,4.219823463770922,False,False,False,,pivot,pivot,0.0,0.0,68.6666666666639,2023-11-09,128.0,104598.57814609518,105021.66643609267,TOKYO_MEANREV,tokyo_meanrev,tokyo,150.34733333333335,150.63612533333335,150.81454133333335,150.05854133333335,149.88012533333335,151.03457139505343,150.9466,150.85862860494655,151.054,bearish,89.3617021276823,0.054071428571430956
32,2023-11-10 17:29:00+00:00,2023-11-10 17:26:00+00:00,3,2023-11-12 22:03:00+00:00,short,151.5636646802138,151.49242723827138,151.5436646802138,151.16866666666667,tp1_then_session_close,6.56187209712158,252.64263386958618,4,583290,6.0,30.700198645286036,neutral,ABCE,medium,0.75,1.0,0.75,1.0,1.0,full,5,moderate,immediate,7.123744194242931,4.994386781433491,False,False,False,,pivot,pivot,0.0,0.0,41.133333333334576,2023-11-11,3154.0,105021.66643609267,105274.30906996226,TOKYO_MEANREV,tokyo_meanrev,tokyo,151.16866666666667,151.40627066666667,151.55306266666665,150.93106266666666,150.78427066666669,151.58453388090615,151.51728,151.45002611909385,151.564,bullish,67.06586826346347,0.06328571428571397
33,2023-11-17 18:59:00+00:00,2023-11-17 18:55:00+00:00,4,2023-11-17 19:56:00+00:00,long,149.6186468917932,149.6386468917932,149.6386468917932,150.819,tp1_then_be_stop,4.000000000000625,267.2570465923591,5,1000000,6.0,12.0,neutral,ABCDE,medium,0.75,1.0,0.75,1.0,1.0,full,7,strong,immediate,7.408914687687229,4.26083679508622,False,False,False,,pivot,pivot,0.0,0.0,118.50000000000023,2023-11-18,57.0,105274.30906996226,105541.56611655462,TOKYO_MEANREV,tokyo_meanrev,tokyo,150.819,151.25677199999998,151.52722799999998,150.381228,150.110772,149.82448232110846,149.71856,149.61263767889153,149.66946,bearish,21.38728323698463,0.09028571428571297
34,2023-12-06 20:11:00+00:00,2023-12-06 20:07:00+00:00,4,2023-12-06 22:03:00+00:00,short,147.39909986703134,147.2532529205941,147.37909986703133,147.036,tp1_then_session_close,10.292355905921816,349.44455432924696,5,500037,6.0,35.0,neutral,ABCDE,medium,0.75,1.0,0.75,1.0,1.0,full,6,moderate,immediate,16.78469464372654,1.6792162105815578,False,False,False,,pivot,pivot,0.0,0.0,36.19999999999948,2023-12-07,112.0,105541.56611655462,105891.01067088387,TOKYO_MEANREV,tokyo_meanrev,tokyo,147.036,147.35306,147.54894,146.71894,146.52306000000002,147.39709104194378,147.29056,147.18402895805622,147.35349382912003,bullish,82.65306122449128,0.061500000000003344
35,2024-01-10 21:04:00+00:00,2024-01-10 21:03:00+00:00,1,2024-01-10 22:03:00+00:00,short,145.77456824166032,145.70281329193458,145.7545682416603,144.184,tp1_then_session_close,6.587747486287299,452.1193053346741,4,1000000,6.0,12.0,neutral,ABCE,medium,0.75,1.0,0.75,1.0,1.0,full,5,moderate,immediate,10.975494972575461,4.779622414142182,False,False,False,,pivot,pivot,0.0,0.0,162.39999999999952,2024-01-11,59.0,105891.01067088387,106343.12997621855,TOKYO_MEANREV,tokyo_meanrev,tokyo,144.184,144.64316399999998,144.926836,143.724836,143.441164,145.8053795225,145.69468,145.5839804775,145.84253999999999,bearish,67.36526946107531,0.09221428571428143
37,2024-01-12 19:28:00+00:00,2024-01-12 19:26:00+00:00,2,2024-01-12 20:05:00+00:00,long,144.81855444592574,144.83855444592575,144.83855444592575,145.576,tp1_then_be_stop,4.1392857142867,141.43647517525324,5,495014,6.278571428571363,35.0,neutral,ABCDE,medium,0.75,1.0,0.75,1.0,1.0,full,5,moderate,immediate,6.2843286934196385,2.9070536985898343,False,False,False,,pivot,pivot,0.0,0.0,75.79999999999814,2024-01-13,37.0,106343.12997621855,106484.56645139381,TOKYO_MEANREV,tokyo_meanrev,tokyo,145.576,146.112328,146.443672,145.039672,144.708328,145.01962552602203,144.91592,144.81221447397797,144.8104571928576,bullish,28.437500000003155,0.12557142857142725
36,2024-01-12 19:15:00+00:00,2024-01-12 19:11:00+00:00,4,2024-01-12 21:00:00+00:00,long,144.82888440955605,144.8846007704717,144.84888440955606,145.576,tp1_then_trailing_stop,6.350102187562453,216.96040355447036,4,495049,7.128571428571462,35.0,neutral,ABCE,medium,0.75,1.0,0.75,1.0,1.0,full,4,moderate,immediate,11.045610192297772,3.9400500616210365,False,False,False,,pivot,pivot,0.0,0.0,73.30000000000041,2024-01-13,105.0,106484.56645139381,106701.52685494829,TOKYO_MEANREV,tokyo_meanrev,tokyo,145.576,146.112328,146.443672,145.039672,144.708328,145.00506528981666,144.9304,144.85573471018333,144.8247488,bullish,34.96732026143961,0.14257142857142924
39,2024-01-26 18:51:00+00:00,2024-01-26 18:44:00+00:00,7,2024-01-26 19:56:00+00:00,short,148.12293549240675,148.10293549240674,148.10293549240674,147.56433333333334,tp1_then_be_stop,3.999996063108998,137.23358834197853,5,508015,6.0,35.0,neutral,ABCDE,medium,0.75,1.0,0.75,1.0,1.0,full,7,strong,immediate,6.056529384761689,9.409935136056902,False,False,False,,pivot,pivot,0.0,0.0,52.76666666666756,2024-01-27,65.0,106701.52685494829,106838.76044329026,TOKYO_MEANREV,tokyo_meanrev,tokyo,147.56433333333334,147.89667333333333,148.10199333333335,147.23199333333335,147.02667333333332,148.07816776888785,147.98032,147.88247223111216,148.116,bearish,74.55830388692623,0.09342857142857294
40,2024-01-26 19:04:00+00:00,2024-01-26 19:02:00+00:00,2,2024-01-26 19:57:00+00:00,short,148.14795808090125,148.1143540517337,148.12795808090124,147.56433333333334,tp1_then_trailing_stop,4.680198860865363,160.5708937409539,5,508101,6.0,35.0,neutral,ABCDE,medium,0.75,1.0,0.75,1.0,1.0,full,5,moderate,immediate,8.558788234211079,2.277477224149038,False,False,False,,pivot,pivot,0.0,0.0,59.166666666666856,2024-01-27,53.0,106838.76044329026,106999.33133703121,TOKYO_MEANREV,tokyo_meanrev,tokyo,147.56433333333334,147.89667333333333,148.10199333333335,147.23199333333335,147.02667333333332,148.16145497975432,148.01336,147.8652650202457,148.19752589184,bearish,74.74048442906452,0.08850000000000234
38,2024-01-26 18:32:00+00:00,2024-01-26 18:31:00+00:00,1,2024-01-28 22:03:00+00:00,short,148.04462447759138,148.11738154582582,148.39462447759138,147.56433333333334,session_close,-7.275706823443784,-249.4115325243015,5,507747,6.0,35.0,neutral,ABCDE,medium,0.75,1.0,0.75,1.0,1.0,full,6,moderate,immediate,0.0,17.241036617593863,False,False,False,,pivot,pivot,0.0,0.0,49.36666666666554,2024-01-27,3091.0,106999.33133703121,106749.9198045069,TOKYO_MEANREV,tokyo_meanrev,tokyo,147.56433333333334,147.89667333333333,148.10199333333335,147.23199333333335,147.02667333333332,148.04187385092214,147.96679999999998,147.8917261490778,147.99349120000002,bullish,70.86614173228082,0.09342857142857294
41,2024-02-27 18:15:00+00:00,2024-02-27 18:10:00+00:00,5,2024-02-27 19:30:00+00:00,long,150.32731169005012,150.5187624779672,150.34731169005013,150.616,tp1_then_trailing_stop,12.572539395853255,447.1454123910592,5,535212,6.0,33.73116900501145,neutral,ABCDE,medium,0.75,1.0,0.75,1.0,1.0,full,7,strong,immediate,24.647817722330956,3.4657954151953163,False,False,False,,pivot,pivot,0.0,0.0,25.600000000000023,2024-02-28,75.0,106749.9198045069,107197.06521689797,TOKYO_MEANREV,tokyo_meanrev,tokyo,150.616,150.82457200000002,150.953428,150.407428,150.27857200000003,150.543465074683,150.45344,150.363414925317,150.4316802164959,bearish,23.715415019765075,0.08957142857142587
42,2024-03-05 19:05:00+00:00,2024-03-05 19:04:00+00:00,1,2024-03-05 22:04:00+00:00,long,150.0137871589013,150.0289195307745,149.6637871589013,150.311,session_close,1.5132371873193051,52.13509316735648,5,516890,6.0,35.0,neutral,ABCDE,medium,0.75,1.0,0.75,1.0,1.0,full,7,strong,immediate,5.998365934294725,18.29509238907292,False,False,False,,pivot,pivot,0.0,0.0,30.89999999999975,2024-03-06,179.0,107197.06521689797,107249.20031006532,TOKYO_MEANREV,tokyo_meanrev,tokyo,150.311,150.589478,150.76152199999999,150.032522,149.86047800000003,150.1670124684236,150.08148,149.9959475315764,149.972,bullish,23.72881355932509,0.08607142857142744
43,2024-03-15 19:57:00+00:00,2024-03-15 19:56:00+00:00,1,2024-03-17 21:04:00+00:00,short,149.08479605860717,149.0019896602733,149.06479605860716,148.028,tp1_then_session_close,7.140319916693726,479.1788901710953,5,1000000,6.0,12.0,neutral,ABCDE,medium,0.75,1.0,0.75,1.0,1.0,full,6,moderate,immediate,8.280639833387227,2.5483273108307003,False,False,False,,pivot,pivot,0.0,0.0,107.20000000000027,2024-03-16,2947.0,107249.20031006532,107728.37920023642,TOKYO_MEANREV,tokyo_meanrev,tokyo,148.028,148.382114,148.600886,147.67388599999998,147.45511399999998,149.08905681020855,149.03976,148.99046318979146,149.122,bearish,72.4832214765038,0.05914285714285735
44,2024-03-27 19:38:00+00:00,2024-03-27 19:37:00+00:00,1,2024-03-27 22:00:00+00:00,long,151.36063318540585,151.2953804741469,151.01063318540585,151.4453333333333,session_close,-6.52527112589496,-226.04738263854924,4,524115,6.0,35.0,neutral,ABCE,medium,0.75,1.0,0.75,1.0,1.0,full,4,moderate,immediate,0.0,12.330025982711845,False,False,False,,pivot,pivot,0.0,0.0,9.533333333331484,2024-03-28,142.0,107728.37920023642,107502.33181759788,TOKYO_MEANREV,tokyo_meanrev,tokyo,151.4453333333333,151.59698733333332,151.69067933333332,151.2936793333333,151.1999873333333,151.40789940195177,151.37892,151.34994059804822,151.337792,bullish,30.26315789473439,0.044714285714281994
45,2024-03-27 20:00:00+00:00,2024-03-27 19:59:00+00:00,1,2024-03-27 22:00:00+00:00,long,151.3365703628463,151.2953804741469,150.9865703628463,151.4453333333333,session_close,-4.118988869939244,-142.6667469110757,5,524032,6.0,35.0,neutral,ABCDE,medium,0.75,1.0,0.75,1.0,1.0,full,7,strong,immediate,1.6806209693470464,9.923743726756129,False,False,False,,pivot,pivot,0.0,0.0,11.933333333331575,2024-03-28,120.0,107502.33181759788,107359.66507068681,TOKYO_MEANREV,tokyo_meanrev,tokyo,151.4453333333333,151.59698733333332,151.69067933333332,151.2936793333333,151.1999873333333,151.41501997779244,151.36948,151.32394002220758,151.296,bullish,17.499999999992312,0.04149999999999717
46,2024-03-27 21:17:00+00:00,2024-03-27 21:10:00+00:00,6,2024-03-27 22:00:00+00:00,long,151.27258515250577,151.2953804741469,150.96833333333328,151.4453333333333,session_close,2.279532164112652,90.78811599461918,5,602572,6.0,30.425181917249233,neutral,ABCDE,medium,0.75,1.0,0.75,1.0,1.0,full,6,moderate,immediate,4.379532164114153,3.1086308196137225,False,False,False,,pivot,pivot,0.0,0.0,18.03333333333228,2024-03-28,43.0,107359.66507068681,107450.45318668144,TOKYO_MEANREV,tokyo_meanrev,tokyo,151.4453333333333,151.59698733333332,151.69067933333332,151.2936793333333,151.1999873333333,151.39372755646244,151.33216000000002,151.2705924435376,151.31202778175998,bearish,27.659574468077807,0.03092857142857294
47,2024-04-03 16:36:00+00:00,2024-04-03 16:34:00+00:00,2,2024-04-03 22:00:00+00:00,long,151.64152905684296,151.61253798133626,151.32801866666668,151.74401866666668,session_close,-2.899107550669555,-111.8035563204674,3,584691,6.0,31.351039017627613,neutral,ABC,medium,0.75,1.0,0.75,1.0,1.0,full,3,weak,immediate,5.964868701997261,3.999107550669123,False,False,False,,pivot,pivot_fallback,0.0,0.0,1.2333333333316432,2024-04-04,324.0,107450.45318668144,107338.64963036097,TOKYO_MEANREV,tokyo_meanrev,tokyo,151.61566666666667,151.74401866666668,151.82331466666665,151.48731466666666,151.4080186666667,151.84600221694546,151.73424,151.62247778305453,151.579,bullish,30.451127819549882,0.10835714285714662
48,2024-04-03 21:06:00+00:00,2024-04-03 21:05:00+00:00,1,2024-04-03 22:00:00+00:00,long,151.66581214485018,151.61253798133626,151.32801866666668,151.7458121448502,session_close,-5.327416351391889,-190.71205808905347,3,542746,6.0,33.77934781834995,neutral,ABC,medium,0.75,1.0,0.75,1.0,1.0,full,3,weak,immediate,0.0,6.427416351391457,False,False,False,,pivot,pivot_fallback,0.0,0.0,2.6333333333326436,2024-04-04,54.0,107338.64963036097,107147.93757227193,TOKYO_MEANREV,tokyo_meanrev,tokyo,151.61566666666667,151.74401866666668,151.82331466666665,151.48731466666666,151.4080186666667,151.7136062303235,151.68627999999998,151.65895376967646,151.70668,bearish,32.812500000005215,0.02771428571429218
49,2024-04-05 19:57:00+00:00,2024-04-05 19:55:00+00:00,2,2024-04-07 21:04:00+00:00,short,151.6359888820804,151.63859133964866,151.9859888820804,151.40466666666666,session_close,-0.2602457568258387,-8.962807082552322,5,522240,6.0,35.0,neutral,ABCDE,medium,0.75,1.0,0.75,1.0,1.0,full,6,moderate,immediate,2.0592231990463006,2.29961301031949,False,False,False,,pivot,pivot,0.0,0.0,23.933333333334872,2024-04-06,2947.0,107147.93757227193,107138.97476518937,TOKYO_MEANREV,tokyo_meanrev,tokyo,151.40466666666666,151.65373066666666,151.80760266666664,151.15560266666665,151.00173066666667,151.6519816844804,151.58932000000001,151.52665831551963,151.631,bullish,84.28571428571892,0.040357142857142696
50,2024-04-10 20:49:00+00:00,2024-04-10 20:48:00+00:00,1,2024-04-10 21:16:00+00:00,short,153.1058080973091,153.0858080973091,153.0858080973091,151.75633333333334,tp1_then_be_stop,4.000000000000625,261.3425848351858,5,1000000,6.0,12.0,neutral,ABCDE,medium,0.75,1.0,0.75,1.0,1.0,full,8,strong,immediate,10.275544162894334,9.033306162046983,False,False,False,,pivot,pivot,0.0,0.0,135.96666666666692,2024-04-11,27.0,107138.97476518937,107400.31735002456,TOKYO_MEANREV,tokyo_meanrev,tokyo,151.75633333333334,151.89576333333335,151.98190333333335,151.61690333333334,151.53076333333334,153.07725256093013,152.96196,152.84666743906988,153.239,bearish,89.83050847458313,0.09264285714285896
51,2024-04-10 21:06:00+00:00,2024-04-10 20:58:00+00:00,4,2024-04-10 21:16:00+00:00,short,153.12491583470643,153.10491583470642,153.10491583470642,151.75633333333334,tp1_then_be_stop,4.000000000000625,261.3099624712773,5,1000000,6.0,12.0,neutral,ABCDE,medium,0.75,1.0,0.75,1.0,1.0,full,6,moderate,immediate,12.186317902626342,2.6159559306137226,False,False,False,,pivot,pivot,0.0,0.0,138.9666666666642,2024-04-11,10.0,107400.31735002456,107661.62731249584,TOKYO_MEANREV,tokyo_meanrev,tokyo,151.75633333333334,151.89576333333335,151.98190333333335,151.61690333333334,151.53076333333334,153.13434256686125,152.98104,152.82773743313876,153.21558531928162,bearish,80.65395095368326,0.09264285714285896
52,2024-04-12 18:24:00+00:00,2024-04-12 18:20:00+00:00,4,2024-04-14 21:04:00+00:00,short,153.18302667510136,153.09766666666667,153.16302667510135,153.09766666666667,tp1_then_tp2,7.268000421734655,257.09031411782826,3,541588,6.0,34.257399156530255,neutral,ABC,medium,0.75,1.0,0.75,1.0,1.0,full,3,weak,immediate,8.710761825778945,15.479294247583653,False,False,False,,pivot,pivot,0.0,0.0,9.433333333333849,2024-04-13,3040.0,107661.62731249584,107918.71762661367,TOKYO_MEANREV,tokyo_meanrev,tokyo,153.09766666666667,153.31273266666668,153.44560066666665,152.88260066666666,152.7497326666667,153.17907046991547,153.11324000000002,153.04740953008456,153.1403576988672,bullish,66.66666666666666,0.07464285714285422
53,2024-04-12 18:36:00+00:00,2024-04-12 18:34:00+00:00,2,2024-04-14 21:04:00+00:00,short,153.1810834885051,153.09766666666667,153.16108348850508,153.09766666666667,tp1_then_tp2,7.170843266076287,252.2210641825572,3,538527,6.0,34.4517178161567,neutral,ABC,medium,0.75,1.0,0.75,1.0,1.0,full,3,weak,immediate,8.516443166152499,15.6736129072101,False,False,False,,pivot,pivot,0.0,0.0,10.033333333333871,2024-04-13,3028.0,107918.71762661367,108170.93869079622,TOKYO_MEANREV,tokyo_meanrev,tokyo,153.09766666666667,153.31273266666668,153.44560066666665,152.88260066666666,152.7497326666667,153.2029835912463,153.11916000000002,153.03533640875375,153.211176688,bearish,65.57377049180195,0.07171428571428302
54,2024-04-19 18:16:00+00:00,2024-04-19 18:12:00+00:00,4,2024-04-21 21:04:00+00:00,short,154.61911997635343,154.62231693174525,154.94271666666668,154.41466666666668,session_close,-0.31969553918145266,-12.022270199270311,3,581463,6.0,32.35966903132521,neutral,ABC,medium,0.75,1.0,0.75,1.0,1.0,full,3,weak,immediate,5.966860268330265,4.53930284500359,False,False,False,,pivot,pivot,0.0,0.0,22.333333333332916,2024-04-20,3048.0,108170.93869079622,108158.91642059694,TOKYO_MEANREV,tokyo_meanrev,tokyo,154.41466666666668,154.69161666666668,154.86271666666667,154.13771666666668,153.96661666666668,154.63597962223346,154.59951999999998,154.5630603777665,154.623,bullish,69.67213114754863,0.056000000000005504
55,2024-05-03 19:42:00+00:00,2024-05-03 19:41:00+00:00,1,2024-05-03 20:50:00+00:00,long,152.85993288893823,152.87993288893824,152.87993288893824,154.36133333333333,tp1_then_be_stop,3.9999962365203086,139.01582372770602,3,531423,6.0,35.0,neutral,ABC,medium,0.75,1.0,0.75,1.0,1.0,full,2,weak,immediate,7.015047512433625,1.684605188330579,False,False,False,,pivot,pivot,0.0,0.0,151.133333333334,2024-05-04,68.0,108158.91642059694,108297.93224432465,TOKYO_MEANREV,tokyo_meanrev,tokyo,154.36133333333333,155.59519333333333,156.35747333333336,153.12747333333334,152.3651933333333,152.98818392548966,152.91572,152.84325607451032,152.914,bearish,32.38866396761455,0.06614285714286032
57,2024-05-07 18:02:00+00:00,2024-05-07 18:01:00+00:00,1,2024-05-07 21:19:00+00:00,short,154.66965099656275,154.6408994011983,154.64965099656274,153.58066666666667,tp1_then_time_decay,4.437579768222122,286.9995014398667,4,1000000,6.0,17.10156701039125,neutral,ABCE,medium,0.75,1.0,0.75,1.0,1.0,full,5,moderate,immediate,7.867236792921517,8.755225560068425,False,False,False,,pivot,pivot,0.0,0.0,110.73333333333153,2024-05-08,197.0,108297.93224432465,108584.93174576452,TOKYO_MEANREV,tokyo_meanrev,tokyo,153.58066666666667,154.03142666666668,154.30990666666665,153.12990666666667,152.8514266666667,154.68681678714546,154.56092,154.43502321285456,154.633,bullish,69.2129629629644,0.09564285714285704
56,2024-05-07 17:24:00+00:00,2024-05-07 17:23:00+00:00,1,2024-05-07 22:00:00+00:00,short,154.6057521475818,154.6561845962845,154.84066666666666,153.58066666666667,session_close,-5.043244870270769,-261.47518622252784,5,801840,6.0,23.491451908486738,neutral,ABCDE,medium,0.75,1.0,0.75,1.0,1.0,full,7,strong,immediate,3.026042651629268,15.145110458163913,False,False,False,,pivot,pivot,0.0,0.0,105.33333333333132,2024-05-08,276.0,108584.93174576452,108323.456559542,TOKYO_MEANREV,tokyo_meanrev,tokyo,153.58066666666667,154.03142666666668,154.30990666666665,153.12990666666667,152.8514266666667,154.62705825601063,154.52228,154.41750174398936,154.674,bearish,72.25433526011851,0.10257142857142908
58,2024-05-22 18:29:00+00:00,2024-05-22 18:24:00+00:00,5,2024-05-22 22:00:00+00:00,short,156.60435598028872,156.7137213422145,156.9543559802887,156.18333333333334,session_close,-10.936536192579638,-380.5246385307518,5,545268,6.0,35.0,neutral,ABCDE,medium,0.75,1.0,0.75,1.0,1.0,full,8,strong,immediate,4.061795287424275,25.050805985966917,False,False,False,,pivot,pivot,0.0,0.0,41.26666666666665,2024-05-23,211.0,108323.456559542,107942.93192101124,TOKYO_MEANREV,tokyo_meanrev,tokyo,156.18333333333334,156.45302533333336,156.61964133333333,155.91364133333332,155.74702533333334,156.59858622822563,156.51916,156.43973377177437,156.63,bearish,81.49779735683569,0.060928571428570014
59,2024-05-22 19:19:00+00:00,2024-05-22 19:14:00+00:00,5,2024-05-22 22:00:00+00:00,short,156.6750114549409,156.7137213422145,156.96933333333337,156.18333333333334,session_close,-3.870988727362601,-160.2382322880672,5,648711,6.0,29.43218783924806,neutral,ABCDE,medium,0.75,1.0,0.75,1.0,1.0,full,6,moderate,immediate,0.0,17.98525852074988,False,False,False,,pivot,pivot,0.0,0.0,49.96666666666556,2024-05-23,161.0,107942.93192101124,107782.69368872317,TOKYO_MEANREV,tokyo_meanrev,tokyo,156.18333333333334,156.45302533333336,156.61964133333333,155.91364133333332,155.74702533333334,156.68260474232306,156.56619999999998,156.4497952576769,156.686100224,bearish,81.06995884773721,0.05385714285714016
60,2024-05-28 17:05:00+00:00,2024-05-28 17:02:00+00:00,3,2024-05-28 22:00:00+00:00,short,156.9995993645711,157.1667568048491,157.2446666666667,156.84666666666666,session_close,-16.71574402779754,-826.1887352306015,5,776809,6.0,24.50673020955776,neutral,ABCDE,medium,0.75,1.0,0.75,1.0,1.0,full,6,moderate,immediate,0.0,20.79153064420325,False,False,False,,pivot,pivot,0.0,0.0,14.533333333332621,2024-05-29,295.0,107782.69368872317,106956.50495349256,TOKYO_MEANREV,tokyo_meanrev,tokyo,156.84666666666666,156.96814266666667,157.04319066666667,156.72519066666666,156.65014266666665,156.99535059720782,156.9244,156.85344940279217,156.966,bullish,71.32352941177317,0.07278571428571468
61,2024-05-28 17:22:00+00:00,2024-05-28 17:20:00+00:00,2,2024-05-28 22:00:00+00:00,short,157.0610531978325,157.1667568048491,157.2446666666667,156.84666666666666,session_close,-10.570360701657933,-672.5570290149172,5,1000000,6.0,18.36134688341815,neutral,ABCDE,medium,0.75,1.0,0.75,1.0,1.0,full,8,strong,immediate,0.9049419597630504,14.64614731806364,False,False,False,,pivot,pivot,0.0,0.0,20.733333333333803,2024-05-29,278.0,106956.50495349256,106283.94792447764,TOKYO_MEANREV,tokyo_meanrev,tokyo,156.84666666666666,156.96814266666667,157.04319066666667,156.72519066666666,156.65014266666665,157.0517201138686,156.95204,156.8523598861314,157.097,bearish,80.50847457628099,0.07100000000000202
62,2024-06-04 17:54:00+00:00,2024-06-04 17:52:00+00:00,2,2024-06-04 21:11:00+00:00,long,154.60763390070287,154.853152102191,154.62763390070288,156.51233333333332,tp1_then_trailing_stop,15.616981502977014,1008.7519214451506,5,1000000,6.682142857142789,12.0,neutral,ABCDE,medium,0.75,1.0,0.75,1.0,1.0,full,8,strong,immediate,29.55265564477827,2.1243275170377274,False,False,False,,pivot,pivot,0.0,0.0,192.2333333333313,2024-06-05,197.0,106283.94792447764,107292.69984592279,TOKYO_MEANREV,tokyo_meanrev,tokyo,156.51233333333332,157.0945013333333,157.45416533333332,155.93016533333332,155.5705013333333,154.94644078341133,154.76064,154.57483921658866,154.549,bullish,18.181818181825165,0.1336428571428558
63,2024-06-05 20:38:00+00:00,2024-06-05 20:37:00+00:00,1,2024-06-05 22:00:00+00:00,short,156.128036616897,156.05669720770297,156.10803661689698,155.29066666666665,tp1_then_session_close,6.566971512694464,226.57041578369132,3,538437,6.0,35.0,neutral,ABC,medium,0.75,1.0,0.75,1.0,1.0,full,3,weak,immediate,12.433940919402175,2.277781296857029,False,False,False,,pivot,pivot,0.0,0.0,84.53333333333433,2024-06-06,82.0,107292.69984592279,107519.27026170648,TOKYO_MEANREV,tokyo_meanrev,tokyo,155.29066666666665,156.03251066666667,156.49082266666665,154.54882266666664,154.09051066666666,156.14486470799565,156.10824,156.07161529200434,156.162,bearish,65.71428571428106,0.04107142857142167
64,2024-06-07 20:02:00+00:00,2024-06-07 20:01:00+00:00,1,2024-06-09 21:04:00+00:00,short,156.71503313444592,156.79280103843007,156.97800000000004,155.806,session_close,-7.776790398415301,-357.5379867903272,5,720855,6.0,26.296686555411952,neutral,ABCDE,medium,0.75,1.0,0.75,1.0,1.0,full,7,strong,immediate,3.108336019892022,7.776790398415301,False,False,False,,pivot,pivot,0.0,0.0,91.99999999999875,2024-06-08,2942.0,107519.27026170648,107161.73227491615,TOKYO_MEANREV,tokyo_meanrev,tokyo,155.806,156.22314400000002,156.48085600000002,155.388856,155.131144,156.72267865270828,156.63828,156.55388134729174,156.766,bearish,80.82901554403038,0.06764285714285531
66,2024-06-14 20:37:00+00:00,2024-06-14 20:30:00+00:00,7,2024-06-14 20:47:00+00:00,short,157.42098698534616,157.40098698534615,157.40098698534615,156.968,tp1_then_be_stop,3.9999963115493506,137.8227376874251,4,542233,6.0,35.0,neutral,ABCE,medium,0.75,1.0,0.75,1.0,1.0,full,4,moderate,immediate,7.082557925957644,2.9081591911136684,False,False,False,,pivot,pivot,0.0,0.0,41.59999999999968,2024-06-15,10.0,107161.73227491615,107299.55501260358,TOKYO_MEANREV,tokyo_meanrev,tokyo,156.968,157.246096,157.417904,156.68990399999998,156.51809599999999,157.37745421421863,157.31452,157.25158578578134,157.38605789912432,bearish,66.83168316831767,0.05007142857142607
67,2024-06-14 20:49:00+00:00,2024-06-14 20:48:00+00:00,1,2024-06-14 20:51:00+00:00,short,157.40774961319576,157.38774961319575,157.38774961319575,156.968,tp1_then_be_stop,3.9999963159791476,138.00006871368828,4,542885,6.0,35.0,neutral,ABCE,medium,0.75,1.0,0.75,1.0,1.0,full,4,moderate,immediate,7.449038224282845,2.0509617757170417,False,False,False,,pivot,pivot,0.0,0.0,44.599999999999795,2024-06-15,2.0,107299.55501260358,107437.55508131727,TOKYO_MEANREV,tokyo_meanrev,tokyo,156.968,157.246096,157.417904,156.68990399999998,156.51809599999999,157.42066364441456,157.32688,157.23309635558542,157.42288497160192,bearish,66.05839416058444,0.05307142857142618
65,2024-06-14 20:23:00+00:00,2024-06-14 20:22:00+00:00,1,2024-06-16 21:04:00+00:00,short,157.3544827950059,157.3782646755688,157.7044827950059,156.968,session_close,-2.378188056289332,-81.90377762254892,4,542004,6.0,35.0,neutral,ABCE,medium,0.75,1.0,0.75,1.0,1.0,full,5,moderate,immediate,2.1223564052974098,9.558578225139058,False,False,False,,pivot,pivot,0.0,0.0,40.40000000000248,2024-06-15,2921.0,107437.55508131727,107355.65130369473,TOKYO_MEANREV,tokyo_meanrev,tokyo,156.968,157.246096,157.417904,156.68990399999998,156.51809599999999,157.3585707893348,157.30768,157.2567892106652,157.396,bearish,68.94736842104894,0.05221428571428329
68,2024-06-18 18:01:00+00:00,2024-06-18 17:59:00+00:00,2,2024-06-18 19:15:00+00:00,short,157.84738194319803,157.81076183066807,157.82738194319802,157.61800000000002,tp1_then_trailing_stop,4.831005626498097,167.96257420450416,3,548620,6.0,34.749005680200185,neutral,ABC,medium,0.75,1.0,0.75,1.0,1.0,full,3,weak,immediate,8.864571914031671,5.93149017004464,False,False,False,,pivot,pivot,0.0,0.0,23.999999999998067,2024-06-19,74.0,107355.65130369473,107523.61387789923,TOKYO_MEANREV,tokyo_meanrev,tokyo,157.61800000000002,157.92512800000003,158.11487200000002,157.31087200000002,157.12112800000003,157.85356869441327,157.76988,157.68619130558673,157.872812,bearish,66.784452296817,0.0930000000000015
69,2024-06-21 20:24:00+00:00,2024-06-21 20:20:00+00:00,4,2024-06-21 20:36:00+00:00,short,159.6114444171128,159.7314444171128,159.7314444171128,158.59233333333336,sl,-12.000000000000455,-751.2609707994875,5,1000000,6.0,12.0,neutral,ABCDE,medium,0.75,1.0,0.75,1.0,1.0,full,5,moderate,immediate,0.0,12.616754793819496,False,False,False,,pivot,pivot,0.0,0.0,101.76666666666563,2024-06-22,12.0,107523.61387789923,106772.35290709975,TOKYO_MEANREV,tokyo_meanrev,tokyo,158.59233333333336,158.98159133333337,159.22207533333335,158.20307533333335,157.96259133333336,159.6161500976189,159.57227999999998,159.52840990238104,159.582,bullish,70.00000000000355,0.05442857142857146
70,2024-07-05 18:32:00+00:00,2024-07-05 18:31:00+00:00,1,2024-07-07 21:04:00+00:00,long,160.7834106303267,160.73319197147453,160.4826666666667,161.29066666666668,session_close,-5.02186588521738,-200.63850714440937,5,642177,6.0,30.07439636600111,neutral,ABCDE,medium,0.75,1.0,0.75,1.0,1.0,full,8,strong,immediate,5.877534944076501,8.194900739511013,False,False,False,,pivot,pivot,0.0,0.0,51.86666666666895,2024-07-06,3032.0,106772.35290709975,106571.71439995534,TOKYO_MEANREV,tokyo_meanrev,tokyo,161.29066666666668,161.5687626666667,161.74057066666666,161.01257066666668,160.8407626666667,160.95259049219158,160.85264,160.75268950780844,160.732,bullish,12.621359223294675,0.09307142857142432
71,2024-07-17 19:14:00+00:00,2024-07-17 19:13:00+00:00,1,2024-07-17 19:30:00+00:00,long,156.1094393159254,156.12943931592542,156.12943931592542,158.41566666666665,tp1_then_be_stop,4.6160714285719,295.57910746302105,5,1000000,7.232142857142776,12.0,neutral,ABCDE,medium,0.75,1.0,0.75,1.0,1.0,full,6,moderate,immediate,7.554781833943025,4.580731031572327,False,False,False,,pivot,pivot,0.0,0.0,233.66666666666447,2024-07-18,16.0,106571.71439995534,106867.29350741836,TOKYO_MEANREV,tokyo_meanrev,tokyo,158.41566666666665,158.71821066666666,158.90512266666664,158.11312266666664,157.92621066666666,156.46642852552424,156.2662,156.06597147447576,156.142,bearish,17.13709677419483,0.14464285714285552
72,2024-07-23 16:48:00+00:00,2024-07-23 16:47:00+00:00,1,2024-07-23 21:12:00+00:00,long,155.8176428202549,155.54166666666666,155.54166666666666,156.95166666666668,sl,-27.59761535882319,-1204.3886186275392,5,678800,6.0,27.59761535882319,neutral,ABCDE,medium,0.75,1.0,0.75,1.0,1.0,full,7,strong,immediate,2.6781661294677406,28.665230919256146,False,False,False,,pivot,pivot,0.0,0.0,116.56666666666808,2024-07-24,264.0,106867.29350741836,105662.90488879083,TOKYO_MEANREV,tokyo_meanrev,tokyo,156.95166666666668,157.45972666666668,157.7736066666667,156.44360666666668,156.12972666666667,156.14806513040915,155.9878,155.82753486959083,155.696,bullish,25.458715596329228,0.10699999999999932
73,2024-08-21 17:47:00+00:00,2024-08-21 17:45:00+00:00,2,2024-08-21 18:03:00+00:00,long,145.01554725318212,144.66554725318213,144.66554725318213,145.85866666666666,sl,-34.99999999999943,-1191.5801880478866,3,492516,12.0,35.0,neutral,ABC,medium,0.75,1.0,0.75,1.0,1.0,full,4,moderate,immediate,5.301906375277099,36.39260301454499,False,False,False,,pivot,pivot,0.0,0.0,89.26666666666563,2024-08-22,16.0,105662.90488879083,104471.32470074295,TOKYO_MEANREV,tokyo_meanrev,tokyo,145.85866666666666,146.71778466666666,147.24854866666666,144.99954866666667,144.46878466666666,145.25905709781242,145.12748,144.99590290218757,145.052,bearish,31.972789115646123,0.24985714285713811
74,2024-09-03 19:53:00+00:00,2024-09-03 19:52:00+00:00,1,2024-09-03 20:15:00+00:00,long,145.61771881161894,145.65373538611607,145.63771881161895,146.621,tp1_then_trailing_stop,4.800826272488166,161.15553228077087,5,488985,6.0,35.0,neutral,ABCDE,medium,0.75,1.0,0.75,1.0,1.0,full,6,moderate,immediate,8.996149108159557,3.755636810117835,False,False,False,,pivot,pivot,0.0,0.0,103.10000000000059,2024-09-04,22.0,104471.32470074295,104632.48023302371,TOKYO_MEANREV,tokyo_meanrev,tokyo,146.621,147.157328,147.488672,146.084672,145.753328,145.96035636536152,145.77967999999998,145.59900363463845,145.5686928,bullish,17.699115044243115,0.09235714285714128
75,2024-09-06 20:37:00+00:00,2024-09-06 20:36:00+00:00,1,2024-09-08 21:04:00+00:00,long,142.32215481814885,142.2955501551527,142.04299999999998,143.504,session_close,-2.6604662996135175,-112.20507592208385,5,600131,6.107142857142885,27.91548181488679,neutral,ABCDE,medium,0.75,1.0,0.75,1.0,1.0,full,5,moderate,immediate,1.2448174216387997,7.6461554640303575,False,False,False,,pivot,pivot,0.0,0.0,119.19999999999789,2024-09-07,2907.0,104632.48023302371,104520.27515710163,TOKYO_MEANREV,tokyo_meanrev,tokyo,143.504,144.031542,144.35745799999998,142.97645799999998,142.650542,142.47936376081913,142.39776,142.31615623918088,142.364,bearish,29.389312977097205,0.1221428571428577
76,2024-09-06 20:48:00+00:00,2024-09-06 20:47:00+00:00,1,2024-09-08 21:04:00+00:00,long,142.30735612187357,142.2955501551527,142.04299999999998,143.504,session_close,-1.1805966720856986,-52.57345619157678,5,633660,6.0,26.43561218735897,neutral,ABCDE,medium,0.75,1.0,0.75,1.0,1.0,full,7,strong,immediate,2.7246870491666186,5.079672364635712,False,False,False,,pivot,pivot,0.0,0.0,120.79999999999984,2024-09-07,2896.0,104520.27515710163,104467.70170091005,TOKYO_MEANREV,tokyo_meanrev,tokyo,143.504,144.031542,144.35745799999998,142.97645799999998,142.650542,142.49736645042876,142.39224000000002,142.28711354957127,142.253,bullish,15.202702702693657,0.11207142857142978
77,2024-09-24 16:57:00+00:00,2024-09-24 16:54:00+00:00,3,2024-09-24 17:35:00+00:00,long,143.46863828174855,143.6456248463251,143.48863828174856,143.74,tp1_then_trailing_stop,14.401120788023452,483.0625970759417,3,481751,11.103571428571358,35.0,neutral,ABC,medium,0.75,1.0,0.75,1.0,1.0,full,3,weak,immediate,23.297557936348312,4.209894470670861,False,False,False,,pivot,pivot,0.0,0.0,29.60000000000207,2024-09-25,38.0,104467.70170091005,104950.764297986,TOKYO_MEANREV,tokyo_meanrev,tokyo,143.74,144.235072,144.540928,143.24492800000002,142.939072,143.84921103804217,143.65256,143.45590896195782,143.402,bullish,32.0388349514554,0.22207142857142717
78,2024-09-24 18:24:00+00:00,2024-09-24 18:22:00+00:00,2,2024-09-24 18:53:00+00:00,long,143.3425439925764,143.38491490805652,143.3625439925764,143.74,tp1_then_trailing_stop,5.96139935094271,201.0117814358144,3,483553,7.685714285714441,35.0,neutral,ABC,medium,0.75,1.0,0.75,1.0,1.0,full,3,weak,immediate,10.4370915480132,7.501537590022167,False,False,False,,pivot,pivot,0.0,0.0,40.00000000000057,2024-09-25,29.0,104950.764297986,105151.7760794218,TOKYO_MEANREV,tokyo_meanrev,tokyo,143.74,144.235072,144.540928,143.24492800000002,142.939072,143.72656029913733,143.54196,143.35735970086265,143.47585564800002,bearish,34.93150684931621,0.15371428571428883
79,2024-09-25 17:15:00+00:00,2024-09-25 17:14:00+00:00,1,2024-09-25 17:48:00+00:00,short,144.59512494999618,144.54912712997543,144.57512494999617,143.6626666666667,tp1_then_trailing_stop,6.2838161266031465,212.48391171680856,5,488713,7.967857142857023,35.0,neutral,ABCDE,medium,0.75,1.0,0.75,1.0,1.0,full,8,strong,immediate,10.001426192610552,6.798656234417422,False,False,False,,pivot,pivot,0.0,0.0,95.93333333333192,2024-09-26,33.0,105151.7760794218,105364.25999113862,TOKYO_MEANREV,tokyo_meanrev,tokyo,143.6626666666667,144.2612606666667,144.63107266666668,143.0640726666667,142.6942606666667,144.61657295432525,144.47572,144.33486704567474,144.744,bearish,79.07949790795135,0.15935714285714045
80,2024-09-27 18:41:00+00:00,2024-09-27 18:39:00+00:00,2,2024-09-27 19:08:00+00:00,long,142.14720420031722,142.19899020858125,142.16720420031723,144.70966666666666,tp1_then_trailing_stop,7.1089432703445254,499.8429676305832,4,1000000,9.039285714285837,12.0,neutral,ABCE,medium,0.75,1.0,0.75,1.0,1.0,full,6,moderate,immediate,10.98111047198529,4.041773112467695,False,False,False,,pivot,pivot,0.0,0.0,258.16666666666777,2024-09-28,27.0,105364.25999113862,105864.1029587692,TOKYO_MEANREV,tokyo_meanrev,tokyo,144.70966666666666,145.13254066666667,145.39379266666666,144.28679266666666,144.02554066666667,142.65196437078836,142.3908,142.12963562921166,142.074,bullish,30.89700996677658,0.18078571428571674
81,2024-10-15 18:37:00+00:00,2024-10-15 18:34:00+00:00,3,2024-10-15 22:00:00+00:00,long,149.2830094848432,149.18725230691695,148.9330094848432,149.63199999999998,session_close,-9.575717792625937,-326.04831649437347,5,507975,6.0,35.0,neutral,ABCDE,medium,0.75,1.0,0.75,1.0,1.0,full,7,strong,immediate,3.2283352650210873,12.441211605801072,False,False,False,,pivot,pivot,0.0,0.0,34.699999999998,2024-10-16,203.0,105864.1029587692,105538.05464227483,TOKYO_MEANREV,tokyo_meanrev,tokyo,149.63199999999998,149.95211599999996,150.149884,149.311884,149.11411599999997,149.5856488109806,149.44487999999998,149.30411118901938,149.36493912576,bearish,21.259842519679395,0.09171428571428716
82,2024-11-06 20:50:00+00:00,2024-11-06 20:47:00+00:00,3,2024-11-06 21:42:00+00:00,short,154.55461473585117,154.67461473585118,154.67461473585118,151.83466666666666,sl,-12.000000000000455,-775.8222007207651,5,1000000,6.0,12.0,neutral,ABCDE,medium,0.75,1.0,0.75,1.0,1.0,full,6,moderate,immediate,3.32991307740258,12.188329071156545,False,False,False,,pivot,pivot,0.0,0.0,272.63333333333435,2024-11-07,52.0,105538.05464227483,104762.23244155406,TOKYO_MEANREV,tokyo_meanrev,tokyo,151.83466666666666,152.29612266666666,152.58121066666666,151.37321066666667,151.08812266666666,154.54667799679913,154.4576,154.3685220032009,154.49112,bullish,87.05882352941589,0.11728571428571806
83,2024-11-06 21:05:00+00:00,2024-11-06 21:02:00+00:00,3,2024-11-06 22:04:00+00:00,short,154.6177277089557,154.60210452024586,154.7377277089557,151.83466666666666,session_close,1.5623188709838587,101.05417877925885,5,1000000,6.0,12.0,neutral,ABCDE,medium,0.75,1.0,0.75,1.0,1.0,full,7,strong,immediate,3.119849520584239,5.969018446214136,False,False,False,,pivot,pivot,0.0,0.0,276.8333333333345,2024-11-07,59.0,104762.23244155406,104863.28662033333,TOKYO_MEANREV,tokyo_meanrev,tokyo,151.83466666666666,152.29612266666666,152.58121066666666,151.37321066666667,151.08812266666666,154.58653415853232,154.47367999999997,154.36082584146763,154.5180672,bullish,93.81443298969012,0.11228571428571651
84,2024-11-08 20:44:00+00:00,2024-11-08 20:40:00+00:00,4,2024-11-10 22:04:00+00:00,long,152.61482258497128,152.67919574555964,152.6348225849713,153.43866666666668,tp1_then_session_close,6.275800886561456,211.44533389399717,3,514404,6.1142857142855735,35.0,neutral,ABC,medium,0.75,1.0,0.75,1.0,1.0,full,2,weak,immediate,6.437316058836018,19.141766064387866,False,False,False,,pivot,pivot,0.0,0.0,80.86666666666815,2024-11-09,2960.0,104863.28662033333,105074.73195422732,TOKYO_MEANREV,tokyo_meanrev,tokyo,153.43866666666668,154.21107066666667,154.68826266666667,152.66626266666668,152.18907066666668,152.82020301642567,152.72468,152.62915698357435,152.6141782272,bullish,30.434782608693354,0.12228571428571147
86,2024-11-20 20:48:00+00:00,2024-11-20 20:47:00+00:00,1,2024-11-20 21:33:00+00:00,short,155.48804575991528,155.44741792461184,155.46804575991527,154.245,tp1_then_trailing_stop,5.031389920713444,169.98710259163767,4,525145,6.0,35.0,neutral,ABCE,medium,0.75,1.0,0.75,1.0,1.0,full,4,moderate,immediate,12.062783530342358,7.1523007726966625,False,False,False,,pivot,pivot,0.0,0.0,126.99999999999818,2024-11-21,45.0,105074.73195422732,105244.71905681895,TOKYO_MEANREV,tokyo_meanrev,tokyo,154.245,154.82525800000002,155.183742,153.664742,153.306258,155.50956069753977,155.36368,155.2177993024602,155.519218,bearish,69.02654867256666,0.09785714285714116
85,2024-11-20 20:10:00+00:00,2024-11-20 20:09:00+00:00,1,2024-11-20 22:04:00+00:00,short,155.39510746848254,155.44348007149173,155.74510746848253,154.245,session_close,-4.837260300919866,-163.32265334155232,4,524831,6.0,35.0,neutral,ABCE,medium,0.75,1.0,0.75,1.0,1.0,full,5,moderate,immediate,2.768954387067879,16.44612991597114,False,False,False,,pivot,pivot,0.0,0.0,117.09999999999923,2024-11-21,114.0,105244.71905681895,105081.3964034774,TOKYO_MEANREV,tokyo_meanrev,tokyo,154.245,154.82525800000002,155.183742,153.664742,153.306258,155.4150206185829,155.33232,155.24961938141712,155.457,bearish,65.77380952381078,0.1090714285714256
87,2024-12-17 17:11:00+00:00,2024-12-17 17:09:00+00:00,2,2024-12-17 20:58:00+00:00,long,153.33249181053702,153.50366523547822,153.35249181053703,153.98666666666665,tp1_then_trailing_stop,12.421171247059705,419.1511940703331,4,517898,7.72500000000014,35.0,neutral,ABCE,medium,0.75,1.0,0.75,1.0,1.0,full,6,moderate,immediate,22.819088473988813,18.07762872404055,False,False,False,,pivot,pivot,0.0,0.0,66.46666666666476,2024-12-18,227.0,105081.3964034774,105500.54759754773,TOKYO_MEANREV,tokyo_meanrev,tokyo,153.98666666666665,154.42825866666664,154.70107466666664,153.54507466666666,153.27225866666666,153.65638907114564,153.49708,153.33777092885438,153.255,bullish,30.19197207679221,0.1545000000000028
88,2024-12-24 19:06:00+00:00,2024-12-24 19:05:00+00:00,1,2024-12-24 20:37:00+00:00,short,157.36966988972773,157.27646548944583,157.34966988972772,156.927,tp1_then_trailing_stop,7.660220014095387,259.89706171002115,4,533654,6.0,35.0,neutral,ABCE,medium,0.75,1.0,0.75,1.0,1.0,full,4,moderate,immediate,14.720440028190751,2.169239232020459,False,False,False,,pivot,pivot,0.0,0.0,45.09999999999934,2024-12-25,91.0,105500.54759754773,105760.44465925776,TOKYO_MEANREV,tokyo_meanrev,tokyo,156.927,157.283788,157.504212,156.570212,156.349788,157.36526458542568,157.29268,157.2200954145743,157.31,bullish,65.0793650793649,0.06278571428571768
89,2024-12-27 20:00:00+00:00,2024-12-27 19:58:00+00:00,2,2024-12-27 20:48:00+00:00,short,157.92156600457182,157.9015660045718,157.9015660045718,157.729,tp1_then_be_stop,4.000000000000625,136.02044245146416,3,536844,6.0,35.0,neutral,ABC,medium,0.75,1.0,0.75,1.0,1.0,full,2,weak,immediate,6.254498359649574,3.0831518421535975,False,False,False,,pivot,pivot,0.0,0.0,20.09999999999934,2024-12-28,48.0,105760.44465925776,105896.46510170923,TOKYO_MEANREV,tokyo_meanrev,tokyo,157.729,158.11482,158.35318,157.34318000000002,157.10482000000002,157.92942834883064,157.84476,157.76009165116938,157.93291168256,bearish,67.63285024155067,0.09035714285714189
90,2025-01-10 21:19:00+00:00,2025-01-10 21:16:00+00:00,3,2025-01-10 21:43:00+00:00,long,157.7279668147711,157.7479668147711,157.7479668147711,158.03033333333335,tp1_then_be_stop,4.000000000000625,136.10924701575408,5,536876,6.0,35.0,neutral,ABCDE,medium,0.75,1.0,0.75,1.0,1.0,full,7,strong,immediate,6.370426815254859,2.7942644596862465,False,False,False,,pivot,pivot,0.0,0.0,31.233333333335622,2025-01-11,24.0,105896.46510170923,106032.57434872499,TOKYO_MEANREV,tokyo_meanrev,tokyo,158.03033333333335,158.34586533333334,158.54080133333335,157.71480133333336,157.51986533333334,157.97146942538006,157.84456,157.71765057461994,157.686,bullish,29.36893203883679,0.1052142857142765
91,2025-01-14 17:27:00+00:00,2025-01-14 17:26:00+00:00,1,2025-01-14 18:22:00+00:00,short,158.14304291501864,158.10166892566235,158.12304291501863,157.45166666666668,tp1_then_trailing_stop,6.384766726718025,217.7035520358,4,538981,8.632142857142863,35.0,neutral,ABCE,medium,0.75,1.0,0.75,1.0,1.0,full,5,moderate,immediate,10.434227196108736,6.185092420983551,False,False,False,,pivot,pivot,0.0,0.0,69.93333333333283,2025-01-15,55.0,106032.57434872499,106250.27790076079,TOKYO_MEANREV,tokyo_meanrev,tokyo,157.45166666666668,157.85429466666668,158.1030386666667,157.0490386666667,156.80029466666667,158.15603778617094,158.00320000000002,157.8503622138291,158.0524944797614,bullish,65.98837209302411,0.17264285714285726
92,2025-01-15 18:21:00+00:00,2025-01-15 18:20:00+00:00,1,2025-01-15 18:54:00+00:00,long,156.44638315143646,156.46638315143647,156.46638315143647,157.765,tp1_then_be_stop,4.707142857142799,300.7585658102794,4,1000000,7.4142857142855885,12.0,neutral,ABCE,medium,0.75,1.0,0.75,1.0,1.0,full,5,moderate,immediate,8.659164196714642,2.6752530203424385,False,False,False,,pivot,pivot,0.0,0.0,133.59999999999843,2025-01-16,33.0,106250.27790076079,106551.03646657107,TOKYO_MEANREV,tokyo_meanrev,tokyo,157.765,158.176796,158.43120399999998,157.35320399999998,157.098796,156.70828314444577,156.57139999999998,156.4345168555542,156.5616,bearish,32.89036544849962,0.14828571428571177
94,2025-02-11 19:35:00+00:00,2025-02-11 19:34:00+00:00,1,2025-02-11 19:40:00+00:00,short,152.53000788106874,152.4069647759086,152.51000788106873,151.924,tp1_then_trailing_stop,9.152161292076324,313.6586970903145,4,522393,6.0,35.0,neutral,ABCE,medium,0.75,1.0,0.75,1.0,1.0,full,4,moderate,immediate,20.10431051601529,1.297489676997543,False,False,False,,pivot,pivot,0.0,0.0,61.69999999999902,2025-02-12,5.0,106551.03646657107,106864.69516366138,TOKYO_MEANREV,tokyo_meanrev,tokyo,151.924,152.42212800000001,152.729872,151.425872,151.118128,152.5583424835017,152.42152,152.28469751649828,152.50688,bullish,66.08187134503197,0.09092857142857318
93,2025-02-11 18:30:00+00:00,2025-02-11 18:28:00+00:00,2,2025-02-11 19:43:00+00:00,short,152.4487110068739,152.4287110068739,152.4287110068739,151.924,tp1_then_be_stop,4.046428571429317,138.6303272324072,3,522114,6.0928571428571034,35.0,neutral,ABC,medium,0.75,1.0,0.75,1.0,1.0,full,4,moderate,immediate,14.774398258424526,11.72924068617931,False,False,False,,pivot,pivot,0.0,0.0,53.000000000000114,2025-02-12,73.0,106864.69516366138,107003.32549089378,TOKYO_MEANREV,tokyo_meanrev,tokyo,151.924,152.42212800000001,152.729872,151.425872,151.118128,152.4486781118135,152.35072,152.25276188818648,152.458,bearish,67.08074534161386,0.12185714285714207
95,2025-02-14 19:44:00+00:00,2025-02-14 19:42:00+00:00,2,2025-02-14 21:02:00+00:00,long,152.21004880734424,152.29250056722228,152.23004880734425,153.39499999999998,tp1_then_trailing_stop,7.122590138254937,244.855892170031,5,523509,6.0,35.0,neutral,ABCDE,medium,0.75,1.0,0.75,1.0,1.0,full,6,moderate,immediate,13.545992218820402,4.066630673503369,False,False,False,,pivot,pivot,0.0,0.0,117.4999999999983,2025-02-15,78.0,107003.32549089378,107248.18138306381,TOKYO_MEANREV,tokyo_meanrev,tokyo,153.39499999999998,154.147922,154.61307799999997,152.64207799999997,152.176922,152.39003421632336,152.31204,152.23404578367663,152.26344,bearish,21.07623318386399,0.07349999999999568
96,2025-02-14 19:59:00+00:00,2025-02-14 19:58:00+00:00,1,2025-02-14 21:02:00+00:00,long,152.2236174993908,152.29250056722228,152.2436174993908,153.39499999999998,tp1_then_trailing_stop,6.444153391574048,221.54517007308556,5,523556,6.0,35.0,neutral,ABCDE,medium,0.75,1.0,0.75,1.0,1.0,full,6,moderate,immediate,12.189123014164238,1.620745847938565,False,False,False,,pivot,pivot,0.0,0.0,120.09999999999934,2025-02-15,63.0,107248.18138306381,107469.7265531369,TOKYO_MEANREV,tokyo_meanrev,tokyo,153.39499999999998,154.147922,154.61307799999997,152.64207799999997,152.176922,152.40445026419582,152.30292,152.20138973580418,152.2454912,bearish,21.739130434784997,0.06849999999999616
97,2025-02-25 20:59:00+00:00,2025-02-25 20:58:00+00:00,1,2025-02-25 21:30:00+00:00,long,148.95828101480424,148.97828101480425,148.97828101480425,149.47966666666665,tp1_then_be_stop,4.000000000000625,138.12870088805118,5,514558,6.0,35.0,neutral,ABCDE,medium,0.75,1.0,0.75,1.0,1.0,full,6,moderate,immediate,7.079436545498652,3.3527842108838968,False,False,False,,pivot,pivot,0.0,0.0,53.36666666666474,2025-02-26,31.0,107469.7265531369,107607.85525402495,TOKYO_MEANREV,tokyo_meanrev,tokyo,149.47966666666665,149.87274466666665,150.11558866666664,149.08658866666664,148.84374466666665,149.16790891856857,149.05924,148.9505710814314,148.9119488,bullish,16.95652173913382,0.11592857142857074
98,2025-03-28 20:11:00+00:00,2025-03-28 20:04:00+00:00,7,2025-03-28 20:55:00+00:00,long,149.7170269864767,149.82879256863075,149.7370269864767,150.75833333333333,tp1_then_trailing_stop,8.58827910770259,573.275390755042,5,1000000,6.0,13.569365314336324,neutral,ABCDE,medium,0.75,1.0,0.75,1.0,1.0,full,7,strong,immediate,16.776558215406112,3.983377548584599,False,False,False,,pivot,pivot,0.0,0.0,98.1333333333339,2025-03-29,44.0,107607.85525402495,108181.13064477999,TOKYO_MEANREV,tokyo_meanrev,tokyo,150.75833333333333,151.17738733333331,151.43627933333332,150.33927933333334,150.08038733333333,150.14297540628755,149.95028,149.75758459371244,149.711,bullish,17.589576547225008,0.11214285714285056
99,2025-04-16 17:41:00+00:00,2025-04-16 17:40:00+00:00,1,2025-04-16 19:02:00+00:00,long,142.36923855738007,142.05433333333332,142.05433333333332,143.13133333333334,sl,-31.490522404675406,-1219.7333789834024,4,550224,7.328571428571504,31.490522404675403,neutral,ABCE,medium,0.75,1.0,0.75,1.0,1.0,full,6,moderate,immediate,7.318880621326684,36.56301271331586,False,False,False,,pivot,pivot,0.0,0.0,77.73333333333312,2025-04-17,81.0,108181.13064477999,106961.39726579658,TOKYO_MEANREV,tokyo_meanrev,tokyo,143.13133333333334,143.51218733333334,143.74747933333336,142.75047933333335,142.51518733333333,142.73047876808965,142.57544,142.42040123191032,142.60062434849183,bearish,34.398976982096286,0.14657142857143007
100,2025-04-30 18:24:00+00:00,2025-04-30 18:22:00+00:00,2,2025-04-30 19:21:00+00:00,short,142.91581769347405,142.78248363342618,142.89581769347404,142.34533333333334,tp1_then_trailing_stop,11.055992749355742,437.2372396790713,5,564741,8.778571428571626,30.451563985928942,neutral,ABCDE,medium,0.75,1.0,0.75,1.0,1.0,full,6,moderate,immediate,19.134353196790244,5.13886493383211,False,False,False,,pivot,pivot,0.0,0.0,56.96666666666488,2025-05-01,57.0,106961.39726579658,107398.63450547565,TOKYO_MEANREV,tokyo_meanrev,tokyo,142.34533333333334,142.64902333333333,142.83664333333334,142.04164333333335,141.85402333333334,142.9176207862846,142.71831999999998,142.51901921371535,142.9544760604095,bearish,74.87684729064097,0.17557142857143251
101,2025-04-30 20:14:00+00:00,2025-04-30 20:13:00+00:00,1,2025-04-30 22:00:00+00:00,short,143.0518489595434,143.0318489595434,143.0318489595434,142.34533333333334,tp1_then_be_stop,4.000000000000625,279.71666714638894,5,1000000,6.0,16.848437378993708,neutral,ABCDE,medium,0.75,1.0,0.75,1.0,1.0,full,8,strong,immediate,10.486382594962151,14.748426821321914,False,False,False,,pivot,pivot,0.0,0.0,72.46666666666499,2025-05-01,106.0,107398.63450547565,107678.35117262205,TOKYO_MEANREV,tokyo_meanrev,tokyo,142.34533333333334,142.64902333333333,142.83664333333334,142.04164333333335,141.85402333333334,143.03935866872501,142.86344,142.68752133127498,143.094,bearish,84.30851063829355,0.11607142857142858
102,2025-05-20 18:14:00+00:00,2025-05-20 18:13:00+00:00,1,2025-05-20 22:00:00+00:00,long,144.60330873399386,144.4790601774724,144.25330873399386,145.00733333333332,session_close,-12.424855652145084,-430.4043401562614,5,500484,6.0,35.0,neutral,ABCDE,medium,0.75,1.0,0.75,1.0,1.0,full,7,strong,immediate,1.8472329641696206,18.072510256462238,False,False,False,,pivot,pivot,0.0,0.0,42.9333333333318,2025-05-21,226.0,107678.35117262205,107247.94683246578,TOKYO_MEANREV,tokyo_meanrev,tokyo,145.00733333333332,145.31904533333332,145.51162133333332,144.69562133333332,144.50304533333332,144.9360470243539,144.75616000000002,144.57627297564613,144.67821320064002,bearish,24.812030075188872,0.10985714285713957
103,2025-05-21 17:12:00+00:00,2025-05-21 17:10:00+00:00,2,2025-05-21 19:08:00+00:00,long,143.59660639046803,143.61660639046804,143.61660639046804,144.69933333333333,tp1_then_be_stop,4.510709213697944,155.4313492001831,4,495013,7.021428571428499,35.0,neutral,ABCE,medium,0.75,1.0,0.75,1.0,1.0,full,5,moderate,immediate,7.747637524286688,32.36267087241913,False,False,False,,pivot,pivot,0.0,0.0,112.5333333333316,2025-05-22,116.0,107247.94683246578,107403.37818166596,TOKYO_MEANREV,tokyo_meanrev,tokyo,144.69933333333333,145.24253733333333,145.57812933333332,144.15612933333333,143.82053733333333,143.76951260460902,143.68048000000002,143.59144739539101,143.65319209764863,bearish,34.69387755102251,0.14042857142857
104,2025-05-23 17:48:00+00:00,2025-05-23 17:46:00+00:00,2,2025-05-23 18:03:00+00:00,long,142.5462316234443,142.5662316234443,142.5662316234443,143.76366666666664,tp1_then_be_stop,4.266066823718156,147.2187356881244,4,492105,6.532142857142784,35.0,neutral,ABCE,medium,0.75,1.0,0.75,1.0,1.0,full,6,moderate,immediate,7.0203739599236314,2.7475598674698176,False,False,False,,pivot,pivot,0.0,0.0,121.56666666666354,2025-05-24,15.0,107403.37818166596,107550.59691735408,TOKYO_MEANREV,tokyo_meanrev,tokyo,143.76366666666664,144.38021466666663,144.76111866666665,143.14711866666664,142.76621466666663,142.75658310580653,142.65688,142.55717689419347,142.528,bullish,30.94339622641428,0.13064285714285567
105,2025-05-23 18:26:00+00:00,2025-05-23 18:24:00+00:00,2,2025-05-23 20:59:00+00:00,long,142.52044633061377,142.5498815063217,142.54044633061378,143.76366666666664,tp1_then_time_decay,4.471758785396674,154.53355417393934,5,492690,6.0,35.0,neutral,ABCDE,medium,0.75,1.0,0.75,1.0,1.0,full,7,strong,immediate,6.143969446731035,6.78810426086045,False,False,False,,pivot,pivot,0.0,0.0,125.96666666666465,2025-05-24,153.0,107550.59691735408,107705.13047152801,TOKYO_MEANREV,tokyo_meanrev,tokyo,143.76366666666664,144.38021466666663,144.76111866666665,143.14711866666664,142.76621466666663,142.76216152101645,142.61788,142.47359847898358,142.422,bullish,27.621483375955492,0.11892857142856883
106,2025-05-30 16:44:00+00:00,2025-05-30 16:43:00+00:00,1,2025-05-30 20:58:00+00:00,long,143.99142533127926,144.01142533127927,144.01142533127927,144.79599999999996,tp1_then_be_stop,5.660714285714619,195.86146727482833,3,498490,9.321428571428621,35.0,neutral,ABC,medium,0.75,1.0,0.75,1.0,1.0,full,2,weak,immediate,9.777130903248121,20.662539059804885,False,False,False,,pivot,pivot,0.0,0.0,84.49999999999704,2025-05-31,254.0,107705.13047152801,107900.99193880284,TOKYO_MEANREV,tokyo_meanrev,tokyo,144.79599999999996,145.68529599999997,146.23470399999997,143.90670399999996,143.35729599999996,144.35968229828956,144.15308,143.94647770171042,144.04044,bearish,33.39960238568432,0.18642857142857241
107,2025-06-03 20:02:00+00:00,2025-06-03 20:01:00+00:00,1,2025-06-03 20:50:00+00:00,short,144.05343759946075,144.01186818188575,144.03343759946074,143.06866666666667,tp1_then_trailing_stop,5.078470878750352,176.1977585392678,5,499612,6.0,35.0,neutral,ABCDE,medium,0.75,1.0,0.75,1.0,1.0,full,7,strong,immediate,9.356941757502568,2.008760670787524,False,False,False,,pivot,pivot,0.0,0.0,101.03333333333353,2025-06-04,48.0,107900.99193880284,108077.18969734211,TOKYO_MEANREV,tokyo_meanrev,tokyo,143.06866666666667,143.62256666666667,143.9647666666667,142.51476666666667,142.17256666666665,144.08014433090105,143.94191999999998,143.80369566909891,144.109,bearish,80.31496062992724,0.07478571428571204
108,2025-06-06 20:54:00+00:00,2025-06-06 20:52:00+00:00,2,2025-06-08 21:04:00+00:00,short,144.8594904814671,144.89848490675973,144.9794904814671,143.35066666666665,session_close,-3.899442529262842,-269.11547983211017,4,1000000,6.0,12.0,neutral,ABCE,medium,0.75,1.0,0.75,1.0,1.0,full,4,moderate,immediate,0.19993100157478239,3.899442529262842,False,False,False,,pivot,pivot,0.0,0.0,152.13333333333594,2025-06-07,2890.0,108077.18969734211,107808.07421751,TOKYO_MEANREV,tokyo_meanrev,tokyo,143.35066666666665,143.90342066666665,144.24491266666666,142.79791266666666,142.45642066666665,144.8684767989576,144.81948,144.7704832010424,144.8722137031072,bearish,65.86826347306143,0.06514285714285352
109,2025-06-11 18:06:00+00:00,2025-06-11 18:05:00+00:00,1,2025-06-11 18:53:00+00:00,long,144.42112594313676,144.47386796097322,144.44112594313677,144.86233333333334,tp1_then_trailing_stop,5.637100891823366,195.26337757784358,4,500456,6.0,35.0,neutral,ABCE,medium,0.75,1.0,0.75,1.0,1.0,full,6,moderate,immediate,11.455317830282752,10.228314104230662,False,False,False,,pivot,pivot,0.0,0.0,45.83333333333428,2025-06-12,47.0,107808.07421751,108003.33759508784,TOKYO_MEANREV,tokyo_meanrev,tokyo,144.86233333333334,145.20307733333334,145.41358933333336,144.52158933333334,144.31107733333332,144.66017395467534,144.54752,144.43486604532464,144.52537200098618,bearish,30.170777988614006,0.11950000000000216
110,2025-06-17 17:11:00+00:00,2025-06-17 17:10:00+00:00,1,2025-06-17 17:36:00+00:00,short,145.21853976981856,145.19853976981855,145.19853976981855,144.418,tp1_then_be_stop,4.35892389223142,151.3802445740597,4,504131,6.717857142857245,35.0,neutral,ABCE,medium,0.75,1.0,0.75,1.0,1.0,full,5,moderate,immediate,8.159102443386246,6.4740175062922845,False,False,False,,pivot,pivot,0.0,0.0,83.29999999999984,2025-06-18,25.0,108003.33759508784,108154.7178396619,TOKYO_MEANREV,tokyo_meanrev,tokyo,144.418,144.88709599999999,145.176904,143.94890400000003,143.659096,145.24315590133924,145.07039999999998,144.89764409866072,145.173166732272,bullish,69.15077989601613,0.1343571428571449
111,2025-06-17 18:51:00+00:00,2025-06-17 18:48:00+00:00,3,2025-06-17 20:03:00+00:00,short,145.32426549216524,145.27701463578697,145.30426549216523,144.418,tp1_then_trailing_stop,5.362541557134357,186.493082344524,5,505205,6.0,35.0,neutral,ABCDE,medium,0.75,1.0,0.75,1.0,1.0,full,6,moderate,immediate,11.024288453037911,6.459322488510111,False,False,False,,pivot,pivot,0.0,0.0,92.59999999999877,2025-06-18,72.0,108154.7178396619,108341.21092200642,TOKYO_MEANREV,tokyo_meanrev,tokyo,144.418,144.88709599999999,145.176904,143.94890400000003,143.659096,145.33284171806937,145.2202,145.10755828193064,145.220112,bullish,70.49808429117903,0.11228571428571651
112,2025-06-17 19:04:00+00:00,2025-06-17 19:03:00+00:00,1,2025-06-17 20:03:00+00:00,short,145.3103585430199,145.27701463578697,145.2903585430199,144.418,tp1_then_trailing_stop,4.667195361646748,162.30646410698782,5,505156,6.0,35.0,neutral,ABCDE,medium,0.75,1.0,0.75,1.0,1.0,full,6,moderate,immediate,9.633593538504215,7.8500174030438075,False,False,False,,pivot,pivot,0.0,0.0,92.79999999999973,2025-06-18,59.0,108341.21092200642,108503.51738611341,TOKYO_MEANREV,tokyo_meanrev,tokyo,144.418,144.88709599999999,145.176904,143.94890400000003,143.659096,145.36169736496885,145.24676000000002,145.1318226350312,145.378,bearish,71.30177514792481,0.1132857142857152
114,2025-06-20 20:03:00+00:00,2025-06-20 20:02:00+00:00,1,2025-06-20 20:40:00+00:00,short,146.16424724850603,146.12652703117877,146.14424724850602,145.32966666666667,tp1_then_trailing_stop,4.886009121745305,213.52390245844197,5,638529,6.0,27.941941816064286,neutral,ABCDE,medium,0.75,1.0,0.75,1.0,1.0,full,7,strong,immediate,9.279227685780711,1.6509334258500985,False,False,False,,pivot,pivot,0.0,0.0,85.93333333333248,2025-06-21,37.0,108503.51738611341,108717.04128857185,TOKYO_MEANREV,tokyo_meanrev,tokyo,145.32966666666667,145.72465466666665,145.96867866666668,144.93467866666668,144.69065466666666,146.18159941396982,145.989,145.7964005860302,146.218,bearish,87.41007194244689,0.0688571428571448
113,2025-06-20 18:56:00+00:00,2025-06-20 18:54:00+00:00,2,2025-06-22 21:04:00+00:00,short,145.9653370754341,146.3153370754341,146.3153370754341,145.32966666666667,sl,-34.99999999999943,-1217.7431536663703,5,509070,6.0,35.0,neutral,ABCDE,medium,0.75,1.0,0.75,1.0,1.0,full,7,strong,immediate,0.0,75.13231283099913,False,False,False,,pivot,pivot,0.0,0.0,64.83333333333405,2025-06-21,3008.0,108717.04128857185,107499.29813490549,TOKYO_MEANREV,tokyo_meanrev,tokyo,145.32966666666667,145.72465466666665,145.96867866666668,144.93467866666668,144.69065466666666,145.9824325897991,145.87876,145.7750874102009,145.996,bearish,70.06578947368172,0.06749999999999952
115,2025-07-23 18:30:00+00:00,2025-07-23 18:25:00+00:00,5,2025-07-23 19:50:00+00:00,long,146.4194086719996,146.5189996383754,146.43940867199962,146.95633333333333,tp1_then_trailing_stop,8.167051860897711,282.0334995257912,3,505927,6.375000000000293,35.0,neutral,ABC,medium,0.75,1.0,0.75,1.0,1.0,full,4,moderate,immediate,15.463094050130621,5.184078776392198,False,False,False,,pivot,pivot,0.0,0.0,55.63333333333276,2025-07-24,80.0,107499.29813490549,107781.33163443128,TOKYO_MEANREV,tokyo_meanrev,tokyo,146.95633333333333,147.58434133333333,147.97232533333332,146.32832533333334,145.94034133333335,146.6358608404278,146.52864,146.4214191595722,146.4605152,bearish,34.71074380165186,0.12750000000000586
116,2025-09-02 17:58:00+00:00,2025-09-02 17:57:00+00:00,1,2025-09-02 18:47:00+00:00,short,148.365820066563,148.485820066563,148.485820066563,147.12,sl,-12.000000000000455,-808.1579772816767,4,1000000,6.0,12.0,neutral,ABCE,medium,0.75,1.0,0.75,1.0,1.0,full,6,moderate,immediate,0.0,12.005789069240791,False,False,False,,pivot,pivot,0.0,0.0,128.0000000000001,2025-09-03,49.0,107781.33163443128,106973.1736571496,TOKYO_MEANREV,tokyo_meanrev,tokyo,147.12,147.346144,147.48585599999998,146.893856,146.75414400000003,148.40104772311557,148.2956,148.19015227688445,148.422,bearish,68.14159292034961,0.10878571428570995
117,2025-09-10 19:25:00+00:00,2025-09-10 19:24:00+00:00,1,2025-09-10 22:00:00+00:00,short,147.37696992315693,147.40696870064897,147.72696992315693,147.07366666666667,session_close,-2.9998777492039608,-103.12742087721386,3,506744,6.0,35.0,neutral,ABC,medium,0.75,1.0,0.75,1.0,1.0,full,3,weak,immediate,0.0,10.142831393801544,False,False,False,,pivot,pivot,0.0,0.0,31.833333333332803,2025-09-11,155.0,106973.1736571496,106870.04623627239,TOKYO_MEANREV,tokyo_meanrev,tokyo,147.07366666666667,147.54161666666667,147.8307166666667,146.60571666666667,146.31661666666665,147.3917959012927,147.3264,147.2610040987073,147.415,bearish,66.15969581749168,0.07078571428570715
118,2025-09-10 19:36:00+00:00,2025-09-10 19:28:00+00:00,8,2025-09-10 22:00:00+00:00,short,147.43265019382758,147.40696870064897,147.78265019382758,147.07366666666667,session_close,2.568149317860957,88.31907920809938,3,506935,6.0,35.0,neutral,ABC,medium,0.75,1.0,0.75,1.0,1.0,full,2,weak,immediate,4.148703396600695,4.574804326736626,False,False,False,,pivot,pivot,0.0,0.0,32.433333333332826,2025-09-11,144.0,106870.04623627239,106958.36531548049,TOKYO_MEANREV,tokyo_meanrev,tokyo,147.07366666666667,147.54161666666667,147.8307166666667,146.60571666666667,146.31661666666665,147.3988515547387,147.32916,147.2594684452613,147.41070083583998,bearish,65.9090909090838,0.07078571428570715
119,2025-09-24 18:47:00+00:00,2025-09-24 18:45:00+00:00,2,2025-09-24 22:00:00+00:00,short,148.81989122216436,148.82742252039563,148.93989122216436,147.66133333333335,session_close,-0.7531298231270966,-50.60423747000564,4,1000000,6.0,12.0,neutral,ABCE,medium,0.75,1.0,0.75,1.0,1.0,full,5,moderate,immediate,2.7752049202291573,10.55474348817711,False,False,False,,pivot,pivot,0.0,0.0,116.26666666666665,2025-09-25,193.0,106958.36531548049,106907.76107801049,TOKYO_MEANREV,tokyo_meanrev,tokyo,147.66133333333335,147.83972733333334,147.94993933333336,147.48293933333335,147.37272733333333,148.8142610709773,148.76112,148.70797892902272,148.77641559999998,bullish,67.60000000000446,0.053428571428568716
120,2025-10-01 18:35:00+00:00,2025-10-01 18:33:00+00:00,2,2025-10-01 19:48:00+00:00,long,147.04304891696782,147.09033691579197,147.06304891696783,148.12366666666668,tp1_then_trailing_stop,5.3643992425976395,331.79148404257694,4,909807,6.0,19.43822503011745,neutral,ABCE,medium,0.75,1.0,0.75,1.0,1.0,full,6,moderate,immediate,10.828799882415296,2.6073060785904545,False,False,False,,pivot,pivot,0.0,0.0,108.56666666666683,2025-10-02,73.0,106907.76107801049,107239.55256205307,TOKYO_MEANREV,tokyo_meanrev,tokyo,148.12366666666668,148.58015666666668,148.8621766666667,147.66717666666668,147.38515666666666,147.26152811710867,147.15456,147.04759188289134,147.025,bullish,33.670033670035224,0.10364285714285058
121,2025-10-14 19:45:00+00:00,2025-10-14 19:43:00+00:00,2,2025-10-14 19:55:00+00:00,long,151.64484757045796,151.66484757045797,151.66484757045797,152.14133333333334,tp1_then_be_stop,3.999996594557024,154.86208455005251,5,587295,6.0,31.151423712464066,neutral,ABCDE,medium,0.75,1.0,0.75,1.0,1.0,full,7,strong,immediate,7.011025424358763,1.3714753368788024,False,False,False,,pivot,pivot,0.0,0.0,48.833333333334394,2025-10-15,10.0,107239.55256205307,107394.41464660312,TOKYO_MEANREV,tokyo_meanrev,tokyo,152.14133333333334,152.41942933333334,152.59123733333334,151.86323733333333,151.69142933333333,151.8175745467339,151.75096,151.68434545326608,151.606,bullish,26.43171806167456,0.09421428571428489
122,2025-10-15 17:12:00+00:00,2025-10-15 17:11:00+00:00,1,2025-10-15 17:33:00+00:00,long,151.12418567657915,151.2549235979836,151.14418567657916,151.9896666666667,tp1_then_trailing_stop,10.040467498794216,539.9078929121549,5,813232,7.00714285714292,22.451900991245566,neutral,ABCDE,medium,0.75,1.0,0.75,1.0,1.0,full,6,moderate,immediate,18.073792140447154,2.8385330526646158,False,False,False,,pivot,pivot,0.0,0.0,89.76666666666802,2025-10-16,21.0,107394.41464660312,107934.32253951528,TOKYO_MEANREV,tokyo_meanrev,tokyo,151.9896666666667,152.3754866666667,152.6138466666667,151.6038466666667,151.3654866666667,151.34920370936263,151.217,151.0847962906374,151.23584,bearish,28.61538461538234,0.1401428571428584
123,2025-10-15 20:06:00+00:00,2025-10-15 20:05:00+00:00,1,2025-10-15 22:00:00+00:00,long,151.2224534871199,151.0268795383914,150.8996666666667,151.9896666666667,session_close,-19.557394872850864,-736.6632812601842,5,568869,6.0,32.278682045321716,neutral,ABCDE,medium,0.75,1.0,0.75,1.0,1.0,full,6,moderate,immediate,3.6079165632770582,21.357326605246385,False,False,False,,pivot,pivot,0.0,0.0,79.16666666666856,2025-10-16,114.0,107934.32253951528,107197.6592582551,TOKYO_MEANREV,tokyo_meanrev,tokyo,151.9896666666667,152.3754866666667,152.6138466666667,151.6038466666667,151.3654866666667,151.35996956914545,151.28748,151.21499043085453,151.2729552,bearish,23.106060606056616,0.08721428571428598
124,2025-10-15 20:46:00+00:00,2025-10-15 20:41:00+00:00,5,2025-10-15 22:00:00+00:00,long,151.1429337883478,151.0268795383914,150.8996666666667,151.9896666666667,session_close,-11.605424995639167,-579.7261241903253,5,754425,6.0,24.32671216811002,neutral,ABCDE,medium,0.75,1.0,0.75,1.0,1.0,full,6,moderate,immediate,5.603983329547191,13.40535672803469,False,False,False,,pivot,pivot,0.0,0.0,82.7666666666687,2025-10-16,74.0,107197.6592582551,106617.93313406476,TOKYO_MEANREV,tokyo_meanrev,tokyo,151.9896666666667,152.3754866666667,152.6138466666667,151.6038466666667,151.3654866666667,151.35753162782342,151.261,151.16446837217657,151.112,bullish,28.716216216212814,0.08749999999999959
125,2025-10-21 16:49:00+00:00,2025-10-21 16:48:00+00:00,1,2025-10-21 17:04:00+00:00,short,151.9107823819153,151.88189235793087,151.8907823819153,150.72133333333332,tp1_then_trailing_stop,5.248072627793476,345.61424507312296,4,1000000,7.607142857142739,12.0,neutral,ABCE,medium,0.75,1.0,0.75,1.0,1.0,full,4,moderate,immediate,8.490320189079625,4.833899508855666,False,False,False,,pivot,pivot,0.0,0.0,120.86666666666872,2025-10-22,15.0,106617.93313406476,106963.54737913789,TOKYO_MEANREV,tokyo_meanrev,tokyo,150.72133333333332,151.07659333333334,151.2960733333333,150.3660733333333,150.14659333333333,151.93651689389583,151.80888,151.68124310610415,151.9434,bearish,66.74584323040418,0.15214285714285478
126,2025-10-24 18:29:00+00:00,2025-10-24 18:28:00+00:00,1,2025-10-24 20:32:00+00:00,short,152.85790801169904,152.81807806106704,152.83790801169903,152.39833333333334,tp1_then_trailing_stop,4.9914975315999754,171.67142468719288,4,525542,6.0,35.0,neutral,ABCE,medium,0.75,1.0,0.75,1.0,1.0,full,5,moderate,immediate,9.28299506319945,4.534315358853291,False,False,False,,pivot,pivot,0.0,0.0,47.366666666667356,2025-10-25,123.0,106963.54737913789,107135.21880382509,TOKYO_MEANREV,tokyo_meanrev,tokyo,152.39833333333334,152.77078333333333,153.00088333333335,152.02588333333335,151.79578333333333,152.8697919558142,152.81912,152.7684480441858,152.83999885056002,bullish,66.37168141592775,0.06407142857143404
127,2025-10-28 19:13:00+00:00,2025-10-28 19:11:00+00:00,2,2025-10-28 20:43:00+00:00,long,152.05574516323128,152.0757451632313,152.0757451632313,152.894,tp1_then_be_stop,4.000000000000625,262.9749486176041,5,1000000,6.0,12.0,neutral,ABCDE,medium,0.75,1.0,0.75,1.0,1.0,full,7,strong,immediate,6.870025272195335,11.560950860339858,False,False,False,,pivot,pivot,0.0,0.0,84.10000000000082,2025-10-29,90.0,107135.21880382509,107398.19375244269,TOKYO_MEANREV,tokyo_meanrev,tokyo,152.894,153.158344,153.32165600000002,152.629656,152.466344,152.25490377601352,152.15372000000002,152.05253622398652,152.034,bullish,24.496644295302048,0.11064285714285761
128,2025-10-28 19:25:00+00:00,2025-10-28 19:22:00+00:00,3,2025-10-28 20:43:00+00:00,long,152.00744309207082,152.0714454159532,152.02744309207083,152.894,tp1_then_trailing_stop,6.200116194119686,407.71593479374246,5,1000000,6.0,12.0,neutral,ABCDE,medium,0.75,1.0,0.75,1.0,1.0,full,5,moderate,immediate,11.700232388241716,6.730743744293477,False,False,False,,pivot,pivot,0.0,0.0,87.00000000000045,2025-10-29,78.0,107398.19375244269,107805.90968723643,TOKYO_MEANREV,tokyo_meanrev,tokyo,152.894,153.158344,153.32165600000002,152.629656,152.466344,152.2672299200422,152.14304,152.01885007995782,152.04110005782061,bearish,25.67567567567879,0.10342857142857399
129,2025-10-29 16:02:00+00:00,2025-10-29 16:00:00+00:00,2,2025-10-29 16:06:00+00:00,long,151.9264494249613,152.04458809389016,151.94644942496132,152.24533333333332,tp1_then_trailing_stop,8.906938968176654,308.4416843179951,3,526453,6.0,35.0,neutral,ABC,medium,0.75,1.0,0.75,1.0,1.0,full,2,weak,immediate,17.813866892885244,1.589129599275907,False,False,False,,pivot,pivot,0.0,0.0,29.53333333333319,2025-10-30,4.0,107805.90968723643,108114.35137155442,TOKYO_MEANREV,tokyo_meanrev,tokyo,152.24533333333332,152.67508333333333,152.9405833333333,151.8155833333333,151.55008333333333,152.14442982995044,152.03616,151.92789017004955,152.0294094516655,bearish,33.63636363636503,0.1162142857142864
130,2025-11-21 19:55:00+00:00,2025-11-21 19:53:00+00:00,2,2025-11-21 20:27:00+00:00,long,156.31867767718327,156.37730992950665,156.33867767718328,157.41366666666667,tp1_then_trailing_stop,6.004826901883575,383.9924889931624,5,1000000,6.146428571428585,12.0,neutral,ABCDE,medium,0.75,1.0,0.75,1.0,1.0,full,6,moderate,immediate,11.466899874858427,3.332371292526659,False,False,False,,pivot,pivot,0.0,0.0,110.56666666666786,2025-11-22,32.0,108114.35137155442,108498.34386054758,TOKYO_MEANREV,tokyo_meanrev,tokyo,157.41366666666667,157.80139666666668,158.04093666666668,157.02593666666667,156.78639666666666,156.66415117451112,156.49416,156.32416882548887,156.264,bullish,28.308207705192032,0.12292857142857169
131,2025-11-25 20:04:00+00:00,2025-11-25 20:03:00+00:00,1,2025-11-25 20:55:00+00:00,long,155.89096208663008,156.12974865835082,155.9109620866301,156.83900000000003,tp1_then_trailing_stop,15.114328586037118,968.2906229489295,5,1000000,6.3499999999999694,12.0,neutral,ABCDE,medium,0.75,1.0,0.75,1.0,1.0,full,6,moderate,immediate,28.879103757390112,2.2960377696819023,False,False,False,,pivot,pivot,0.0,0.0,97.90000000000134,2025-11-26,51.0,108498.34386054758,109466.63448349651,TOKYO_MEANREV,tokyo_meanrev,tokyo,156.83900000000003,157.13734200000002,157.321658,156.54065800000004,156.35634200000004,155.96500449636724,155.91116,155.85731550363275,155.809,bullish,27.669902912633148,0.1269999999999994
132,2025-12-05 21:45:00+00:00,2025-12-05 21:43:00+00:00,2,2025-12-07 22:04:00+00:00,short,155.3303438667433,155.23293111001254,155.3103438667433,155.057,tp1_then_session_close,7.870637836538208,277.08188604742213,3,546540,6.0,35.0,neutral,ABC,medium,0.75,1.0,0.75,1.0,1.0,full,4,moderate,immediate,9.741275673076188,6.449726240458631,False,False,False,,pivot,pivot,0.0,0.0,29.300000000000637,2025-12-06,2899.0,109466.63448349651,109743.71636954394,TOKYO_MEANREV,tokyo_meanrev,tokyo,155.057,155.451606,155.695394,154.66239399999998,154.41860599999998,155.33814482725197,155.30592000000001,155.27369517274806,155.353,bearish,65.33333333333309,0.041785714285718915
133,2025-12-12 19:21:00+00:00,2025-12-12 19:20:00+00:00,1,2025-12-12 20:42:00+00:00,short,155.86879046460732,155.8487904646073,155.8487904646073,155.56033333333332,tp1_then_be_stop,3.999996362466364,141.14408283037267,3,549823,6.0,35.0,neutral,ABC,medium,0.75,1.0,0.75,1.0,1.0,full,2,weak,immediate,8.667735100922869,7.863471294433566,False,False,False,,pivot,pivot,0.0,0.0,31.96666666666772,2025-12-13,81.0,109743.71636954394,109884.86045237431,TOKYO_MEANREV,tokyo_meanrev,tokyo,155.56033333333332,156.0259913333333,156.31367533333332,155.09467533333333,154.80699133333331,155.87517251579905,155.79183999999998,155.7085074842009,155.834417248,bullish,69.06474820143649,0.09671428571428871
134,2025-12-19 17:22:00+00:00,2025-12-19 17:20:00+00:00,2,2025-12-19 18:03:00+00:00,short,157.54550683071702,157.49657963358544,157.525506830717,155.608,tp1_then_trailing_stop,5.639216999435348,358.0725187370797,4,1000000,6.385714285714325,12.0,neutral,ABCE,medium,0.75,1.0,0.75,1.0,1.0,full,5,moderate,immediate,11.288309768693239,3.6045467227467043,False,False,False,,pivot,pivot,0.0,0.0,192.59999999999877,2025-12-20,41.0,109884.86045237431,110242.9329711114,TOKYO_MEANREV,tokyo_meanrev,tokyo,155.608,155.873108,156.03689200000002,155.342892,155.17910799999999,157.52042032446244,157.45724,157.3940596755376,157.63143271935996,bearish,69.08212560386295,0.1277142857142865
135,2025-12-23 19:15:00+00:00,2025-12-23 19:12:00+00:00,3,2025-12-23 21:31:00+00:00,long,156.21213670908355,156.23213670908356,156.23213670908356,157.15166666666667,tp1_then_be_stop,4.000000000000625,255.98011990570467,4,1000000,6.0,14.947004241687978,neutral,ABCE,medium,0.75,1.0,0.75,1.0,1.0,full,4,moderate,immediate,9.606778509049718,4.010179402800418,False,False,False,,pivot,pivot,0.0,0.0,93.46666666666579,2025-12-24,136.0,110242.9329711114,110498.91309101711,TOKYO_MEANREV,tokyo_meanrev,tokyo,157.15166666666667,157.53710466666666,157.77522866666666,156.76622866666668,156.52810466666668,156.35575970264205,156.28484,156.21392029735796,156.221,bearish,31.939163498099433,0.080285714285718
136,2025-12-26 21:51:00+00:00,2025-12-26 21:50:00+00:00,1,2025-12-28 22:04:00+00:00,short,156.59053873365326,156.51519983462373,156.57053873365325,155.92999999999998,tp1_then_session_close,6.766944951476717,432.33187444983855,4,1000000,6.0,14.746126634670986,neutral,ABCE,medium,0.75,1.0,0.75,1.0,1.0,full,5,moderate,immediate,7.533889902953206,2.788800524291446,False,False,False,,pivot,pivot,0.0,0.0,67.60000000000161,2025-12-27,2893.0,110498.91309101711,110931.24496546695,TOKYO_MEANREV,tokyo_meanrev,tokyo,155.92999999999998,156.20809599999998,156.37990399999995,155.65190399999997,155.480096,156.6014964060653,156.52788,156.4542635939347,156.5371,bullish,69.38775510204457,0.06292857142857347
137,2025-12-31 18:37:00+00:00,2025-12-31 18:35:00+00:00,2,2025-12-31 19:56:00+00:00,short,156.8929051345982,156.74097145669543,156.8729051345982,156.24433333333334,tp1_then_trailing_stop,10.59668389513888,518.1504194774045,4,766550,6.0,25.54281987351601,neutral,ABCE,medium,0.75,1.0,0.75,1.0,1.0,full,5,moderate,immediate,20.793367790278694,3.7487669495561704,False,False,False,,pivot,pivot,0.0,0.0,65.96666666666522,2026-01-01,79.0,110931.24496546695,111449.39538494435,TOKYO_MEANREV,tokyo_meanrev,tokyo,156.24433333333334,156.55910133333336,156.75356533333334,155.92956533333333,155.73510133333335,156.9016600000307,156.83004,156.7584199999693,156.86082000000002,bullish,66.1538461538438,0.08642857142856997
138,2026-01-16 20:14:00+00:00,2026-01-16 20:12:00+00:00,2,2026-01-18 22:04:00+00:00,long,158.07572133404054,157.90578735963342,157.836,158.57500000000002,session_close,-16.993397440711533,-889.7552389160118,5,826777,6.0,23.972133404052443,neutral,ABCDE,medium,0.75,1.0,0.75,1.0,1.0,full,6,moderate,immediate,5.628041078759338,16.993397440711533,False,False,False,,pivot,pivot,0.0,0.0,49.900000000002365,2026-01-17,2990.0,111449.39538494435,110559.64014602834,TOKYO_MEANREV,tokyo_meanrev,tokyo,158.57500000000002,158.826738,158.98226200000002,158.32326200000003,158.167738,158.24302522979465,158.16548,158.08793477020535,158.11942,bearish,24.4791666666642,0.06407142857142796
139,2026-01-23 16:05:00+00:00,2026-01-23 16:03:00+00:00,2,2026-01-23 16:18:00+00:00,long,158.15656104591514,158.17656104591515,158.17656104591515,158.501,tp1_then_be_stop,3.9999964415413665,142.10295783352092,4,562041,6.0,35.0,neutral,ABCE,medium,0.75,1.0,0.75,1.0,1.0,full,5,moderate,immediate,6.160678467378489,3.0197118001950685,False,False,False,,pivot,pivot,0.0,0.0,35.80000000000041,2026-01-24,13.0,110559.64014602834,110701.74310386185,TOKYO_MEANREV,tokyo_meanrev,tokyo,158.501,158.773748,158.942252,158.228252,158.059748,158.36964584333603,158.25119999999998,158.13275415666394,158.094,bullish,30.991735537190692,0.09750000000000471
140,2026-02-24 21:07:00+00:00,2026-02-24 21:03:00+00:00,4,2026-02-24 22:04:00+00:00,short,155.86395655821178,155.87944178262012,155.9839565582118,154.572,session_close,-1.5485224408337217,-99.34103067890094,4,1000000,6.0,12.0,neutral,ABCE,medium,0.75,1.0,0.75,1.0,1.0,full,6,moderate,immediate,0.0,7.704341080577137,False,False,False,,pivot,pivot,0.0,0.0,128.60000000000014,2026-02-25,57.0,110701.74310386185,110602.40207318295,TOKYO_MEANREV,tokyo_meanrev,tokyo,154.572,154.9731,155.2209,154.17090000000002,153.9231,155.85785450200487,155.78552,155.7131854979951,155.892,bearish,67.6795580110464,0.07414285714285386
141,2026-02-27 19:31:00+00:00,2026-02-27 19:30:00+00:00,1,2026-02-27 20:04:00+00:00,long,155.93332608025867,155.96286013124796,155.95332608025868,156.09066666666666,tp1_then_trailing_stop,4.476699801591452,159.09916730118363,3,554355,6.0,35.0,neutral,ABC,medium,0.75,1.0,0.75,1.0,1.0,full,2,weak,immediate,8.453405098930489,2.259548699282732,False,False,False,,pivot,pivot,0.0,0.0,17.666666666667652,2026-02-28,33.0,110602.40207318295,110761.50124048414,TOKYO_MEANREV,tokyo_meanrev,tokyo,156.09066666666666,156.37296466666666,156.54736866666664,155.80836866666667,155.63396466666669,156.11650622534995,156.00788,155.89925377465005,155.8890296,bullish,30.2547770700577,0.09185714285714093
142,2026-03-04 16:12:00+00:00,2026-03-04 16:10:00+00:00,2,2026-03-04 18:47:00+00:00,long,157.0211966093962,157.09986394622698,157.04119660939622,157.60566666666668,tp1_then_trailing_stop,7.345866841538396,289.0444660718884,5,618136,6.82500000000031,31.652994272954516,neutral,ABCDE,medium,0.75,1.0,0.75,1.0,1.0,full,7,strong,immediate,13.467627468088494,14.619054485439165,False,False,False,,pivot,pivot,0.0,0.0,58.96666666666874,2026-03-05,155.0,110761.50124048414,111050.54570655603,TOKYO_MEANREV,tokyo_meanrev,tokyo,157.60566666666668,157.9192886666667,158.11304466666667,157.29204466666667,157.0982886666667,157.46749745045526,157.26644,157.06538254954472,157.12004,bearish,24.18096723869128,0.1365000000000062
