trade_id,strategy,entry_datetime,exit_datetime,direction,phase,entry_price,exit_price,sl_price,tp1_price,tp2_price,exit_reason,pips,usd,position_size_units,duration_minutes,equity_before,equity_after,mfe_pips,mae_pips,session_day,strategy_tag,risk_pct,pivot_P,pivot_R1,pivot_S1,bb_upper,bb_lower,rsi_m5,adx_m15,combo,sl_pips,R,asian_high,asian_low,asian_mid,asian_width_pips,asian_bucket,ema20_m5,roc10_m5
1,strat_a_meanrev,2025-05-15 19:56:00+00:00,2025-05-15 21:40:00+00:00,long,strat_a_window,145.58,145.62499999999997,145.60000000000002,145.66563285024165,155.57000000000002,partial_tp_then_be,6.531642512079827,448.44279243892436,1000000,104.0,100000.0,100448.44279243893,15.599999999997749,4.400000000001114,2025-05-15,strat_a_meanrev,0.0075,146.63633333333334,147.42516333333333,145.84750333333335,145.74493556755786,145.55856443244218,29.816513761463042,23.23394731083682,ABCD,2.000000000001023,3.265821256038243,,,,,,,
2,strat_b_breakout,2025-05-16 00:20:00+00:00,2025-05-16 00:58:00+00:00,short,strat_b_window,145.332,145.132,145.548712,145.17214285714286,135.34199999999998,partial_tp_then_trail,17.591428571427628,285.73338768741326,235770,38.0,100448.44279243893,100734.17618012635,32.19999999999743,3.8000000000010914,2025-05-16,strat_b_breakout,0.0034999999999999996,,,,,,,20.37335586152912,,21.671200000000113,0.8117422464573968,145.744,145.428,145.586,31.60000000000025,wide_30_40,145.4873046380072,-0.0013330218368215565
3,strat_a_meanrev,2025-05-20 17:54:00+00:00,2025-05-20 18:12:00+00:00,long,strat_a_window,144.674,144.574,144.574,144.78602352941175,154.66400000000002,sl_hit,-9.999999999999432,-691.6873020044706,1000000,18.0,100734.17618012635,100042.48887812188,1.4999999999986358,10.400000000001342,2025-05-20,strat_a_meanrev,0.0075,145.00733333333332,145.31904533333332,144.69562133333332,144.91571110961846,144.65218889038155,25.484764542934727,8.667425997481986,ABCD,9.999999999999432,-1.0,,,,,,,
4,strat_a_meanrev,2025-05-20 19:29:00+00:00,2025-05-20 22:00:00+00:00,long,strat_a_window,144.47500000000002,144.48399999999998,144.37500000000003,144.62500000000003,154.46500000000003,session_close,0.8999999999957708,62.290634256787676,1000000,151.0,100042.48887812188,100104.77951237866,12.799999999995748,5.1000000000044565,2025-05-20,strat_a_meanrev,0.0075,145.00733333333332,145.31904533333332,144.69562133333332,144.6821873433577,144.4578126566423,28.99159663865065,10.012625888866863,ABCDE,9.999999999999432,0.0899999999995822,,,,,,,
5,strat_a_meanrev,2025-05-20 21:56:00+00:00,2025-05-20 22:00:00+00:00,long,strat_a_window,144.482,144.48399999999998,144.382,144.5986730158731,154.472,session_close,0.1999999999981128,13.842363168109467,1000000,4.0,100104.77951237866,100118.62187554677,0.39999999999906777,2.400000000000091,2025-05-20,strat_a_meanrev,0.0075,145.00733333333332,145.31904533333332,144.69562133333332,144.592660950509,144.44493904949098,32.95454545454717,33.97888797309259,ABCE,9.999999999999432,0.019999999999812418,,,,,,,
6,strat_a_meanrev,2025-05-21 17:12:00+00:00,2025-05-21 17:20:00+00:00,long,strat_a_window,143.596,143.496,143.496,143.67704651162788,153.586,sl_hit,-9.999999999999432,-696.8835368232865,1000000,8.0,100118.62187554677,99421.73833872349,2.7999999999991587,12.20000000000141,2025-05-21,strat_a_meanrev,0.0075,144.69933333333333,145.24253733333333,144.15612933333333,143.75354882796904,143.59785117203097,34.69387755102251,10.611173921427648,ABCE,9.999999999999432,-1.0,,,,,,,
7,strat_b_breakout,2025-05-23 01:50:00+00:00,2025-05-23 02:00:00+00:00,short,strat_b_window,143.654,143.59400000000002,143.893408,143.45653571428574,133.664,session_close,5.999999999997385,87.24556736350083,208799,10.0,99421.73833872349,99508.98390608699,6.299999999998818,2.400000000000091,2025-05-23,strat_b_breakout,0.0034999999999999996,,,,,,,25.623426749983533,,23.94079999999974,0.25061819153902337,144.106,143.762,143.934,34.39999999999941,wide_30_40,143.8017120266683,-0.0015012719109243928
8,strat_a_meanrev,2025-05-23 17:48:00+00:00,2025-05-23 18:19:00+00:00,long,strat_a_window,142.547,142.447,142.447,142.64543037974687,152.537,sl_hit,-9.999999999999432,-702.0154864615914,1000000,31.0,99508.98390608699,98806.9684196254,6.89999999999884,10.300000000000864,2025-05-23,strat_a_meanrev,0.0075,143.76366666666664,144.38021466666663,143.14711866666664,142.74280838059838,142.56739161940163,30.94339622641428,19.63016624450413,ABCE,9.999999999999432,-1.0,,,,,,,
9,strat_b_breakout,2025-05-28 00:20:00+00:00,2025-05-28 00:51:00+00:00,short,strat_b_window,144.00799999999998,143.992,144.239342,143.90535714285713,134.01799999999997,partial_tp_then_trail,6.798554524351701,145.27936151491866,307531,31.0,98806.9684196254,98952.24778114031,14.899999999997249,2.200000000001978,2025-05-28,strat_b_breakout,0.005,,,,,,,27.04164516089266,,23.134200000001215,0.2938746325505677,144.413,144.132,144.2725,28.10000000000059,normal_12_30,144.14527659300063,-0.001525278016583924
10,strat_b_breakout,2025-05-28 00:55:00+00:00,2025-05-28 01:05:00+00:00,short,strat_b_window,144.064,144.239342,144.239342,143.9422857142857,134.07399999999998,sl_hit,-17.534200000000055,-494.1593838385662,406504,10.0,98952.24778114031,98458.08839730175,0.9999999999990905,28.700000000000614,2025-05-28,strat_b_breakout,0.005,,,,,,,34.76116076988565,,17.534200000000055,-1.0,144.413,144.132,144.2725,28.10000000000059,normal_12_30,144.0465371486562,6.941455762096115e-05
11,strat_a_meanrev,2025-05-30 16:33:00+00:00,2025-05-30 17:14:00+00:00,long,strat_a_window,143.984,143.82670399999995,143.82670399999995,144.044,153.97400000000002,sl_hit,-15.729600000005917,-739.2425229743153,675941,41.0,98458.08839730175,97718.84587432744,4.999999999998295,17.700000000002092,2025-05-30,strat_a_meanrev,0.0075,144.79599999999996,145.68529599999997,143.90670399999996,144.32355055888138,143.98354944111867,25.795053003532374,27.081018816058776,ABCD,15.729600000005917,-1.0,,,,,,,
12,strat_a_meanrev,2025-05-30 16:44:00+00:00,2025-05-30 17:14:00+00:00,long,strat_a_window,143.991,143.82670399999995,143.82670399999995,144.05100000000002,153.98100000000002,sl_hit,-16.429600000006417,-739.2781190900514,647173,30.0,97718.84587432744,96979.56775523738,0.1999999999981128,18.400000000002592,2025-05-30,strat_a_meanrev,0.0075,144.79599999999996,145.68529599999997,143.90670399999996,144.28309776018588,143.96500223981414,33.39960238568432,27.081018816058776,ABC,16.429600000006417,-1.0,,,,,,,
13,strat_a_meanrev,2025-06-03 20:02:00+00:00,2025-06-03 21:10:00+00:00,short,strat_a_window,144.054,143.92700000000002,144.034,143.9492253521127,134.064,partial_tp_then_be,11.588732394363888,805.1250668005835,1000000,68.0,96979.56775523738,97784.69282203796,21.299999999999386,1.9000000000005457,2025-06-03,strat_a_meanrev,0.0075,143.06866666666667,143.62256666666667,142.51476666666667,144.07846839568256,143.83763160431747,80.31496062992724,28.974758348585993,ABCDE,2.000000000001023,5.794366197178979,,,,,,,
14,strat_a_meanrev,2025-06-04 21:05:00+00:00,2025-06-04 21:56:00+00:00,long,strat_a_window,142.734,142.75400000000002,142.75400000000002,142.794,152.72400000000002,sl_hit,4.000000000000625,280.1434375608702,1000000,51.0,97784.69282203796,98064.83625959883,8.799999999999386,3.000000000002956,2025-06-04,strat_a_meanrev,0.0075,143.48566666666667,144.14881866666667,142.82251466666668,142.9447390943254,142.74646090567458,19.090909090909918,34.458710562213405,ABCD,2.000000000001023,1.9999999999992895,,,,,,,
15,strat_a_meanrev,2025-06-06 20:54:00+00:00,2025-06-08 21:12:00+00:00,short,strat_a_window,144.85999999999999,144.86800000000002,144.83999999999997,144.79999999999998,134.86999999999998,partial_tp_then_time_decay,2.5999999999982033,179.57097770226756,1000000,2898.0,98064.83625959883,98244.4072373011,6.599999999997408,3.300000000001546,2025-06-06,strat_a_meanrev,0.0075,143.35066666666665,143.90342066666665,142.79791266666666,144.85691083509786,144.77498916490217,65.86826347306143,21.029570304408516,ABCE,2.000000000001023,1.2999999999984366,,,,,,,
16,strat_a_meanrev,2025-06-11 18:06:00+00:00,2025-06-11 18:13:00+00:00,long,strat_a_window,144.42000000000002,144.32000000000002,144.32000000000002,144.55996907216488,154.41000000000003,sl_hit,-9.999999999999432,-692.904656319251,1000000,7.0,98244.4072373011,97551.50258098185,0.0,10.000000000002274,2025-06-11,strat_a_meanrev,0.0075,144.86233333333334,145.20307733333334,144.52158933333334,144.65959900100603,144.449400998994,30.170777988614006,34.445096632112055,ABCE,9.999999999999432,-1.0,,,,,,,
17,strat_a_meanrev,2025-06-12 16:34:00+00:00,2025-06-12 17:04:00+00:00,long,strat_a_window,143.65800000000002,143.55800000000002,143.55800000000002,143.71800000000002,153.64800000000002,sl_hit,-9.999999999999432,-696.5825659315002,1000000,30.0,97551.50258098185,96854.92001505035,2.399999999997249,12.000000000003297,2025-06-12,strat_a_meanrev,0.0075,144.77833333333334,145.21534133333333,144.34132533333334,143.86346867147125,143.57263132852876,25.75406032482786,18.554585297220225,ABCDE,9.999999999999432,-1.0,,,,,,,
18,strat_a_meanrev,2025-06-13 17:49:00+00:00,2025-06-13 18:55:00+00:00,short,strat_a_window,144.15599999999998,143.95600000000002,144.13599999999997,144.0676625000001,134.16599999999997,partial_tp_then_be,14.416874999992046,517.6030712832089,516962,66.0,96854.92001505035,97372.52308633356,29.39999999999543,2.0000000000038654,2025-06-13,strat_a_meanrev,0.0075,143.76133333333334,144.27856133333333,143.24410533333335,144.17991014284883,143.92848985715113,85.27397260274593,20.276300455265325,ABCD,2.000000000001023,7.2084374999923355,,,,,,,
19,strat_b_breakout,2025-06-17 00:45:00+00:00,2025-06-17 02:00:00+00:00,long,strat_b_window,144.976,144.892,144.84199999999998,145.1272857142857,154.966,session_close,-8.400000000000318,-186.71175772300074,322060,75.0,97372.52308633356,97185.81132861057,12.999999999999545,19.80000000000075,2025-06-17,strat_b_breakout,0.005,,,,,,,35.57231824527528,,13.400000000001455,-0.6268656716417468,144.868,144.577,144.7225,29.09999999999968,normal_12_30,144.80874684659517,0.0019075000691121972
20,strat_a_meanrev,2025-06-17 17:11:00+00:00,2025-06-17 18:48:00+00:00,short,strat_a_window,145.218,145.31799999999998,145.31799999999998,145.1368571428571,135.22799999999998,sl_hit,-9.999999999999432,-688.1459970546962,1000000,97.0,97185.81132861057,96497.66533155587,7.999999999998408,13.800000000003365,2025-06-17,strat_a_meanrev,0.0075,144.418,144.88709599999999,143.94890400000003,145.23882701476091,144.89417298523907,69.15077989601613,25.063841385905167,ABCE,9.999999999999432,-1.0,,,,,,,
21,strat_a_meanrev,2025-06-24 17:11:00+00:00,2025-06-24 17:22:00+00:00,long,strat_a_window,144.69,144.59,144.59,144.75,154.68,sl_hit,-9.999999999999432,-691.6107614634092,1000000,11.0,96497.66533155587,95806.05457009246,0.1999999999981128,10.200000000000387,2025-06-24,strat_a_meanrev,0.0075,146.732,147.504404,145.959596,144.94904022413903,144.67055977586097,34.73684210526717,23.83664870001012,ABCE,9.999999999999432,-1.0,,,,,,,
22,strat_a_meanrev,2025-06-26 21:16:00+00:00,2025-06-26 22:00:00+00:00,long,strat_a_window,144.412,144.399,144.312,144.472,154.40200000000002,session_close,-1.300000000000523,-90.02832429591083,1000000,44.0,95806.05457009246,95716.02624579654,0.2999999999985903,4.600000000002069,2025-06-26,strat_a_meanrev,0.0075,145.25700000000003,145.77002600000003,144.74397400000004,144.4948353512586,144.31036464874143,30.55555555555955,34.073574968697166,ABCE,9.999999999999432,-0.13000000000005968,,,,,,,
23,strat_b_breakout,2025-07-08 01:25:00+00:00,2025-07-08 02:00:00+00:00,long,strat_b_window,146.21200000000002,146.278,146.037288,146.42167857142857,156.20200000000003,session_close,6.599999999997408,126.49631523532408,280358,35.0,95716.02624579654,95842.52256103187,6.599999999997408,17.4000000000035,2025-07-08,strat_b_breakout,0.0034999999999999996,,,,,,,32.392338883481266,,17.471200000002796,0.37776454965865836,146.158,145.842,146.0,31.599999999997408,wide_30_40,146.0848516086029,0.0013423921976877839
24,strat_b_breakout,2025-07-09 01:15:00+00:00,2025-07-09 01:38:00+00:00,long,strat_b_window,146.93200000000002,146.74239,146.74239,147.08575000000002,156.92200000000003,sl_hit,-18.961000000001604,-335.88100779879744,259944,23.0,95842.52256103187,95506.64155323307,1.1999999999972033,20.20000000000266,2025-07-09,strat_b_breakout,0.0034999999999999996,,,,,,,38.045818491719494,,18.961000000001604,-1.0,146.878,146.523,146.70049999999998,35.49999999999898,wide_30_40,146.82685244648857,0.0005856794562716241
25,strat_b_breakout,2025-07-10 00:20:00+00:00,2025-07-10 01:02:00+00:00,short,strat_b_window,146.01,145.871,146.23044,145.89932142857143,136.01999999999998,partial_tp_then_trail,12.200724518921923,185.1672097590862,221408,42.0,95506.64155323307,95691.80876299216,24.59999999999809,1.6000000000019554,2025-07-10,strat_b_breakout,0.0034999999999999996,,,,,,,25.838915102655086,,22.04399999999964,0.5534714443350627,146.49,146.07,146.28,42.00000000000159,over_40,146.13731783394613,-0.0006433420937362714
26,strat_a_meanrev,2025-07-10 18:02:00+00:00,2025-07-10 22:00:00+00:00,long,strat_a_window,146.323,146.236,146.14578133333333,146.41307526881718,156.31300000000002,session_close,-8.70000000000175,-352.53633168310387,592569,238.0,95691.80876299216,95339.27243130906,0.0,16.200000000000614,2025-07-10,strat_a_meanrev,0.0075,146.58333333333334,146.94088533333334,146.22578133333334,146.5186649257555,146.31363507424453,33.15217391304519,27.046193673069663,ABC,17.72186666666755,-0.49091894006658343,,,,,,,
27,strat_a_meanrev,2025-07-10 18:21:00+00:00,2025-07-10 22:00:00+00:00,long,strat_a_window,146.25900000000001,146.236,146.14578133333333,146.38621428571426,156.24900000000002,session_close,-2.3000000000024556,-145.81886129286065,927129,219.0,95339.27243130906,95193.4535700162,4.199999999997317,9.800000000001319,2025-07-10,strat_a_meanrev,0.0075,146.58333333333334,146.94088533333334,146.22578133333334,146.53015134113198,146.239348658868,28.535353535357473,26.253029716183935,ABCD,11.321866666668257,-0.2031467131452528,,,,,,,
28,strat_a_meanrev,2025-07-23 18:30:00+00:00,2025-07-23 20:01:00+00:00,long,strat_a_window,146.419,146.48899999999998,146.43900000000002,146.52506611570251,156.40900000000002,partial_tp_then_be,8.803305785123428,368.02094528330963,612486,91.0,95193.4535700162,95561.4745152995,15.499999999997272,5.100000000001614,2025-07-23,strat_a_meanrev,0.0075,146.95633333333333,147.58434133333333,146.32832533333334,146.6313472035376,146.4230527964624,34.71074380165186,10.70431278246537,ABC,2.000000000001023,4.401652892559462,,,,,,,
29,strat_a_meanrev,2025-07-24 20:37:00+00:00,2025-07-24 21:46:00+00:00,short,strat_a_window,146.963,147.102728,147.102728,146.86831854838707,136.97299999999998,sl_hit,-13.972800000001941,-716.0295537688098,753821,69.0,95561.4745152995,94845.4449615307,0.5999999999971806,16.700000000003,2025-07-24,strat_a_meanrev,0.0075,146.601,147.022728,146.179272,146.97686206489948,146.8558379351005,66.84636118598212,23.393225668823817,ABC,13.97280000000194,-1.0000000000000002,,,,,,,
30,strat_a_meanrev,2025-07-24 20:56:00+00:00,2025-07-24 21:46:00+00:00,short,strat_a_window,146.99499999999998,147.102728,147.102728,146.87691385767795,137.00499999999997,sl_hit,-10.772800000003713,-716.1860437016253,977953,50.0,94845.4449615307,94129.25891782907,0.3999999999962256,13.500000000004775,2025-07-24,strat_a_meanrev,0.0075,146.601,147.022728,146.179272,147.01241428450925,146.84158571549074,71.51702786377625,26.437874327507895,ABCD,10.772800000003713,-1.0,,,,,,,
31,strat_a_meanrev,2025-07-25 20:27:00+00:00,2025-07-27 21:04:00+00:00,short,strat_a_window,147.649,147.749,147.749,147.589,137.659,sl_hit,-9.999999999999432,-676.8235318005153,1000000,2917.0,94129.25891782907,93452.43538602855,0.0,12.300000000001887,2025-07-25,strat_a_meanrev,0.0075,146.69266666666667,147.17704266666667,146.20829066666667,147.6855540095428,147.5209459904572,73.50427350427267,34.007736912239366,ABCDE,9.999999999999432,-1.0,,,,,,,
32,strat_b_breakout,2025-08-08 01:55:00+00:00,2025-08-08 02:00:00+00:00,long,strat_b_window,147.244,147.26999999999998,147.00734599999998,147.44725,157.234,session_close,2.599999999998204,35.92862090036223,203508,5.0,93452.43538602855,93488.36400692891,3.999999999999204,1.8000000000000682,2025-08-08,strat_b_breakout,0.0034999999999999996,,,,,,,38.142948447481444,,23.66540000000157,0.1098650350299607,147.159,146.762,146.9605,39.699999999999136,wide_30_40,147.20264822629863,0.0003668926906822985
33,strat_a_meanrev,2025-08-21 19:18:00+00:00,2025-08-21 22:00:00+00:00,short,strat_a_window,148.35,148.36200000000002,148.45,148.29,138.35999999999999,session_close,-1.2000000000028876,-80.88324503598545,1000000,162.0,93488.36400692891,93407.48076189292,4.699999999999704,6.60000000000025,2025-08-21,strat_a_meanrev,0.0075,147.335,147.696372,146.97362800000002,148.38093340553002,148.21206659446995,65.86206896551991,34.02964102072982,ABCE,9.999999999999432,-0.12000000000029559,,,,,,,
34,strat_a_meanrev,2025-08-28 16:33:00+00:00,2025-08-28 17:04:00+00:00,long,strat_a_window,146.89700000000002,146.79700000000003,146.79700000000003,146.95700000000002,156.88700000000003,sl_hit,-9.999999999999432,-681.212831324852,1000000,31.0,93407.48076189292,92726.26793056806,2.2999999999967713,14.900000000002933,2025-08-28,strat_a_meanrev,0.0075,147.62533333333332,147.96875133333333,147.2819153333333,147.08658582955997,146.90241417044007,27.574750830569613,14.460611226029508,ABCDE,9.999999999999432,-1.0,,,,,,,
35,strat_a_meanrev,2025-08-28 16:50:00+00:00,2025-08-28 17:04:00+00:00,long,strat_a_window,146.848,146.74800000000002,146.74800000000002,146.90800000000002,156.83800000000002,sl_hit,-9.999999999999432,-681.4402922015585,1000000,14.0,92726.26793056806,92044.8276383665,1.1999999999972033,10.000000000002274,2025-08-28,strat_a_meanrev,0.0075,147.62533333333332,147.96875133333333,147.2819153333333,147.08708040119998,146.86871959880003,33.5483870967752,18.276305419749168,ABCE,9.999999999999432,-1.0,,,,,,,
36,strat_a_meanrev,2025-08-28 21:22:00+00:00,2025-08-28 22:00:00+00:00,long,strat_a_window,146.894,146.94799999999998,146.91400000000002,146.954,156.88400000000001,partial_tp_then_session_close,5.699999999998795,387.8839802304109,1000000,38.0,92044.8276383665,92432.71161859692,7.099999999999795,2.200000000001978,2025-08-28,strat_a_meanrev,0.0075,147.62533333333332,147.96875133333333,147.2819153333333,147.01072638892813,146.8815736110719,32.66331658291608,33.99870977166919,ABCE,2.000000000001023,2.8499999999979395,,,,,,,
37,strat_a_meanrev,2025-09-02 17:58:00+00:00,2025-09-02 18:45:00+00:00,short,strat_a_window,148.36599999999999,148.46599999999998,148.46599999999998,148.30599999999998,138.37599999999998,sl_hit,-9.999999999999432,-673.5548879877839,1000000,47.0,92432.71161859692,91759.15673060913,0.0,10.800000000003251,2025-09-02,strat_a_meanrev,0.0075,147.12,147.346144,146.893856,148.39266571085864,148.22843428914138,68.14159292034961,33.82435656884201,ABCE,9.999999999999432,-1.0,,,,,,,
38,strat_b_breakout,2025-09-03 00:35:00+00:00,2025-09-03 02:00:00+00:00,long,strat_b_window,148.672,148.83599999999998,148.486568,148.772,158.662,partial_tp_then_session_close,12.5600069594711,310.4808414481878,367844,85.0,91759.15673060913,92069.63757205731,22.199999999998,6.200000000001182,2025-09-03,strat_b_breakout,0.005,,,,,,,37.72436093383603,,18.54319999999916,0.6773376202312259,148.592,148.316,148.454,27.600000000001046,normal_12_30,148.56357203188276,0.0005114814116886519
39,strat_a_meanrev,2025-09-10 19:36:00+00:00,2025-09-10 22:00:00+00:00,short,strat_a_window,147.432,147.401,147.62161666666668,147.33069518716576,137.44199999999998,session_close,3.099999999997749,112.91557723480787,536899,144.0,92069.63757205731,92182.55314929211,4.599999999999227,4.600000000002069,2025-09-10,strat_a_meanrev,0.0075,147.07366666666667,147.54161666666667,146.60571666666667,147.432493553743,147.24440644625705,81.44329896906513,15.068605826795922,ABCD,18.96166666666943,0.163487738419476,,,,,,,
40,strat_a_meanrev,2025-09-11 19:07:00+00:00,2025-09-11 19:48:00+00:00,long,strat_a_window,147.109,147.12900000000002,147.12900000000002,147.17435443037962,157.09900000000002,sl_hit,4.2677215189812046,289.9981996539791,1000000,41.0,92182.55314929211,92472.55134894609,7.499999999998863,2.800000000002001,2025-09-11,strat_a_meanrev,0.0075,147.38666666666666,147.59371066666665,147.17962266666666,147.34960933024763,147.11729066975238,26.234567901236034,27.253877604557015,ABCDE,2.000000000001023,2.1338607594895107,,,,,,,
41,strat_a_meanrev,2025-09-11 19:18:00+00:00,2025-09-11 20:35:00+00:00,long,strat_a_window,147.107,147.127,147.127,147.1699704142011,157.097,sl_hit,4.1485207100549815,281.9062042204917,1000000,77.0,92472.55134894609,92754.45755316658,7.699999999999818,2.2999999999996135,2025-09-11,strat_a_meanrev,0.0075,147.38666666666666,147.59371066666665,147.17962266666666,147.35395064524047,147.10984935475952,22.72727272727704,27.253877604557015,ABCDE,2.000000000001023,2.0742603550264294,,,,,,,
42,strat_a_meanrev,2025-09-17 16:33:00+00:00,2025-09-17 17:30:00+00:00,long,strat_a_window,146.274,146.30599999999998,146.30599999999998,146.334,156.264,news_tightened_stop,4.599999999999227,314.3702903998287,1000000,57.0,92754.45755316658,93068.82784356641,8.799999999999386,2.7000000000015234,2025-09-17,strat_a_meanrev,0.0075,146.76766666666666,147.25013266666664,146.28520066666667,146.39626317907772,146.27863682092226,33.828996282519824,19.470540970781844,ABC,3.1999999999982265,1.4375000000005551,,,,,,,
43,strat_b_breakout,2025-09-18 01:20:00+00:00,2025-09-18 01:50:00+00:00,long,strat_b_window,147.132,147.107,146.93831,147.3009642857143,157.122,time_exit_30min,-2.5000000000005684,-60.073110049161556,353487,30.0,93068.82784356641,93008.75473351724,0.7999999999981355,11.800000000002342,2025-09-18,strat_b_breakout,0.005,,,,,,,22.073130874239844,,19.36900000000037,-0.12907222881927413,147.051,146.756,146.9035,29.49999999999875,normal_12_30,146.96371301123767,0.0010614555549507778
44,strat_a_meanrev,2025-09-18 20:01:00+00:00,2025-09-18 22:00:00+00:00,short,strat_a_window,147.98999999999998,147.982,148.08999999999997,147.88226886792444,137.99999999999997,session_close,0.7999999999981355,54.06062899529237,1000000,119.0,93008.75473351724,93062.81536251254,7.299999999997908,4.000000000002046,2025-09-18,strat_a_meanrev,0.0075,146.493,147.091976,145.894024,147.95904406354933,147.82765593645067,73.40425531914862,29.482634316089474,ABCDE,9.999999999999432,0.0799999999998181,,,,,,,
45,strat_a_meanrev,2025-09-24 18:47:00+00:00,2025-09-24 20:49:00+00:00,short,strat_a_window,148.82,148.92,148.92,148.76,138.82999999999998,sl_hit,-9.999999999999432,-671.5014773032119,1000000,122.0,93062.81536251254,92391.31388520933,0.0,10.400000000001342,2025-09-24,strat_a_meanrev,0.0075,147.66133333333335,147.83972733333334,147.48293933333335,148.81447127249265,148.70832872750736,67.60000000000446,23.204272425354862,ABCE,9.999999999999432,-1.0,,,,,,,
46,strat_a_meanrev,2025-09-30 16:51:00+00:00,2025-09-30 19:24:00+00:00,long,strat_a_window,147.73600000000002,147.82799999999997,147.75600000000003,147.79600000000002,157.72600000000003,partial_tp_then_be,7.5999999999979195,514.1549330278382,1000000,153.0,92391.31388520933,92905.46881823716,18.29999999999643,9.200000000004138,2025-09-30,strat_a_meanrev,0.0075,148.86533333333333,149.26490533333333,148.46576133333332,148.0476724963973,147.76582750360274,24.470588235291572,33.91968396022194,ABCDE,2.000000000001023,3.7999999999970155,,,,,,,
47,strat_a_meanrev,2025-10-01 18:35:00+00:00,2025-10-01 20:57:00+00:00,long,strat_a_window,147.044,147.072,147.06400000000002,147.15043650793652,157.03400000000002,partial_tp_then_time_decay,6.721825396824954,456.850295861556,1000000,142.0,92905.46881823716,93362.31911409872,11.599999999998545,2.800000000002001,2025-10-01,strat_a_meanrev,0.0075,148.12366666666668,148.58015666666668,147.66717666666668,147.228089630811,147.054510369189,33.670033670035224,34.31715194639956,ABCE,2.000000000001023,3.3609126984107576,,,,,,,
48,strat_b_breakout,2025-10-08 00:50:00+00:00,2025-10-08 01:10:00+00:00,long,strat_b_window,152.21,152.32999999999998,151.96062600000002,152.37050000000002,162.20000000000002,partial_tp_then_trail,14.42998375516409,188.90047177420095,199448,20.0,93362.31911409872,93551.21958587292,23.599999999999,8.00000000000125,2025-10-08,strat_b_breakout,0.0034999999999999996,,,,,,,26.496583605841405,,24.93739999999889,0.5786482855135151,152.097,151.74,151.9185,35.69999999999993,wide_30_40,152.15641897804306,0.0003812177936691077
49,strat_a_meanrev,2025-10-09 18:44:00+00:00,2025-10-09 18:51:00+00:00,short,strat_a_window,153.10399999999998,153.20399999999998,153.20399999999998,153.03804444444447,143.11399999999998,sl_hit,-9.999999999999432,-652.7244719458653,1000000,7.0,93551.21958587292,92898.49511392706,0.0,10.000000000002274,2025-10-09,strat_a_meanrev,0.0075,152.469,152.95146599999998,151.986534,153.11241958889897,152.93948041110107,81.41891891892395,16.51386973549067,ABCD,9.999999999999432,-1.0,,,,,,,
50,strat_b_breakout,2025-10-10 01:20:00+00:00,2025-10-10 01:50:00+00:00,short,strat_b_window,152.89999999999998,152.96200000000002,153.07406,152.71646428571427,142.90999999999997,time_exit_30min,-6.2000000000040245,-115.7689753011303,285617,30.0,92898.49511392706,92782.72613862592,1.799999999997226,9.400000000002251,2025-10-10,strat_b_breakout,0.0034999999999999996,,,,,,,23.68665905151901,,17.406000000002564,-0.35619901183517816,153.278,152.948,153.113,32.99999999999841,wide_30_40,153.02238488056335,-0.0011366457192877452
51,strat_b_breakout,2025-10-14 00:50:00+00:00,2025-10-14 01:08:00+00:00,long,strat_b_window,152.55800000000002,152.360714,152.360714,152.6739285714286,162.54800000000003,sl_hit,-19.72860000000196,-464.5133816845137,358736,18.0,92782.72613862592,92318.2127569414,0.0,19.800000000003593,2025-10-14,strat_b_breakout,0.005,,,,,,,21.684988266533015,,19.72860000000196,-1.0,152.465,152.192,152.32850000000002,27.299999999999613,normal_12_30,152.4621971046347,0.0003672275630517371
52,strat_a_meanrev,2025-10-14 19:45:00+00:00,2025-10-14 21:58:00+00:00,long,strat_a_window,151.64600000000002,151.72599999999997,151.66600000000003,151.7574081632652,161.63600000000002,partial_tp_then_be,9.570408163257582,630.6931768493059,1000000,133.0,92318.2127569414,92948.90593379071,17.199999999996862,1.6000000000019554,2025-10-14,strat_a_meanrev,0.0075,152.14133333333334,152.41942933333334,151.86323733333333,151.8021221666462,151.69067783335385,26.43171806167456,20.503069437731863,ABCDE,2.000000000001023,4.785204081626343,,,,,,,
53,strat_a_meanrev,2025-10-15 17:12:00+00:00,2025-10-15 18:24:00+00:00,long,strat_a_window,151.12300000000002,151.29599999999996,151.14300000000003,151.2075581395349,161.11300000000003,partial_tp_then_be,12.877906976741826,851.3364461177116,1000000,72.0,92948.90593379071,93800.24237990842,26.099999999996726,2.600000000003888,2025-10-15,strat_a_meanrev,0.0075,151.9896666666667,152.3754866666667,151.6038466666667,151.31779896010897,151.09410103989103,28.61538461538234,34.49621689439597,ABCDE,2.000000000001023,6.438953488367619,,,,,,,
54,strat_a_meanrev,2025-10-15 20:06:00+00:00,2025-10-15 20:39:00+00:00,long,strat_a_window,151.223,151.12300000000002,151.12300000000002,151.28300000000002,161.21300000000002,sl_hit,-9.999999999999432,-661.7126446668892,1000000,33.0,93800.24237990842,93138.52973524154,3.4999999999968168,11.90000000000282,2025-10-15,strat_a_meanrev,0.0075,151.9896666666667,152.3754866666667,151.6038466666667,151.3445698369352,151.21563016306482,23.106060606056616,34.86331608105305,ABCDE,9.999999999999432,-1.0,,,,,,,
55,strat_a_meanrev,2025-10-21 16:49:00+00:00,2025-10-21 16:54:00+00:00,short,strat_a_window,151.91,151.89,151.89,151.85,141.92,sl_hit,4.000000000000625,263.40050388704344,1000000,5.0,93138.52973524154,93401.93023912857,6.599999999997408,5.000000000001137,2025-10-21,strat_a_meanrev,0.0075,150.72133333333332,151.07659333333334,150.3660733333333,151.92557129157908,151.67862870842092,66.74584323040418,23.06032769797246,ABCE,2.000000000001023,1.9999999999992895,,,,,,,
56,strat_a_meanrev,2025-10-24 18:26:00+00:00,2025-10-24 20:32:00+00:00,short,strat_a_window,152.84799999999998,152.83,152.82799999999997,152.78799999999998,142.85799999999998,partial_tp_then_time_decay,3.8999999999987267,255.2394603214941,1000000,126.0,93401.93023912857,93657.16969945007,8.199999999996521,5.60000000000116,2025-10-24,strat_a_meanrev,0.0075,152.39833333333334,152.77078333333333,152.02588333333335,152.85953078836548,152.7689692116345,66.37168141592775,28.084620556126886,ABC,2.000000000001023,1.9499999999983657,,,,,,,
57,strat_a_meanrev,2025-10-28 19:13:00+00:00,2025-10-28 19:39:00+00:00,long,strat_a_window,152.055,151.955,151.955,152.16067073170726,162.04500000000002,sl_hit,-9.999999999999432,-658.0895659898938,1000000,26.0,93657.16969945007,92999.08013346017,0.0,10.300000000000864,2025-10-28,strat_a_meanrev,0.0075,152.894,153.158344,152.629656,152.25560429593662,152.05079570406338,24.496644295302048,14.276895727317862,ABCDE,9.999999999999432,-1.0,,,,,,,
58,strat_a_meanrev,2025-10-28 19:25:00+00:00,2025-10-28 22:00:00+00:00,long,strat_a_window,152.007,152.12599999999998,151.907,152.15126136363637,161.997,session_close,11.899999999997135,782.2462958335285,1000000,155.0,92999.08013346017,93781.3264292937,12.09999999999809,6.700000000000728,2025-10-28,strat_a_meanrev,0.0075,152.894,153.158344,152.629656,152.26942385428083,152.01997614571917,25.67567567567879,13.998838889094381,ABCDE,9.999999999999432,1.1899999999997812,,,,,,,
59,strat_b_breakout,2025-10-30 01:40:00+00:00,2025-10-30 02:00:00+00:00,short,strat_b_window,152.456,152.53900000000002,152.58900000000003,152.26399999999998,142.46599999999998,session_close,-8.300000000002683,-159.71646595302101,293530,20.0,93781.3264292937,93621.60996334067,0.0,10.000000000002274,2025-10-30,strat_b_breakout,0.005,,,,,,,28.555411438111538,,13.30000000000382,-0.6240601503759623,152.88,152.588,152.73399999999998,29.20000000000016,normal_12_30,152.60504900727383,-0.0007406096593850944
60,strat_a_meanrev,2025-10-30 21:05:00+00:00,2025-10-30 22:00:00+00:00,short,strat_a_window,154.12099999999998,154.096,154.22099999999998,154.06099999999998,144.13099999999997,session_close,2.4999999999977263,162.2365278785774,1000000,55.0,93621.60996334067,93783.84649121924,4.899999999997817,2.9000000000024784,2025-10-30,strat_a_meanrev,0.0075,152.42399999999998,153.00693199999998,151.84106799999998,154.12502353889946,154.02517646110053,71.54150197628512,18.376126366758033,ABCDE,9.999999999999432,0.24999999999978684,,,,,,,
61,strat_b_breakout,2025-10-31 01:15:00+00:00,2025-10-31 02:00:00+00:00,short,strat_b_window,153.75199999999998,153.86,153.965914,153.6025357142857,143.76199999999997,session_close,-10.800000000003251,-165.6058494735972,235927,45.0,93783.84649121924,93618.24064174565,9.099999999997976,11.60000000000423,2025-10-31,strat_b_breakout,0.0034999999999999996,,,,,,,24.97328026195302,,21.39140000000168,-0.504875791205924,154.168,153.841,154.0045,32.69999999999982,wide_30_40,153.9133485401766,-0.00110439810303395
62,strat_b_breakout,2025-11-07 01:20:00+00:00,2025-11-07 02:00:00+00:00,long,strat_b_window,153.20600000000002,153.09799999999998,153.022086,153.3631785714286,163.19600000000003,session_close,-10.800000000003251,-192.550079034402,272954,40.0,93618.24064174565,93425.69056271124,7.799999999997453,16.40000000000157,2025-11-07,strat_b_breakout,0.0034999999999999996,,,,,,,25.72963427000703,,18.391400000001568,-0.5872309883968774,153.147,152.82,152.9835,32.69999999999982,wide_30_40,153.11749193250603,0.00098008467931633
63,strat_a_meanrev,2025-11-18 18:07:00+00:00,2025-11-18 22:04:00+00:00,short,strat_a_window,155.712,155.508,155.69199999999998,155.56199999999998,145.72199999999998,partial_tp_then_session_close,17.69999999999925,1138.03769172187,1000000,237.0,93425.69056271124,94563.72825443311,22.399999999998954,3.1000000000034333,2025-11-18,strat_a_meanrev,0.0075,154.99766666666667,155.33802866666667,154.65730466666668,155.68404236639105,155.38925763360896,83.28690807799289,34.623883741434824,ABCDE,2.000000000001023,8.849999999995097,,,,,,,
64,strat_a_meanrev,2025-11-20 20:16:00+00:00,2025-11-20 21:03:00+00:00,short,strat_a_window,157.582,157.56199999999998,157.56199999999998,157.5061938325991,147.59199999999998,sl_hit,4.790308370044727,304.11211572343535,1000000,47.0,94563.72825443311,94867.84037015654,9.299999999998931,7.600000000002183,2025-11-20,strat_a_meanrev,0.0075,156.52333333333334,157.27625533333335,155.77041133333333,157.59797341065465,157.4400265893453,68.42105263157796,21.544709291894183,ABC,2.000000000001023,2.395154185021138,,,,,,,
65,strat_a_meanrev,2025-11-21 19:55:00+00:00,2025-11-21 21:53:00+00:00,long,strat_a_window,156.318,156.37999999999997,156.33800000000002,156.46800000000002,166.30800000000002,partial_tp_then_be,10.599999999998033,677.5663054810028,1000000,118.0,94867.84037015654,95545.40667563754,17.99999999999784,3.2000000000010687,2025-11-21,strat_a_meanrev,0.0075,157.41366666666667,157.80139666666668,157.02593666666667,156.64859155955546,156.31770844044453,28.308207705192032,27.054001682829302,ABCDE,2.000000000001023,5.299999999996305,,,,,,,
66,strat_a_meanrev,2025-11-25 20:04:00+00:00,2025-11-25 20:58:00+00:00,long,strat_a_window,155.89100000000002,156.09999999999997,155.91100000000003,155.97113953488386,165.88100000000003,partial_tp_then_be,14.456976744189378,926.3476767533913,1000000,54.0,95545.40667563754,96471.75435239093,28.899999999995885,2.3000000000024556,2025-11-25,strat_a_meanrev,0.0075,156.83900000000003,157.13734200000002,156.54065800000004,155.96375883661702,155.86194116338297,27.669902912633148,32.92325779735813,ABCDE,2.000000000001023,7.2284883720909905,,,,,,,
67,strat_b_breakout,2025-11-26 01:15:00+00:00,2025-11-26 01:33:00+00:00,long,strat_b_window,156.318,156.074616,156.074616,156.47828571428573,166.30800000000002,sl_hit,-24.338400000002025,-338.17633104414875,216862,18.0,96471.75435239093,96133.57802134678,4.699999999996862,30.400000000003047,2025-11-26,strat_b_breakout,0.0034999999999999996,,,,,,,33.74746345060032,,24.338400000002025,-1.0,156.232,155.82,156.026,41.200000000000614,over_40,156.20108421042508,0.0009349145769832677
68,strat_b_breakout,2025-11-27 00:20:00+00:00,2025-11-27 00:54:00+00:00,short,strat_b_window,156.15599999999998,155.976,156.324668,156.05442857142856,146.16599999999997,partial_tp_then_trail,13.294296288661684,379.20866682170845,445011,34.0,96133.57802134678,96512.78668816849,28.999999999996362,1.700000000002433,2025-11-27,strat_b_breakout,0.005,,,,,,,32.99646240361481,,16.866800000002513,0.7881931539272241,156.494,156.22,156.357,27.40000000000009,normal_12_30,156.2651804193792,-0.000652733160124428
69,strat_a_meanrev,2025-12-02 17:22:00+00:00,2025-12-02 18:50:00+00:00,short,strat_a_window,156.034,156.01399999999998,156.01399999999998,155.93422641509432,146.04399999999998,sl_hit,5.988679245284345,384.018830227683,1000000,88.0,96512.78668816849,96896.80551839617,11.39999999999759,2.400000000002933,2025-12-02,strat_a_meanrev,0.0075,155.43333333333337,156.00251333333335,154.86415333333338,156.05584056926403,155.739559430736,71.65991902833622,20.031282509397816,ABCD,2.000000000001023,2.994339622640641,,,,,,,
70,strat_a_meanrev,2025-12-05 21:45:00+00:00,2025-12-07 22:04:00+00:00,short,strat_a_window,155.33599999999998,155.227,155.31599999999997,155.27599999999998,145.34599999999998,partial_tp_then_session_close,8.449999999999136,314.12383459614784,577112,2899.0,96896.80551839617,97210.92935299232,10.899999999998045,5.300000000002569,2025-12-05,strat_a_meanrev,0.0075,155.057,155.451606,154.66239399999998,155.33723095677084,155.27946904322914,65.33333333333309,26.951149181690095,ABC,2.000000000001023,4.224999999997406,,,,,,,
71,strat_a_meanrev,2025-12-05 21:56:00+00:00,2025-12-07 22:04:00+00:00,short,strat_a_window,155.352,155.227,155.332,155.292,145.362,partial_tp_then_session_close,9.250000000000114,374.5256741877332,628588,2888.0,97210.92935299232,97585.45502718005,12.5,2.200000000001978,2025-12-05,strat_a_meanrev,0.0075,155.057,155.451606,154.66239399999998,155.34807678349293,155.2757232165071,69.40298507461785,29.901822568453163,ABC,2.000000000001023,4.624999999997691,,,,,,,
72,strat_a_meanrev,2025-12-12 19:37:00+00:00,2025-12-12 20:45:00+00:00,short,strat_a_window,155.91199999999998,155.89199999999997,155.89199999999997,155.80952659574464,145.92199999999997,sl_hit,6.123663202405209,231.16562059536957,588225,68.0,97585.45502718005,97816.62064777543,12.999999999996703,3.500000000002501,2025-12-12,strat_a_meanrev,0.0075,155.56033333333332,156.0259913333333,155.09467533333333,155.91000553328627,155.69319446671375,76.92307692307617,13.944540136895494,ABCD,2.000000000001023,3.061831601201038,,,,,,,
73,strat_a_meanrev,2025-12-16 17:41:00+00:00,2025-12-16 18:55:00+00:00,long,strat_a_window,154.64000000000001,154.706,154.66000000000003,154.75879166666667,164.63000000000002,partial_tp_then_be,9.239583333331325,597.1040043257441,1000000,74.0,97816.62064777543,98413.72465210117,15.799999999998704,4.000000000002046,2025-12-16,strat_a_meanrev,0.0075,155.343,155.781918,154.904082,154.93008049604,154.63821950396002,28.333333333332206,22.325755500414783,ABCDE,2.000000000001023,4.619791666663299,,,,,,,
74,strat_a_meanrev,2025-12-19 17:22:00+00:00,2025-12-19 18:32:00+00:00,short,strat_a_window,157.546,157.49400000000003,157.52599999999998,157.47113207547167,147.55599999999998,partial_tp_then_be,6.3433962264142,402.805176173268,1000000,70.0,98413.72465210117,98816.52982827443,13.599999999999568,3.500000000002501,2025-12-19,strat_a_meanrev,0.0075,155.608,155.873108,155.342892,157.50857664163146,157.41782335836854,69.08212560386295,22.4076085484812,ABCE,2.000000000001023,3.171698113205477,,,,,,,
75,strat_a_meanrev,2025-12-19 19:34:00+00:00,2025-12-19 20:16:00+00:00,short,strat_a_window,157.57399999999998,157.55399999999997,157.55399999999997,157.48576756756754,147.58399999999997,sl_hit,5.411621621622942,343.59857604214216,1000000,42.0,98816.52982827443,99160.12840431658,8.899999999997021,2.400000000002933,2025-12-19,strat_a_meanrev,0.0075,155.608,155.873108,155.342892,157.57921669755908,157.38518330244094,84.32203389829544,31.49256822313629,ABCDE,2.000000000001023,2.7058108108100867,,,,,,,
76,strat_a_meanrev,2025-12-23 19:12:00+00:00,2025-12-23 21:31:00+00:00,long,strat_a_window,156.22500000000002,156.23,156.24500000000003,156.29777300613495,166.21500000000003,partial_tp_then_time_decay,3.8886503067445233,248.80448919021944,1000000,139.0,99160.12840431658,99408.9328935068,8.699999999996066,5.300000000002569,2025-12-23,strat_a_meanrev,0.0075,157.15166666666667,157.53710466666666,156.76622866666668,156.34777673032892,156.21542326967108,31.939163498099433,28.359651475494246,ABCE,2.000000000001023,1.9443251533712669,,,,,,,
77,strat_a_meanrev,2025-12-24 19:38:00+00:00,2025-12-24 21:30:00+00:00,long,strat_a_window,155.892,155.912,155.912,155.952,165.882,sl_hit,3.9999966471256188,153.00624782445902,596503,112.0,99408.9328935068,99561.93914133127,6.60000000000025,2.7999999999991587,2025-12-24,strat_a_meanrev,0.0075,156.31233333333333,156.84751533333332,155.77715133333334,155.99028136862083,155.94881863137917,29.310344827582824,33.10752081569935,ABCD,2.000000000001023,1.9999983235617862,,,,,,,
78,strat_a_meanrev,2025-12-24 20:01:00+00:00,2025-12-25 22:04:00+00:00,long,strat_a_window,155.9,155.932,155.69715133333332,155.96,165.89000000000001,session_close,3.1999999999982265,117.59115511883282,573007,1563.0,99561.93914133127,99679.5302964501,5.999999999997385,4.000000000002046,2025-12-24,strat_a_meanrev,0.0075,156.31233333333333,156.84751533333332,155.77715133333334,156.0134439128765,155.88155608712347,10.344827586208595,30.036020921099617,ABCD,20.284866666668222,0.1577530704333599,,,,,,,
79,strat_b_breakout,2025-12-26 01:30:00+00:00,2025-12-26 02:00:00+00:00,long,strat_b_window,156.214,156.283,155.98684,156.38725,166.204,session_close,6.89999999999884,105.92497584508372,239917,30.0,99679.5302964501,99785.45527229519,11.400000000000432,5.400000000000205,2025-12-26,strat_b_breakout,0.0034999999999999996,,,,,,,34.95317141383938,,22.71599999999978,0.30375066032747433,156.132,155.752,155.942,37.999999999999545,wide_30_40,156.2314552766694,-0.00020481572984812072
80,strat_a_meanrev,2025-12-26 21:45:00+00:00,2025-12-28 22:04:00+00:00,short,strat_a_window,156.53,156.511,156.63,156.47,146.54,session_close,1.9000000000005457,121.3972180869425,1000000,2899.0,99785.45527229519,99906.85249038214,1.9000000000005457,8.800000000002228,2025-12-26,strat_a_meanrev,0.0075,155.92999999999998,156.20809599999998,155.65190399999997,156.58406183785166,156.46433816214835,66.66666666667132,28.347854626493582,ABCE,9.999999999999432,0.19000000000006537,,,,,,,
81,strat_a_meanrev,2025-12-26 21:55:00+00:00,2025-12-28 22:04:00+00:00,short,strat_a_window,156.57899999999998,156.511,156.55899999999997,156.51899999999998,146.58899999999997,partial_tp_then_session_close,6.399999999999295,408.9071479948746,1000000,2889.0,99906.85249038214,100315.75963837701,6.799999999998363,2.7000000000043656,2025-12-26,strat_a_meanrev,0.0075,155.92999999999998,156.20809599999998,155.65190399999997,156.59580215012878,156.47039784987126,69.38775510204457,25.94940243575675,ABCE,2.000000000001023,3.1999999999980107,,,,,,,
82,strat_a_meanrev,2025-12-31 18:37:00+00:00,2025-12-31 21:25:00+00:00,short,strat_a_window,156.892,156.71000000000004,156.87199999999999,156.83026562500007,146.902,partial_tp_then_be,12.186718749994442,777.5095203312943,1000000,168.0,100315.75963837701,101093.26915870831,26.799999999997226,3.900000000001569,2025-12-31,strat_a_meanrev,0.0075,156.24433333333334,156.55910133333336,155.92956533333333,156.9033400415829,156.75845995841706,66.1538461538438,23.646191314299564,ABCE,2.000000000001023,6.093359374994104,,,,,,,
83,strat_a_meanrev,2026-01-07 19:13:00+00:00,2026-01-07 22:04:00+00:00,short,strat_a_window,156.69,156.756,156.86385466666667,156.63,146.7,session_close,-6.60000000000025,-287.71193447141866,683342,171.0,101093.26915870831,100805.5572242369,0.0,12.000000000000455,2026-01-07,strat_a_meanrev,0.0075,156.54166666666666,156.78385466666666,156.29947866666666,156.7212687044445,156.59563129555548,78.26086956521269,21.903076902956638,ABCD,17.38546666666707,-0.3796274282734293,,,,,,,
84,strat_a_meanrev,2026-01-07 19:25:00+00:00,2026-01-07 22:04:00+00:00,short,strat_a_window,156.72199999999998,156.756,156.86385466666667,156.66199999999998,146.73199999999997,session_close,-3.4000000000020236,-181.68709331711034,837663,159.0,100805.5572242369,100623.87013091978,0.0,8.800000000002228,2026-01-07,strat_a_meanrev,0.0075,156.54166666666666,156.78385466666666,156.29947866666666,156.7334891267593,156.60011087324068,73.88888888888397,22.051332902277135,ABCD,14.185466666668844,-0.23968192798273596,,,,,,,
85,strat_a_meanrev,2026-01-08 19:15:00+00:00,2026-01-08 20:16:00+00:00,short,strat_a_window,156.89999999999998,156.99999999999997,156.99999999999997,156.83999999999997,146.90999999999997,sl_hit,-9.999999999999432,-636.9426751591996,1000000,61.0,100623.87013091978,99986.92745576058,0.0,10.000000000002274,2026-01-08,strat_a_meanrev,0.0075,156.62033333333335,156.81744533333335,156.42322133333334,156.91470164574622,156.80099835425375,75.11520737327243,32.845427811543054,ABCDE,9.999999999999432,-1.0,,,,,,,
86,strat_a_meanrev,2026-01-08 19:26:00+00:00,2026-01-08 22:04:00+00:00,short,strat_a_window,156.93599999999998,156.854,156.91599999999997,156.86227683615826,146.94599999999997,partial_tp_then_session_close,7.786158192084258,496.3828587088252,1000000,158.0,99986.92745576058,100483.3103144694,10.99999999999568,6.600000000003092,2026-01-08,strat_a_meanrev,0.0075,156.62033333333335,156.81744533333335,156.42322133333334,156.92972725765955,156.79507274234047,71.57894736841963,30.531228957267746,ABCDE,2.000000000001023,3.8930790960401374,,,,,,,
87,strat_b_breakout,2026-01-13 01:20:00+00:00,2026-01-13 02:00:00+00:00,long,strat_b_window,158.32600000000002,158.468,158.085254,158.4831785714286,168.31600000000003,partial_tp_then_session_close,15.110711660673214,220.53237786996306,231289,40.0,100483.3103144694,100703.84269233937,17.099999999996385,2.200000000001978,2026-01-13,strat_b_breakout,0.0034999999999999996,,,,,,,26.073153618825163,,24.074600000002988,0.6276620031348948,158.201,157.898,158.0495,30.299999999999727,wide_30_40,158.16896674490965,0.001492896091901788
88,strat_a_meanrev,2026-01-13 20:37:00+00:00,2026-01-13 22:04:00+00:00,short,strat_a_window,159.136,159.148,159.236,159.076,149.146,session_close,-1.2000000000000455,-75.40151305703152,1000000,87.0,100703.84269233937,100628.44117928234,2.199999999999136,4.900000000000659,2026-01-13,strat_a_meanrev,0.0075,157.9623333333333,158.2270593333333,157.6976073333333,159.15459028987175,159.05980971012826,67.39130434782967,15.303449592733918,ABCE,9.999999999999432,-0.12000000000001138,,,,,,,
89,strat_a_meanrev,2026-01-16 20:14:00+00:00,2026-01-18 22:04:00+00:00,long,strat_a_window,158.07600000000002,157.97600000000003,157.97600000000003,158.13600000000002,168.06600000000003,sl_hit,-9.999999999999432,-633.0075454499056,1000000,2990.0,100628.44117928234,99995.43363383244,5.999999999997385,16.600000000002524,2026-01-16,strat_a_meanrev,0.0075,158.57500000000002,158.826738,158.32326200000003,158.21520797223909,158.09389202776092,24.4791666666642,27.91672820132146,ABCDE,9.999999999999432,-1.0,,,,,,,
90,strat_a_meanrev,2026-01-20 19:16:00+00:00,2026-01-20 19:57:00+00:00,short,strat_a_window,158.12699999999998,158.26906200000002,158.26906200000002,157.98663473053887,148.13699999999997,sl_hit,-14.206200000003832,-749.2924046648609,834775,41.0,99995.43363383244,99246.14122916758,3.299999999995862,15.70000000000391,2026-01-20,strat_a_meanrev,0.0075,157.906,158.189062,157.622938,158.11991570523773,157.8825842947622,78.18791946308276,20.859677124478573,ABCD,14.206200000003832,-1.0,,,,,,,
91,strat_a_meanrev,2026-02-04 19:14:00+00:00,2026-02-04 20:20:00+00:00,short,strat_a_window,156.80599999999998,156.90599999999998,156.90599999999998,156.66581818181817,146.81599999999997,sl_hit,-9.999999999999432,-637.3242578358656,1000000,66.0,99246.14122916758,98608.81697133172,0.0,10.400000000001342,2026-02-04,strat_a_meanrev,0.0075,155.7253333333333,156.02749533333332,155.4231713333333,156.83819372413993,156.55570627586005,76.51245551601384,19.121266849431485,ABCDE,9.999999999999432,-1.0,,,,,,,
92,strat_a_meanrev,2026-02-04 19:45:00+00:00,2026-02-04 22:04:00+00:00,short,strat_a_window,156.87599999999998,156.823,156.97599999999997,156.72599999999997,146.88599999999997,session_close,5.299999999996885,337.9606307746239,1000000,139.0,98608.81697133172,98946.77760210635,6.399999999996453,8.000000000004093,2026-02-04,strat_a_meanrev,0.0075,155.7253333333333,156.02749533333332,155.4231713333333,156.89147473309808,156.6441252669019,69.11764705882138,19.525180475123527,ABCE,9.999999999999432,0.5299999999997186,,,,,,,
93,strat_a_meanrev,2026-02-05 19:17:00+00:00,2026-02-05 19:38:00+00:00,short,strat_a_window,156.874,156.85399999999998,156.85399999999998,156.814,146.884,sl_hit,4.000000000000625,156.8831320466172,615076,21.0,98946.77760210635,99103.66073415296,7.099999999999795,2.000000000001023,2026-02-05,strat_a_meanrev,0.0075,156.50233333333333,156.98327133333333,156.02139533333332,156.9047564260149,156.7900435739851,66.77740863787429,15.55485077623888,ABC,2.000000000001023,1.9999999999992895,,,,,,,
94,strat_a_meanrev,2026-02-05 20:12:00+00:00,2026-02-05 21:00:00+00:00,short,strat_a_window,156.944,157.06327133333335,157.06327133333335,156.86731390134543,146.95399999999998,sl_hit,-11.92713333333586,-742.7124718024445,978046,48.0,99103.66073415296,98360.94826235052,4.2999999999977945,14.800000000002456,2026-02-05,strat_a_meanrev,0.0075,156.50233333333333,156.98327133333333,156.02139533333332,156.90641863146723,156.81048136853278,65.3266331658272,11.031709304729672,ABC,11.92713333333586,-1.0,,,,,,,
95,strat_a_meanrev,2026-02-05 20:53:00+00:00,2026-02-05 22:04:00+00:00,short,strat_a_window,157.00799999999998,156.989,157.10799999999998,156.88222727272733,147.01799999999997,session_close,1.8999999999977035,121.02758792002648,1000000,71.0,98360.94826235052,98481.97585027054,1.8999999999977035,9.600000000003206,2026-02-05,strat_a_meanrev,0.0075,156.50233333333333,156.98327133333333,156.02139533333332,157.02413706802403,156.791362931976,81.94444444444595,14.230812119489363,ABCD,9.999999999999432,0.18999999999978115,,,,,,,
96,strat_a_meanrev,2026-02-06 21:50:00+00:00,2026-02-08 22:04:00+00:00,short,strat_a_window,157.214,157.36023266666666,157.36023266666666,157.09431152647983,147.224,sl_hit,-14.623266666666266,-737.928383884042,794081,2894.0,98481.97585027054,97744.04746638649,0.0,32.40000000000123,2026-02-06,strat_a_meanrev,0.0075,156.96966666666665,157.28023266666665,156.65910066666666,157.18538007557555,157.0703199244245,72.49999999999893,19.7729179197496,ABCD,14.623266666666268,-0.9999999999999999,,,,,,,
97,strat_b_breakout,2026-02-11 00:40:00+00:00,2026-02-11 00:59:00+00:00,short,strat_b_window,154.17399999999998,154.124,154.34623,154.07167857142855,144.18399999999997,partial_tp_then_trail,8.13928093043663,231.0942660001594,437484,19.0,97744.04746638649,97975.14173238665,16.799999999997794,1.6000000000019554,2026-02-11,strat_b_breakout,0.005,,,,,,,26.16931528480783,,17.22300000000132,0.47258206644812206,154.51,154.245,154.3775,26.499999999998636,normal_12_30,154.37612026740948,-0.001980736367873308
98,strat_a_meanrev,2026-02-12 21:04:00+00:00,2026-02-12 22:04:00+00:00,long,strat_a_window,152.71300000000002,152.744,152.60760533333334,152.82604363636366,162.70300000000003,session_close,3.099999999997749,202.95396218494668,1000000,60.0,97975.14173238665,98178.09569457159,6.799999999995521,2.0000000000038654,2026-02-12,strat_a_meanrev,0.0075,153.49133333333336,154.29506133333336,152.68760533333335,153.02100991219478,152.7435900878052,20.105820105823597,32.16832606292875,ABCD,10.539466666668318,0.2941325304250623,,,,,,,
99,strat_a_meanrev,2026-02-24 19:02:00+00:00,2026-02-24 20:59:00+00:00,short,strat_a_window,155.77499999999998,155.87499999999997,155.87499999999997,155.71499999999997,145.78499999999997,sl_hit,-9.999999999999432,-641.5396952686085,1000000,117.0,98178.09569457159,97536.55599930297,5.899999999996908,11.700000000001864,2026-02-24,strat_a_meanrev,0.0075,154.572,154.9731,154.17090000000002,155.79836958529876,155.68923041470123,65.28301886792485,28.8099940117102,ABCE,9.999999999999432,-1.0,,,,,,,
100,strat_b_breakout,2026-02-26 00:25:00+00:00,2026-02-26 01:11:00+00:00,short,strat_b_window,156.066,156.036,156.25437399999998,155.9205,146.076,partial_tp_then_trail,9.92996732996728,180.1059882695477,282828,46.0,97536.55599930297,97716.66198757252,14.900000000000091,7.900000000000773,2026-02-26,strat_b_breakout,0.0034999999999999996,,,,,,,24.817806490585035,,18.837399999998183,0.52714107732321,156.475,156.118,156.29649999999998,35.69999999999993,wide_30_40,156.19527367415253,-0.0012286741837634473
101,strat_b_breakout,2026-02-26 01:15:00+00:00,2026-02-26 02:00:00+00:00,short,strat_b_window,156.023,155.815,156.25437399999998,155.85542857142855,146.033,partial_tp_then_session_close,18.374289220257253,271.92540587679787,230627,45.0,97716.66198757252,97988.58739344931,23.299999999997567,1.700000000002433,2026-02-26,strat_b_breakout,0.0034999999999999996,,,,,,,37.6065333760692,,23.13739999999882,0.7941380284845397,156.475,156.118,156.29649999999998,35.69999999999993,wide_30_40,156.08401012297273,-0.00027551033484120584
102,strat_a_meanrev,2026-02-27 19:29:00+00:00,2026-02-27 21:21:00+00:00,long,strat_a_window,155.911,156.09699999999998,155.931,156.02861666666658,165.901,partial_tp_then_be,15.180833333327827,610.2564476806091,627390,112.0,97988.58739344931,98598.84384112993,27.499999999997726,2.7000000000015234,2026-02-27,strat_a_meanrev,0.0075,156.09066666666666,156.37296466666666,155.80836866666667,156.1108633384534,155.9251366615466,21.65242165242158,16.954836631066822,ABCD,2.000000000001023,7.590416666660031,,,,,,,
