trade_number,time,equity,drawdown_usd,drawdown_pct
1,2024-10-23 00:22:00+00:00,99680.1691913182,0.0,0.0
2,2024-10-23 00:44:00+00:00,99449.00021595595,231.1689753622486,0.23191069722058882
3,2024-10-23 00:58:00+00:00,99191.53658037263,488.63261094556947,0.49020042292236365
4,2024-10-28 00:53:00+00:00,98961.49955831852,718.6696329996776,0.7209755348832927
5,2024-10-29 00:32:00+00:00,99290.66419692949,389.5049943887134,0.39075474846067776
6,2024-10-31 00:26:00+00:00,99162.74544106297,517.4237502552278,0.5190839406202509
7,2024-11-04 00:45:00+00:00,99087.37240770957,592.7967836086318,0.5946988136334969
8,2024-11-04 00:45:00+00:00,98837.37881143339,842.7903798848129,0.8454945318834962
9,2024-11-05 00:02:00+00:00,98608.1635947846,1072.0055965336069,1.075445201618874
10,2024-11-05 00:54:00+00:00,98434.6636013462,1245.5055899720028,1.2495018819455235
11,2024-11-06 00:53:00+00:00,98080.50815523103,1599.661036087171,1.604793660629637
12,2024-11-07 00:05:00+00:00,96044.59254614443,3635.5766451737727,3.6472416476299667
13,2024-11-12 00:14:00+00:00,95836.99924613145,3843.169945186746,3.855501025294681
14,2024-11-14 00:31:00+00:00,95584.09721050793,4096.071980810273,4.1092145148235035
15,2024-11-14 00:45:00+00:00,95301.30287141856,4378.866319899636,4.392916219368757
16,2024-11-14 01:02:00+00:00,95011.72845851707,4668.440732801129,4.683419752068132
17,2024-11-15 00:13:00+00:00,94700.25364535826,4979.915545959942,4.995893953993886
18,2024-11-15 00:25:00+00:00,94316.23122294595,5363.937968372251,5.381148539261741
19,2024-11-15 00:40:00+00:00,94037.18739173563,5642.981799582572,5.661087702160579
20,2024-11-18 00:25:00+00:00,93562.85291649414,6117.3162748240575,6.136944112808402
21,2024-11-20 00:49:00+00:00,93241.17579403221,6438.993397285987,6.459653358861675
22,2024-11-20 01:00:00+00:00,93010.03038830568,6670.138803012524,6.691540410821724
23,2024-11-22 00:24:00+00:00,92950.49782772097,6729.671363597226,6.751263985799251
24,2024-11-25 00:27:00+00:00,92834.31057688016,6845.858614438039,6.867824031577074
25,2024-11-25 00:41:00+00:00,92774.89054154807,6905.278649770131,6.927434720256833
26,2024-11-27 00:18:00+00:00,92901.03623266875,6779.132958649454,6.800884281845594
27,2024-11-27 00:45:00+00:00,93028.35733956227,6651.811851755934,6.673154656257631
28,2024-11-27 00:45:00+00:00,92786.71205244356,6893.457138874641,6.915575279215153
29,2024-11-29 00:24:00+00:00,92600.55891456777,7079.610276750434,7.102325702479891
30,2024-11-29 00:47:00+00:00,92474.59389538466,7205.575295933537,7.228694889254982
31,2024-12-06 00:58:00+00:00,92448.69980188823,7231.469389429971,7.254672065765121
32,2024-12-09 00:42:00+00:00,92174.91651175698,7505.252679561221,7.529333808770162
33,2024-12-12 00:05:00+00:00,91654.53138251655,8025.63780880165,8.05138863016763
34,2024-12-12 00:29:00+00:00,91609.0532451233,8071.115946194899,8.097012687351924
35,2024-12-13 00:14:00+00:00,91334.36128896302,8345.807902355184,8.372586011904637
36,2024-12-13 00:45:00+00:00,91102.22767137393,8577.941519944274,8.605464446474258
37,2024-12-13 01:16:00+00:00,91084.007847003,8596.161344315202,8.62374273042857
38,2024-12-19 01:57:00+00:00,90799.68289065557,8880.486300662626,8.908979963324626
39,2024-12-19 05:07:00+00:00,90545.55868560387,9134.610505714329,9.163919543697888
40,2024-12-19 05:15:00+00:00,90642.3715396568,9037.7976516614,9.066796058817847
41,2024-12-20 00:31:00+00:00,90937.6099805317,8742.559210786494,8.770610324714358
42,2024-12-20 00:58:00+00:00,90839.414305493,8840.754885825198,8.869121067458217
43,2024-12-24 00:55:00+00:00,90730.42790488283,8949.741286435368,8.97845715857278
44,2024-12-24 01:12:00+00:00,90766.72233371402,8913.446857604184,8.942046276523088
45,2024-12-26 00:53:00+00:00,91012.72512424184,8667.444067076358,8.695254168801373
46,2024-12-30 00:15:00+00:00,91107.3938480262,8572.775343292,8.600281693782136
47,2024-12-30 00:53:00+00:00,91126.26680613682,8553.902385181384,8.581348180462758
48,2024-12-31 00:55:00+00:00,90863.70267216551,8816.466519152687,8.84475476985905
49,2025-01-02 00:31:00+00:00,91223.74906480157,8456.420126516634,8.483553143139288
50,2025-01-02 00:31:00+00:00,91598.3519405355,8081.817250782697,8.107748327825465
51,2025-01-03 00:47:00+00:00,91405.5461535227,8274.623037795507,8.30117274571821
52,2025-01-06 00:30:00+00:00,91105.89210844491,8574.27708287329,8.60178825180012
53,2025-01-06 00:55:00+00:00,91577.25554266498,8102.9136486532225,8.128912414967047
54,2025-01-06 00:59:00+00:00,91504.00313149732,8176.166059820884,8.20239986162965
55,2025-01-07 00:17:00+00:00,91116.28708633382,8563.882104984383,8.59135992089615
56,2025-01-07 00:45:00+00:00,90930.47002311017,8749.699168208026,8.777773191189663
57,2025-01-07 00:52:00+00:00,90378.14425734435,9302.024933973851,9.331871132883295
58,2025-01-09 00:21:00+00:00,90269.67000798295,9410.499183335254,9.440693429475916
59,2025-01-10 00:14:00+00:00,90264.52830605034,9415.640885267858,9.445851628919515
60,2025-01-13 00:55:00+00:00,90266.0002050125,9414.168986305696,9.444375007266379
61,2025-01-13 01:43:00+00:00,90031.2117933061,9648.957398012106,9.679916754046298
62,2025-01-13 06:00:00+00:00,90121.22869550202,9558.940495816176,9.589611026311065
63,2025-01-13 06:00:00+00:00,90005.96537707976,9674.20381423844,9.705244175168424
64,2025-01-15 05:00:00+00:00,89793.47185583493,9886.697335483273,9.91841949676824
65,2025-01-15 05:37:00+00:00,89606.63997402487,10073.529217293326,10.105850841764719
66,2025-01-21 00:14:00+00:00,89391.5008987849,10288.6682925333,10.321680205805077
67,2025-01-21 00:27:00+00:00,89291.36443960524,10388.80475171296,10.422137959831822
68,2025-01-21 00:43:00+00:00,89198.4859750337,10481.683216284495,10.515314431466088
69,2025-01-23 01:55:00+00:00,88966.6665794759,10713.502611842297,10.74787763580101
70,2025-01-23 04:58:00+00:00,88724.78237862793,10955.386812690267,10.99053793905924
71,2025-01-23 05:28:00+00:00,88497.74004889751,11182.42914242069,11.218308750016288
72,2025-01-24 00:10:00+00:00,88333.57704208285,11346.592149235352,11.382998485343263
73,2025-01-24 04:52:00+00:00,88075.07180538405,11605.097385934147,11.642333154210688
74,2025-01-24 04:53:00+00:00,88086.11452891228,11594.05466240592,11.631254999330121
75,2025-01-30 00:22:00+00:00,87694.7324633651,11985.4367279531,12.023892841663626
76,2025-01-30 00:40:00+00:00,87361.28866946911,12318.880521849089,12.358406513340892
77,2025-02-03 00:07:00+00:00,86949.2567283107,12730.912463007495,12.771760487858716
78,2025-02-03 00:28:00+00:00,86494.88218467915,13185.287006639046,13.227592924057193
79,2025-02-03 00:47:00+00:00,86391.10833091155,13289.060860406651,13.331699743507338
80,2025-02-05 00:04:00+00:00,86418.7520350188,13261.417156299402,13.303967342638124
81,2025-02-07 00:02:00+00:00,86128.22411059524,13551.945080722959,13.595427446268104
82,2025-02-07 00:33:00+00:00,85780.03380882542,13900.13538249278,13.944734941023187
83,2025-02-07 00:45:00+00:00,85505.39246029047,14174.776731027727,14.220257495572449
84,2025-02-12 00:29:00+00:00,85238.75169920758,14441.417492110617,14.487753792224115
85,2025-02-12 00:31:00+00:00,84999.44622355247,14680.72296776573,14.727827096268985
86,2025-02-12 00:53:00+00:00,84507.64286868,15172.526322638194,15.221208436672345
87,2025-02-14 00:35:00+00:00,84541.44370936824,15138.725481949965,15.187299143617922
88,2025-02-17 00:24:00+00:00,84568.49553510742,15111.673656210784,15.160160520199998
89,2025-02-17 00:49:00+00:00,84244.82310224064,15435.34608907756,15.484871478751389
90,2025-02-20 00:22:00+00:00,84120.09134102202,15560.077850296177,15.610003450567383
91,2025-02-20 00:54:00+00:00,83850.76482554933,15829.404365768874,15.88019411904004
92,2025-02-24 00:29:00+00:00,83636.01475843517,16044.154432883035,16.09563322679475
93,2025-02-25 00:30:00+00:00,83432.02614901883,16248.143042299373,16.30027634796042
94,2025-02-25 00:39:00+00:00,83231.86961801226,16448.299573305936,16.50107509522418
95,2025-02-25 00:50:00+00:00,83058.80732904412,16621.361862274076,16.67469266667511
96,2025-02-26 00:25:00+00:00,82832.78411857651,16847.385072741687,16.901441088453765
97,2025-03-06 00:20:00+00:00,82593.0284795964,17087.140711721804,17.141966000204217
98,2025-03-07 00:29:00+00:00,82166.47690188944,17513.692289428756,17.569886198542026
99,2025-03-10 00:54:00+00:00,82017.08533300621,17663.08385831199,17.71975710074375
100,2025-03-11 01:00:00+00:00,82334.94124620948,17345.227945108723,17.400881324566846
101,2025-03-12 00:05:00+00:00,82137.41757689102,17542.75161442718,17.599038762421255
102,2025-03-12 00:23:00+00:00,82035.58850932945,17644.58068198875,17.701194555682527
103,2025-03-12 00:40:00+00:00,82025.7444471649,17654.424744153293,17.711070203210422
104,2025-03-12 06:00:00+00:00,81706.34857668342,17973.82061463478,18.031490877726398
105,2025-03-12 06:00:00+00:00,81397.37485052568,18282.79434079252,18.341455967738153
106,2025-03-13 00:06:00+00:00,81034.94689191472,18645.222299403482,18.70504680185416
107,2025-03-14 00:51:00+00:00,80869.69278736155,18810.47640395665,18.870831135783202
108,2025-03-17 00:45:00+00:00,80595.53666184838,19084.632529469818,19.145866910438613
109,2025-03-17 00:55:00+00:00,80816.36040314566,18863.808788172537,18.92433464069151
110,2025-03-19 06:00:00+00:00,80428.75294535108,19251.41624596712,19.31318576417891
111,2025-03-20 00:25:00+00:00,80415.8840012098,19264.285190108407,19.326095999229363
112,2025-03-20 00:34:00+00:00,80271.09162578777,19409.07756553043,19.471352951135334
113,2025-03-20 00:51:00+00:00,79917.63722615427,19762.53196516393,19.82594143398101
114,2025-03-21 00:07:00+00:00,79911.88309356716,19768.286097751043,19.831714029105793
115,2025-03-21 00:37:00+00:00,79793.64305569284,19886.52613562536,19.950333448428186
116,2025-03-24 01:04:00+00:00,79339.71659177991,20340.452599538286,20.405716367212857
117,2025-03-25 00:27:00+00:00,79120.83933278362,20559.329858534576,20.625295909234094
118,2025-03-25 00:51:00+00:00,78962.65022597194,20717.51896534626,20.783992576881264
119,2025-03-25 02:00:00+00:00,78997.6115257575,20682.5576655607,20.74891910131517
120,2025-03-26 01:14:00+00:00,78896.5161513051,20783.6530400131,20.850338847361513
121,2025-03-27 00:06:00+00:00,78915.45203391596,20764.717157402236,20.83134220764422
122,2025-03-27 00:23:00+00:00,78767.1375522197,20913.031639098495,20.980132566749244
123,2025-03-28 00:54:00+00:00,79009.48780294917,20670.681388369034,20.737004718255815
124,2025-03-31 00:27:00+00:00,79029.60056852137,20650.568622796825,20.716827419465716
125,2025-04-03 00:02:00+00:00,78475.73832590265,21204.430865415547,21.272466767905907
126,2025-04-03 00:13:00+00:00,78610.67731174655,21069.49187957165,21.137094820869077
127,2025-04-07 00:21:00+00:00,78589.37878087754,21090.790410440663,21.158461689567034
128,2025-04-09 00:02:00+00:00,78183.4986589815,21496.670532336706,21.565644106279258
129,2025-04-09 00:49:00+00:00,77820.43776185474,21859.731429463456,21.92986990973864
130,2025-04-09 00:59:00+00:00,77699.00538260594,21981.163808712256,22.05169191328654
131,2025-04-10 00:39:00+00:00,77207.41933495377,22472.749856364433,22.54485524922417
132,2025-04-11 00:32:00+00:00,76434.25641778292,23245.91277353528,23.320498913799916
133,2025-04-11 00:46:00+00:00,76577.19367005778,23102.97552126042,23.17710303733374
134,2025-04-11 00:58:00+00:00,76374.93706091448,23305.232130403718,23.380008600982112
135,2025-04-14 00:32:00+00:00,75816.4767360301,23863.692455288096,23.940260784957157
136,2025-04-14 00:43:00+00:00,75257.8097155409,24422.359475777295,24.500720327734353
137,2025-04-16 00:29:00+00:00,75239.74710092934,24440.422090388864,24.518840897510778
138,2025-04-16 00:53:00+00:00,75080.17987486253,24599.98931645567,24.678920106205283
139,2025-04-16 01:04:00+00:00,75140.23559335807,24539.93359796013,24.618671694728096
140,2025-04-17 00:11:00+00:00,75176.91522809541,24503.253963222785,24.5818743708121
141,2025-04-21 00:07:00+00:00,74611.16036967548,25069.008821642725,25.14944449334477
142,2025-04-21 00:28:00+00:00,74526.27312822767,25153.896063090535,25.234604101455872
143,2025-04-21 00:28:00+00:00,73960.26209101235,25719.90710030585,25.802431224751537
144,2025-04-23 00:49:00+00:00,73658.28837850188,26021.880812816322,26.105373841081658
145,2025-04-25 00:51:00+00:00,73737.85420228654,25942.314989031656,26.025552724775213
146,2025-04-28 00:02:00+00:00,74367.2872961036,25312.881895214596,25.394100050764422
147,2025-04-28 00:22:00+00:00,74267.22572295052,25412.94346836768,25.49448267848753
148,2025-04-28 00:40:00+00:00,74193.60397280673,25486.565218511474,25.568340649176253
149,2025-05-01 00:50:00+00:00,73873.3523259816,25806.8168653366,25.889619845854238
150,2025-05-01 04:55:00+00:00,73539.7456204868,26140.423570831394,26.22429695184359
151,2025-05-01 05:18:00+00:00,73639.41801631285,26040.751175005353,26.124304750150255
152,2025-05-02 00:43:00+00:00,73533.40343018055,26146.76576113765,26.230659491511922
153,2025-05-02 00:52:00+00:00,73315.85512621682,26364.314065101382,26.44890581445524
154,2025-05-05 01:50:00+00:00,73807.8753891358,25872.293802182394,25.95530687004069
155,2025-05-05 01:50:00+00:00,73794.01566341972,25886.15352789848,25.969211065658058
156,2025-05-05 05:35:00+00:00,73710.70778527118,25969.46140604702,26.052786242972058
157,2025-05-08 00:11:00+00:00,73772.63374002659,25907.53545129161,25.99066159445089
158,2025-05-12 00:31:00+00:00,73237.14327152137,26443.025919796826,26.527870221652794
159,2025-05-14 00:02:00+00:00,72631.73080892749,27048.438382390712,27.135225192561705
160,2025-05-16 00:14:00+00:00,72314.81960880074,27365.34958251746,27.453153224483984
161,2025-05-16 00:49:00+00:00,71918.16025662252,27762.00893469568,27.85108528599253
162,2025-05-19 00:46:00+00:00,71766.53859402193,27913.630597296273,28.003193437323592
163,2025-05-20 00:32:00+00:00,71556.14659759733,28124.022593720874,28.214260491213512
164,2025-05-20 00:52:00+00:00,71441.68842478494,28238.480766533263,28.329085911094882
165,2025-05-20 01:00:00+00:00,71367.40248040165,28312.76671091655,28.403610207136857
166,2025-05-21 00:18:00+00:00,71184.62128500566,28495.54790631254,28.586977868808034
167,2025-05-21 00:35:00+00:00,71047.90137767846,28632.267813639744,28.724136451539568
168,2025-05-21 00:44:00+00:00,71064.9521543774,28615.217036940798,28.70703096622862
169,2025-05-22 00:38:00+00:00,71131.24209773979,28548.927093578415,28.640528326937197
170,2025-05-22 00:51:00+00:00,71023.09408078209,28657.075110536112,28.749023344386583
171,2025-05-26 00:51:00+00:00,71023.094080782,28657.0751105362,28.74902334438667
172,2025-05-27 00:22:00+00:00,70863.94003737977,28816.22915393843,28.90868804469107
173,2025-05-27 00:40:00+00:00,70759.03428962319,28921.13490169501,29.013930389891375
174,2025-05-27 01:00:00+00:00,70484.73619647432,29195.432994843883,29.2891085876956
175,2025-05-28 00:23:00+00:00,69667.12781298954,30013.041378328664,30.1093403249788
176,2025-05-28 00:44:00+00:00,69516.59055868714,30163.578632631063,30.260360588611647
177,2025-05-29 00:06:00+00:00,69640.05581693511,30040.113374383087,30.136499183429834
178,2025-05-29 00:21:00+00:00,70115.99579057045,29564.17340074775,29.659032123034045
179,2025-05-29 00:41:00+00:00,69828.2496648663,29851.919526451908,29.94770150234848
180,2025-05-30 00:08:00+00:00,69719.28810205536,29960.88108926284,30.057012675969986
181,2025-05-30 00:34:00+00:00,69981.26116541964,29698.908025898563,29.794199053672187
182,2025-06-02 00:41:00+00:00,70266.66717286801,29413.502018450192,29.507877301046964
183,2025-06-02 00:41:00+00:00,70385.00624912708,29295.16294219112,29.38915852556822
184,2025-06-09 00:34:00+00:00,70433.44124736557,29246.727943952632,29.340568120243443
185,2025-06-10 00:54:00+00:00,70655.37016515601,29024.79902616219,29.11792712796694
186,2025-06-12 01:04:00+00:00,70590.35691699597,29089.812274322234,29.18314897569
187,2025-06-13 00:11:00+00:00,70708.91370799996,28971.255483318237,29.06421178691331
188,2025-06-13 00:28:00+00:00,70621.2157117499,29058.9534795683,29.152191168330432
189,2025-06-13 00:41:00+00:00,70696.47626903813,28983.692922280068,29.0766891322697
190,2025-06-17 00:28:00+00:00,70526.87501029107,29153.29418102713,29.246834568541523
191,2025-06-17 00:54:00+00:00,70411.24366476321,29268.925526554987,29.36283692534524
192,2025-06-17 01:06:00+00:00,70445.04378890962,29235.12540240858,29.32892835113171
193,2025-06-17 04:47:00+00:00,70437.96410614581,29242.20508517239,29.33603074955383
194,2025-06-18 01:01:00+00:00,69864.3470469006,29815.8221444176,29.91148829933412
195,2025-06-19 00:36:00+00:00,69786.08401981075,29894.085171507453,29.990002438831258
196,2025-06-19 02:02:00+00:00,69860.24749327726,29819.92169804094,29.915601006662566
197,2025-06-20 05:47:00+00:00,69974.42057582311,29705.74861549509,29.801061591779842
198,2025-06-23 00:09:00+00:00,70090.6638661918,29589.505325126403,29.68444532666739
199,2025-06-26 00:44:00+00:00,69804.49265829936,29875.676533018835,29.97153473493593
200,2025-06-26 00:59:00+00:00,69586.58554299176,30093.583648326443,30.190141020494465
201,2025-06-30 00:32:00+00:00,69437.50354550898,30242.66564580922,30.3397013580142
202,2025-06-30 00:39:00+00:00,69081.68428881063,30598.484902507567,30.696662285734355
203,2025-06-30 00:51:00+00:00,68655.29299919044,31024.876192127762,31.124421681689846
204,2025-07-01 00:25:00+00:00,68688.24476365058,30991.924427667618,31.09136418918409
205,2025-07-01 00:25:00+00:00,68489.80237484281,31190.36681647539,31.29044329430368
206,2025-07-01 00:47:00+00:00,68462.4045577139,31217.764633604296,31.317929019248954
207,2025-07-02 00:16:00+00:00,68407.64228809573,31272.526903222475,31.372866997447073
208,2025-07-03 05:56:00+00:00,68508.9114563032,31171.257735014995,31.27127290001621
209,2025-07-04 00:03:00+00:00,68051.17581404698,31628.993377271225,31.73047721915986
210,2025-07-07 00:19:00+00:00,67786.58651385774,31893.582677460465,31.995915472661824
211,2025-07-07 00:39:00+00:00,67494.27145200613,32185.897739312073,32.28916844787555
212,2025-07-09 00:06:00+00:00,67532.07177617284,32148.097415145356,32.251246838719595
213,2025-07-09 00:27:00+00:00,67361.9641847262,32318.205006592005,32.42190023229496
214,2025-07-10 00:22:00+00:00,67151.68270476723,32528.486486550973,32.63285641511942
215,2025-07-10 00:38:00+00:00,67038.83561076295,32641.33358055525,32.74606558693341
216,2025-07-10 00:51:00+00:00,66851.03719645327,32829.13199486493,32.93446656561678
217,2025-07-11 00:08:00+00:00,66709.40370512448,32970.76548619372,33.07655449792852
218,2025-07-11 00:19:00+00:00,66554.6992568839,33125.469934434295,33.23175532623334
219,2025-07-11 00:47:00+00:00,66405.6737936996,33274.49539761859,33.381258948060335
220,2025-07-14 00:23:00+00:00,65861.71513455761,33818.45405676059,33.92696293668215
221,2025-07-14 00:23:00+00:00,65197.09111055117,34483.07808076703,34.59371945344811
222,2025-07-14 00:42:00+00:00,64843.455464077866,34836.713727240334,34.94848976467678
223,2025-07-15 00:45:00+00:00,64731.892274658654,34948.276916659546,35.06041091240786
224,2025-07-16 00:39:00+00:00,64294.79664943106,35385.37254188714,35.498908989581736
225,2025-07-17 00:07:00+00:00,63937.65333324426,35742.51585807394,35.857198225128
226,2025-07-22 00:37:00+00:00,63978.70768942645,35701.461501891754,35.816012143166816
227,2025-07-23 00:58:00+00:00,63753.36774054652,35926.80145077168,36.0420751110651
228,2025-07-25 00:46:00+00:00,63880.917658312916,35799.251533005285,35.91411594044854
229,2025-07-25 00:46:00+00:00,63832.47141590753,35847.69777541067,35.96271762601791
230,2025-07-30 00:19:00+00:00,63668.990107181286,36011.179084136915,36.126723475980384
231,2025-07-30 00:48:00+00:00,63452.39141355931,36227.77777775889,36.344017141690614
232,2025-07-30 00:54:00+00:00,63267.019199246104,36413.149992072096,36.52998413574478
233,2025-08-01 00:15:00+00:00,63294.858691913236,36385.310499404965,36.502055318114365
234,2025-08-04 00:33:00+00:00,63030.69547968828,36649.47371162992,36.767066116518954
235,2025-08-04 00:43:00+00:00,62651.29682655342,37028.87236476478,37.14768209682159
236,2025-08-04 00:52:00+00:00,62109.56667588464,37570.60251543356,37.69115042664457
237,2025-08-05 00:12:00+00:00,61933.09028156146,37747.07890975674,37.86819305784684
238,2025-08-07 00:43:00+00:00,61796.90331806044,37883.26587325776,38.00481698676457
239,2025-08-08 00:27:00+00:00,61636.30255682881,38043.86663448939,38.16593304679391
240,2025-08-11 02:00:00+00:00,61512.988193685145,38167.180997633055,38.28964307271389
241,2025-08-11 06:00:00+00:00,61641.5693068299,38038.5998844883,38.16064939805633
242,2025-08-11 06:00:00+00:00,61912.7373632328,37767.4318280854,37.888611279940335
243,2025-08-12 00:32:00+00:00,61800.38269412153,37879.78649719667,38.00132644688154
244,2025-08-12 00:47:00+00:00,61578.0363536443,38102.132837673904,38.224386201174774
245,2025-08-12 00:54:00+00:00,61280.82985856268,38399.33933275552,38.52254630412482
246,2025-08-14 00:43:00+00:00,61047.812041342484,38632.357149975716,38.756311775342034
247,2025-08-14 00:54:00+00:00,60835.24003992396,38844.92915139424,38.96956582892467
248,2025-08-18 00:03:00+00:00,60292.30766215153,39387.86152916667,39.51424024328123
249,2025-08-18 00:40:00+00:00,60353.37304961132,39326.79614170688,39.45297892324616
250,2025-08-19 00:04:00+00:00,60271.311414850294,39408.85777646791,39.5353038585134
251,2025-08-19 05:56:00+00:00,60288.759667602106,39391.409523716095,39.51779962181982
252,2025-08-19 06:00:00+00:00,60342.22221914827,39337.94697216993,39.46416553193022
253,2025-08-22 00:16:00+00:00,60392.91672556107,39287.252465757134,39.41330836864081
254,2025-08-22 00:55:00+00:00,60298.72856173768,39381.440629580524,39.50779874178876
255,2025-08-25 00:19:00+00:00,59756.18648081744,39923.98271050076,40.052081606998314
256,2025-08-25 00:28:00+00:00,59213.695906591085,40466.473284727115,40.59631280025115
257,2025-08-25 00:58:00+00:00,59423.9865825737,40256.1826087445,40.38534739189696
258,2025-08-26 00:03:00+00:00,60016.05621506032,39664.11297625788,39.79137806250081
259,2025-08-26 00:14:00+00:00,59414.87754658206,40265.29164473614,40.39448565486896
260,2025-08-26 00:22:00+00:00,59260.33087882869,40419.83831248951,40.54952819643683
261,2025-08-27 04:49:00+00:00,58988.807683997504,40691.3615073207,40.821922592467644
262,2025-08-27 05:03:00+00:00,58837.16688708993,40843.00230422827,40.97404993949946
263,2025-08-28 00:41:00+00:00,58532.97081277214,41147.19837854606,41.279222048240506
264,2025-09-01 00:41:00+00:00,58254.500632853065,41425.668558465135,41.55858571924772
265,2025-09-01 00:41:00+00:00,58003.198275365234,41676.97091595297,41.81069439796145
266,2025-09-01 02:00:00+00:00,57877.38641703505,41802.78277428315,41.93690993245628
267,2025-09-01 06:00:00+00:00,57989.231280766704,41690.937910551496,41.82470620664098
268,2025-09-02 00:44:00+00:00,57894.5250830617,41785.6441082565,41.919716275818566
269,2025-09-02 01:00:00+00:00,57785.7182360338,41894.4509552844,42.02887223724061
270,2025-09-05 00:31:00+00:00,57710.806834454226,41969.362356863974,42.10402399730213
271,2025-09-08 00:12:00+00:00,57239.5088798872,42440.660311431,42.5768341443861
272,2025-09-08 00:38:00+00:00,57226.036330206916,42454.132861111284,42.59034992168622
273,2025-09-15 00:11:00+00:00,57116.25256240286,42563.91662891534,42.7004859384032
274,2025-09-15 00:35:00+00:00,57085.988365292214,42594.180826025986,42.730847240311256
275,2025-09-15 02:00:00+00:00,57003.93983535222,42676.22935596598,42.81315902870973
276,2025-09-15 06:00:00+00:00,56872.4749131409,42807.6942781773,42.945045765337355
277,2025-09-16 01:20:00+00:00,56802.430774174754,42877.738417143446,43.015314645832234
278,2025-09-17 00:42:00+00:00,57070.32164228484,42609.84754903336,42.74656423109736
279,2025-09-17 00:42:00+00:00,57317.795790225515,42362.373401092686,42.498296045009425
280,2025-09-18 00:19:00+00:00,57116.15840023403,42564.01079108417,42.70058040269794
281,2025-09-18 05:12:00+00:00,57371.628446263334,42308.54074505487,42.44429066312198
282,2025-09-18 05:38:00+00:00,57594.94683676802,42085.222354550184,42.22025573991066
283,2025-09-19 00:54:00+00:00,57622.594629902145,42057.574561416055,42.19251923689464
284,2025-09-19 06:00:00+00:00,57517.11125727021,42163.05793404799,42.2983410603202
285,2025-09-22 00:41:00+00:00,57038.00953925176,42642.15965206644,42.778980009777534
286,2025-09-22 00:42:00+00:00,56498.19118812683,43181.97800319137,43.32053040591385
287,2025-09-22 06:00:00+00:00,56308.139759555386,43372.029431762814,43.51119162781313
288,2025-09-22 06:00:00+00:00,56125.24404695625,43554.92514436195,43.694674174123925
289,2025-09-23 01:41:00+00:00,55990.48871598916,43689.68047532904,43.829861877014416
290,2025-09-23 01:41:00+00:00,55918.63286208608,43761.53632923212,43.90194828546058
291,2025-09-23 02:00:00+00:00,55856.492956937014,43823.676234381186,43.96428757085023
292,2025-09-24 00:50:00+00:00,55726.9568246662,43953.212366652,44.094239328879645
293,2025-09-24 01:20:00+00:00,55680.896259608744,43999.272931709456,44.14044768248813
294,2025-09-25 00:18:00+00:00,55224.80316777634,44455.36602354186,44.598004180969795
295,2025-09-26 01:06:00+00:00,55605.1856621655,44074.9835291527,44.21640120268925
296,2025-09-29 00:43:00+00:00,55068.94950376126,44611.21968755694,44.75435791238848
297,2025-09-29 00:53:00+00:00,54532.61268423851,45147.55650707969,45.29241560618446
298,2025-10-01 00:30:00+00:00,54455.41547625334,45224.75371506486,45.36986050682163
299,2025-10-01 02:00:00+00:00,54455.4154762533,45224.7537150649,45.369860506821674
300,2025-10-01 02:00:00+00:00,54449.762839267896,45230.406352050304,45.375531280688996
301,2025-10-03 00:21:00+00:00,54275.61868901064,45404.55050230756,45.5502341846568
302,2025-10-03 00:55:00+00:00,54297.33039949937,45382.83879181883,45.52845281062336
303,2025-10-06 00:02:00+00:00,53754.80007176192,45925.36911955628,46.072723884939215
304,2025-10-06 00:12:00+00:00,53217.75149258096,46462.41769873724,46.61149562212416
305,2025-10-06 00:31:00+00:00,52685.85874894388,46994.31044237432,47.145094980905554
306,2025-10-07 00:33:00+00:00,52515.248686384904,47164.920504933296,47.316252457807025
307,2025-10-07 01:00:00+00:00,52592.99032846942,47087.17886284878,47.238261376215554
308,2025-10-07 01:00:00+00:00,52574.085999361465,47106.083191956735,47.257226361188316
309,2025-10-08 00:30:00+00:00,52426.946227260705,47253.222964057495,47.40483824155978
310,2025-10-08 00:50:00+00:00,52397.589899684666,47282.579291633534,47.434288760970205
311,2025-10-08 00:54:00+00:00,52265.60300253048,47414.56618878772,47.56669914733388
312,2025-10-10 02:00:00+00:00,52077.72732134489,47602.44186997331,47.755177640809336
313,2025-10-14 00:29:00+00:00,51919.49029984511,47760.67889147309,47.91392237688225
314,2025-10-14 00:29:00+00:00,51802.879178538424,47877.29001277978,48.030907653144034
315,2025-10-14 01:17:00+00:00,52010.22642791187,47669.94276340633,47.82289511558957
316,2025-10-14 04:48:00+00:00,51933.232677253334,47746.936514064866,47.900135906093006
317,2025-10-14 04:48:00+00:00,51829.17817825426,47850.99101306394,48.00452427124451
318,2025-10-15 00:52:00+00:00,51715.11292141674,47965.05626990146,48.11895551445257
319,2025-10-16 00:46:00+00:00,51653.042506177975,48027.126685140225,48.181225086968674
320,2025-10-16 00:54:00+00:00,51529.026064838166,48151.143126480034,48.3056394437519
321,2025-10-17 00:12:00+00:00,51543.45351265836,48136.71567865984,48.291165704454265
322,2025-10-17 02:00:00+00:00,51511.7836565174,48168.3855348008,48.322937175548155
323,2025-10-17 05:26:00+00:00,51530.15163672424,48150.017554593964,48.30451026038955
324,2025-10-21 00:20:00+00:00,51482.736703263356,48197.432488054845,48.352077327987395
325,2025-10-22 00:14:00+00:00,51032.20609387262,48647.96309744558,48.80405349641265
326,2025-10-22 00:35:00+00:00,50905.594779739164,48774.57441157904,48.93107105182074
327,2025-10-23 00:50:00+00:00,50871.18340762288,48808.98578369532,48.965592835236095
328,2025-10-23 00:50:00+00:00,50849.115971078616,48831.053220239584,48.98773107669705
329,2025-10-23 01:01:00+00:00,50790.14226180061,48890.02692951759,49.046894007254295
330,2025-10-24 01:03:00+00:00,50672.898313375634,49007.27087794257,49.16451414110454
331,2025-10-24 01:22:00+00:00,50529.054459272316,49151.114732045884,49.30881952829468
332,2025-10-24 01:58:00+00:00,50442.14764557944,49238.02154573876,49.39600518858993
333,2025-10-24 05:06:00+00:00,50341.01762864654,49339.15156267166,49.49745968826959
334,2025-10-24 05:25:00+00:00,50307.79976984622,49372.36942147198,49.53078412889787
335,2025-10-27 00:44:00+00:00,50195.10982110941,49485.05937020879,49.64383565123279
336,2025-10-27 00:54:00+00:00,50144.2438347148,49535.9253566034,49.694864844709564
337,2025-10-28 00:12:00+00:00,49959.602316377815,49720.566874940385,49.88009879829826
338,2025-10-28 00:48:00+00:00,49787.644641989704,49892.5245493285,50.052608210935865
339,2025-10-28 01:01:00+00:00,49666.1143313076,50014.0548600106,50.17452846013693
340,2025-10-29 00:21:00+00:00,49932.08897782147,49748.08021349673,49.90770041532957
341,2025-10-29 00:21:00+00:00,49894.338098224165,49785.831093094035,49.94557242126974
342,2025-10-29 00:32:00+00:00,49750.57433176958,49929.59485954862,50.08979746384431
343,2025-10-30 04:49:00+00:00,49501.5181198076,50178.6510715106,50.33965279011684
344,2025-10-30 05:40:00+00:00,49372.869223830145,50307.299967488056,50.468714465093065
345,2025-11-03 05:48:00+00:00,49503.883674978235,50176.285516339965,50.33727964489666
346,2025-11-04 00:43:00+00:00,49535.5694107412,50144.599780577,50.305492243229885
347,2025-11-04 00:43:00+00:00,49476.17634715738,50203.99284416082,50.365075873620626
348,2025-11-04 00:55:00+00:00,49345.61517324005,50334.55401807815,50.49605596221451
349,2025-11-05 00:40:00+00:00,49187.6270862257,50492.5421050925,50.65455096507825
350,2025-11-05 00:53:00+00:00,49061.65459994992,50618.51459136828,50.78092764290471
351,2025-11-06 00:30:00+00:00,48869.21097450621,50810.95821681199,50.97398873720756
352,2025-11-11 00:54:00+00:00,48748.06424182137,50932.10494949683,51.09552417767449
353,2025-11-11 02:00:00+00:00,48654.75123790669,51025.41795341151,51.18913658290184
354,2025-11-11 02:00:00+00:00,48564.249125029804,51115.920066288396,51.2799290781505
355,2025-11-11 06:00:00+00:00,48236.27360232405,51443.89558899415,51.60895693330618
356,2025-11-12 00:54:00+00:00,48172.61539014722,51507.55380117098,51.6728193973181
357,2025-11-13 00:30:00+00:00,48164.90798422296,51515.26120709524,51.68055153299442
358,2025-11-14 02:00:00+00:00,48130.705538175134,51549.463653143066,51.71486371998739
359,2025-11-14 02:00:00+00:00,48058.24505996631,51621.92413135189,51.78755669271875
360,2025-11-18 00:51:00+00:00,48144.77469298312,51535.39449833508,51.700749423310214
361,2025-11-19 00:46:00+00:00,47956.31035245532,51723.85883886288,51.88981846488263
362,2025-11-20 00:10:00+00:00,47347.76873970577,52332.40045161243,52.50031262604479
363,2025-11-24 06:00:00+00:00,47375.93032296881,52304.23886834939,52.472060684368216
364,2025-11-24 06:00:00+00:00,47351.62915046513,52328.54004085307,52.496439828886956
365,2025-11-27 00:24:00+00:00,47249.31434419201,52430.85484712619,52.599082919386476
366,2025-12-01 00:16:00+00:00,47152.89435112288,52527.27484019532,52.69581228276073
367,2025-12-01 00:57:00+00:00,47304.2156930436,52375.9534982746,52.54400541570947
368,2025-12-01 00:57:00+00:00,47280.673265435915,52399.495925882286,52.56762338084605
369,2025-12-02 00:06:00+00:00,47193.70275019201,52486.46644112619,52.65487294708322
370,2025-12-03 00:24:00+00:00,47044.495188235545,52635.674003082655,52.80455925195906
371,2025-12-04 00:22:00+00:00,47123.50841585104,52556.66077546716,52.72529250486531
372,2025-12-08 00:27:00+00:00,46951.07556647337,52729.09362484483,52.89827861712473
373,2025-12-08 00:57:00+00:00,46811.649104410586,52868.520086907614,53.038152438762395
374,2025-12-09 00:13:00+00:00,46517.64595862367,53162.52323269453,53.33309891424703
375,2025-12-10 00:52:00+00:00,46594.64187845519,53085.52731286301,53.25585594761066
376,2025-12-11 00:18:00+00:00,46533.12394648098,53147.04524483722,53.317571264180955
377,2025-12-11 00:54:00+00:00,46739.58376117325,52940.58543014495,53.110449008704016
378,2025-12-12 00:55:00+00:00,46672.294402422864,53007.87478889534,53.17795427007776
379,2025-12-15 05:06:00+00:00,46592.11668249599,53088.05250882221,53.258389245838075
380,2025-12-15 05:27:00+00:00,46397.3813925484,53282.7877987698,53.45374935761099
381,2025-12-16 00:20:00+00:00,46496.573796817334,53183.595394500866,53.354238687561306
382,2025-12-16 00:48:00+00:00,46604.4052782271,53075.7639130911,53.24606122128635
383,2025-12-16 00:48:00+00:00,46615.564014531206,53064.605176786994,53.23486668139478
384,2025-12-19 01:04:00+00:00,46509.31970904339,53170.84948227481,53.341451879182614
385,2025-12-19 02:00:00+00:00,46598.10652389178,53082.06266742642,53.25238018561639
386,2025-12-19 05:01:00+00:00,46648.08825653457,53032.08093478363,53.20223808308157
387,2025-12-19 05:50:00+00:00,46691.950583738275,52988.218607579925,53.158235020527044
388,2025-12-22 01:45:00+00:00,46602.27499462823,53077.89419668997,53.24819834004945
389,2025-12-23 00:31:00+00:00,46531.42236828691,53148.74682303129,53.3192783020079
390,2025-12-23 00:55:00+00:00,46408.52793710251,53271.64125421569,53.4425670485875
391,2025-12-26 00:32:00+00:00,46375.117702686446,53305.051488631754,53.476084482082165
392,2025-12-26 00:33:00+00:00,46217.41500084872,53462.75419046948,53.63429318409093
393,2025-12-29 00:25:00+00:00,46287.64823001802,53392.52096130018,53.56383460668371
394,2025-12-31 04:20:00+00:00,46143.30319629632,53536.86599502188,53.70864278156217
395,2025-12-31 04:50:00+00:00,46012.316044480795,53667.853146837406,53.8400502148342
396,2026-01-02 05:57:00+00:00,46071.36923556335,53608.799955754854,53.78080754744946
397,2026-01-05 00:07:00+00:00,45774.80511031106,53905.36408100714,54.07832321948156
398,2026-01-05 00:31:00+00:00,45712.86623351186,53967.30295780634,54.14046083150781
399,2026-01-05 00:53:00+00:00,45533.56352159566,54146.60566972254,54.320338848741166
400,2026-01-07 00:25:00+00:00,45533.563521595606,54146.605669722594,54.320338848741216
401,2026-01-08 00:19:00+00:00,45369.736867343214,54310.43232397499,54.48469115229515
402,2026-01-08 01:28:00+00:00,45247.75923255882,54432.40995875938,54.607060160869246
403,2026-01-08 01:28:00+00:00,45162.4898678661,54517.6793234521,54.69260311829447
404,2026-01-09 00:54:00+00:00,44976.542547364064,54703.626643954136,54.87914706380598
405,2026-01-09 02:00:00+00:00,44975.39906926917,54704.77012204903,54.880294210830485
406,2026-01-12 00:53:00+00:00,44788.178342144136,54891.990849174064,55.06811564877938
407,2026-01-14 00:28:00+00:00,44947.713396080464,54732.455795237736,54.90806871544189
408,2026-01-14 02:00:00+00:00,44893.854518936794,54786.314672381406,54.96210040256744
409,2026-01-14 06:00:00+00:00,44900.25550679876,54779.91368451944,54.95567887668732
410,2026-01-15 00:28:00+00:00,44718.6758323447,54961.4933589735,55.13784116225242
411,2026-01-20 00:30:00+00:00,44806.128819745165,54874.040371573035,55.05010757581296
412,2026-01-21 06:00:00+00:00,44591.277599924666,55088.891591393534,55.26564816082955
413,2026-01-21 06:00:00+00:00,44362.00765933559,55318.16153198261,55.49565373009081
414,2026-01-22 00:12:00+00:00,44259.12552170744,55421.04366961076,55.598865972267774
415,2026-01-23 00:35:00+00:00,44250.274534635464,55429.894656682736,55.60774535835207
416,2026-01-23 00:35:00+00:00,44273.29167339103,55406.87751792717,55.584654367493705
417,2026-01-23 02:00:00+00:00,44282.43029611528,55397.73889520292,55.57548642285799
418,2026-01-23 06:00:00+00:00,44252.40316855964,55427.76602275856,55.605609894556764
419,2026-01-30 00:39:00+00:00,44022.48603716856,55657.68315414964,55.836264731177074
420,2026-01-30 00:53:00+00:00,43894.00025218443,55786.16893913377,55.96516277180693
421,2026-02-02 00:18:00+00:00,43068.8116284796,56611.3575628386,56.79299907104216
422,2026-02-03 06:00:00+00:00,43039.69139991402,56640.47779140418,56.822212733901914
423,2026-02-03 06:00:00+00:00,42996.80021307196,56683.36897824624,56.86524154012287
424,2026-02-04 00:53:00+00:00,42895.36646029145,56784.80273102675,56.96700075020791
425,2026-02-05 00:39:00+00:00,42765.02769965339,56915.141491664814,57.097757711893934
426,2026-02-05 00:39:00+00:00,42638.11749224369,57042.05169907451,57.22507511959829
427,2026-02-06 00:16:00+00:00,42593.76653328359,57086.40265803461,57.269568381718436
428,2026-02-06 00:26:00+00:00,42529.00848688111,57151.16070443709,57.33453420885121
429,2026-02-09 00:20:00+00:00,42745.21916956833,56934.95002174987,57.11762979903601
430,2026-02-12 00:20:00+00:00,42593.601989206094,57086.567202112106,57.26973345374714
431,2026-02-13 00:16:00+00:00,42468.268352938234,57211.90083837997,57.395469231770655
432,2026-02-17 00:18:00+00:00,42214.56252968243,57465.60666163577,57.6499890879407
433,2026-02-17 00:37:00+00:00,42111.51800882162,57568.65118249658,57.7533642343683
434,2026-02-18 00:10:00+00:00,42027.26751894571,57652.90167237249,57.837885047845475
435,2026-02-19 00:31:00+00:00,41591.628714400445,58088.540476917755,58.27492163002576
436,2026-02-20 00:50:00+00:00,41653.19878279598,58026.97040852222,58.21315400975079
437,2026-02-23 00:21:00+00:00,41781.36209356957,57898.80709774863,58.08457947801258
438,2026-02-23 00:26:00+00:00,41596.288965827654,58083.880225490546,58.270246425855234
439,2026-02-23 00:57:00+00:00,41242.56459603606,58437.60459528214,58.62510574507718
440,2026-02-24 00:48:00+00:00,41133.73068984663,58546.43850147157,58.734288852481974
441,2026-02-25 00:25:00+00:00,41245.663131987516,58434.506059330684,58.62199726725598
442,2026-02-27 00:13:00+00:00,41247.3129440489,58432.8562472693,58.62034216165697
443,2026-02-27 00:47:00+00:00,41150.53884619347,58529.63034512473,58.71742676598753
